Zip Code,Main City,County,STATE,ASSIGNED TO
94501,Alameda,Alameda County,CA,Bay Area Office
94502,Alameda,Alameda County,CA,Bay Area Office
94536,Fremont,Alameda County,CA,Bay Area Office
94537,Fremont,Alameda County,CA,Bay Area Office
94538,Fremont,Alameda County,CA,Bay Area Office
94539,Fremont,Alameda County,CA,Bay Area Office
94540,Hayward,Alameda County,CA,Bay Area Office
94541,Hayward,Alameda County,CA,Bay Area Office
94542,Hayward,Alameda County,CA,Bay Area Office
94543,Hayward,Alameda County,CA,Bay Area Office
94544,Hayward,Alameda County,CA,Bay Area Office
94545,Hayward,Alameda County,CA,Bay Area Office
94546,Castro Valley,Alameda County,CA,Bay Area Office
94550,Livermore,Alameda County,CA,Bay Area Office
94551,Livermore,Alameda County,CA,Bay Area Office
94552,Castro Valley,Alameda County,CA,Bay Area Office
94555,Fremont,Alameda County,CA,Bay Area Office
94557,Hayward,Alameda County,CA,Bay Area Office
94560,Newark,Alameda County,CA,Bay Area Office
94566,Pleasanton,Alameda County,CA,Bay Area Office
94568,Dublin,Alameda County,CA,Bay Area Office
94577,San Leandro,Alameda County,CA,Bay Area Office
94578,San Leandro,Alameda County,CA,Bay Area Office
94579,San Leandro,Alameda County,CA,Bay Area Office
94580,San Lorenzo,Alameda County,CA,Bay Area Office
94586,Sunol,Alameda County,CA,Bay Area Office
94587,Union City,Alameda County,CA,Bay Area Office
94588,Pleasanton,Alameda County,CA,Bay Area Office
94601,Oakland,Alameda County,CA,Bay Area Office
94602,Oakland,Alameda County,CA,Bay Area Office
94603,Oakland,Alameda County,CA,Bay Area Office
94604,Oakland,Alameda County,CA,Bay Area Office
94605,Oakland,Alameda County,CA,Bay Area Office
94606,Oakland,Alameda County,CA,Bay Area Office
94607,Oakland,Alameda County,CA,Bay Area Office
94608,Emeryville,Alameda County,CA,Bay Area Office
94609,Oakland,Alameda County,CA,Bay Area Office
94610,Oakland,Alameda County,CA,Bay Area Office
94611,Oakland,Alameda County,CA,Bay Area Office
94612,Oakland,Alameda County,CA,Bay Area Office
94613,Oakland,Alameda County,CA,Bay Area Office
94614,Oakland,Alameda County,CA,Bay Area Office
94615,Oakland,Alameda County,CA,Bay Area Office
94617,Oakland,Alameda County,CA,Bay Area Office
94618,Oakland,Alameda County,CA,Bay Area Office
94619,Oakland,Alameda County,CA,Bay Area Office
94620,Piedmont,Alameda County,CA,Bay Area Office
94621,Oakland,Alameda County,CA,Bay Area Office
94622,Oakland,Alameda County,CA,Bay Area Office
94623,Oakland,Alameda County,CA,Bay Area Office
94624,Oakland,Alameda County,CA,Bay Area Office
94625,Oakland,Alameda County,CA,Bay Area Office
94649,Oakland,Alameda County,CA,Bay Area Office
94659,Oakland,Alameda County,CA,Bay Area Office
94660,Oakland,Alameda County,CA,Bay Area Office
94661,Oakland,Alameda County,CA,Bay Area Office
94662,Emeryville,Alameda County,CA,Bay Area Office
94666,Oakland,Alameda County,CA,Bay Area Office
94701,Berkeley,Alameda County,CA,Bay Area Office
94702,Berkeley,Alameda County,CA,Bay Area Office
94703,Berkeley,Alameda County,CA,Bay Area Office
94704,Berkeley,Alameda County,CA,Bay Area Office
94705,Berkeley,Alameda County,CA,Bay Area Office
94706,Albany,Alameda County,CA,Bay Area Office
94707,Berkeley,Alameda County,CA,Bay Area Office
94708,Berkeley,Alameda County,CA,Bay Area Office
94709,Berkeley,Alameda County,CA,Bay Area Office
94710,Berkeley,Alameda County,CA,Bay Area Office
94712,Berkeley,Alameda County,CA,Bay Area Office
94720,Berkeley,Alameda County,CA,Bay Area Office
95646,Kirkwood,Alpine County,CA,Sacramento Office
96120,Markleeville,Alpine County,CA,Sacramento Office
96156,South Lake Tahoe,Alpine County,CA,Sacramento Office
95601,Amador City,Amador County,CA,Sacramento Office
95629,Fiddletown,Amador County,CA,Sacramento Office
95640,Ione,Amador County,CA,Sacramento Office
95642,Jackson,Amador County,CA,Sacramento Office
95654,Martell,Amador County,CA,Sacramento Office
95665,Pine Grove,Amador County,CA,Sacramento Office
95666,Pioneer,Amador County,CA,Sacramento Office
95669,Plymouth,Amador County,CA,Sacramento Office
95675,River Pines,Amador County,CA,Sacramento Office
95685,Sutter Creek,Amador County,CA,Sacramento Office
95689,Volcano,Amador County,CA,Sacramento Office
95699,Drytown,Amador County,CA,Sacramento Office
95914,Bangor,Butte County,CA,Sacramento Office
95916,Berry Creek,Butte County,CA,Sacramento Office
95917,Biggs,Butte County,CA,Sacramento Office
95926,Chico,Butte County,CA,Sacramento Office
95927,Chico,Butte County,CA,Sacramento Office
95928,Chico,Butte County,CA,Sacramento Office
95929,Chico,Butte County,CA,Sacramento Office
95930,Clipper Mills,Butte County,CA,Sacramento Office
95938,Durham,Butte County,CA,Sacramento Office
95940,Feather Falls,Butte County,CA,Sacramento Office
95941,Forbestown,Butte County,CA,Sacramento Office
95942,Forest Ranch,Butte County,CA,Sacramento Office
95948,Gridley,Butte County,CA,Sacramento Office
95954,Magalia,Butte County,CA,Sacramento Office
95958,Nelson,Butte County,CA,Sacramento Office
95965,Oroville,Butte County,CA,Sacramento Office
95966,Oroville,Butte County,CA,Sacramento Office
95967,Paradise,Butte County,CA,Sacramento Office
95968,Palermo,Butte County,CA,Sacramento Office
95969,Paradise,Butte County,CA,Sacramento Office
95973,Chico,Butte County,CA,Sacramento Office
95974,Richvale,Butte County,CA,Sacramento Office
95976,Chico,Butte County,CA,Sacramento Office
95978,Stirling City,Butte County,CA,Sacramento Office
95221,Altaville,Calaveras County,CA,Sacramento Office
95222,Angels Camp,Calaveras County,CA,Sacramento Office
95223,Arnold,Calaveras County,CA,Sacramento Office
95224,Avery,Calaveras County,CA,Sacramento Office
95225,Burson,Calaveras County,CA,Sacramento Office
95226,Campo Seco,Calaveras County,CA,Sacramento Office
95228,Copperopolis,Calaveras County,CA,Sacramento Office
95229,Douglas Flat,Calaveras County,CA,Sacramento Office
95232,Glencoe,Calaveras County,CA,Sacramento Office
95233,Hathaway Pines,Calaveras County,CA,Sacramento Office
95245,Mokelumne Hill,Calaveras County,CA,Sacramento Office
95246,Mountain Ranch,Calaveras County,CA,Sacramento Office
95247,Murphys,Calaveras County,CA,Sacramento Office
95248,Rail Road Flat,Calaveras County,CA,Sacramento Office
95249,San Andreas,Calaveras County,CA,Sacramento Office
95250,San Andreas,Calaveras County,CA,Sacramento Office
95251,Vallecito,Calaveras County,CA,Sacramento Office
95252,Valley Springs,Calaveras County,CA,Sacramento Office
95254,Wallace,Calaveras County,CA,Sacramento Office
95255,West Point,Calaveras County,CA,Sacramento Office
95257,Wilseyville,Calaveras County,CA,Sacramento Office
95912,Arbuckle,Colusa County,CA,Sacramento Office
95932,Colusa,Colusa County,CA,Sacramento Office
95950,Grimes,Colusa County,CA,Sacramento Office
95955,Maxwell,Colusa County,CA,Sacramento Office
95970,Princeton,Colusa County,CA,Sacramento Office
95979,Stonyford,Colusa County,CA,Sacramento Office
95987,Williams,Colusa County,CA,Sacramento Office
94505,Discovery Bay,Contra Costa County,CA,Bay Area Office
94506,Danville,Contra Costa County,CA,Bay Area Office
94507,Alamo,Contra Costa County,CA,Bay Area Office
94509,Antioch,Contra Costa County,CA,Bay Area Office
94511,Bethel Island,Contra Costa County,CA,Bay Area Office
94513,Brentwood,Contra Costa County,CA,Bay Area Office
94514,Byron,Contra Costa County,CA,Bay Area Office
94516,Canyon,Contra Costa County,CA,Bay Area Office
94517,Clayton,Contra Costa County,CA,Bay Area Office
94518,Concord,Contra Costa County,CA,Bay Area Office
94519,Concord,Contra Costa County,CA,Bay Area Office
94520,Concord,Contra Costa County,CA,Bay Area Office
94521,Concord,Contra Costa County,CA,Bay Area Office
94522,Concord,Contra Costa County,CA,Bay Area Office
94523,Pleasant Hill,Contra Costa County,CA,Bay Area Office
94524,Concord,Contra Costa County,CA,Bay Area Office
94525,Crockett,Contra Costa County,CA,Bay Area Office
94526,Danville,Contra Costa County,CA,Bay Area Office
94527,Concord,Contra Costa County,CA,Bay Area Office
94528,Diablo,Contra Costa County,CA,Bay Area Office
94529,Concord,Contra Costa County,CA,Bay Area Office
94530,El Cerrito,Contra Costa County,CA,Bay Area Office
94531,Antioch,Contra Costa County,CA,Bay Area Office
94547,Hercules,Contra Costa County,CA,Bay Area Office
94548,Knightsen,Contra Costa County,CA,Bay Area Office
94549,Lafayette,Contra Costa County,CA,Bay Area Office
94553,Martinez,Contra Costa County,CA,Bay Area Office
94556,Moraga,Contra Costa County,CA,Bay Area Office
94561,Oakley,Contra Costa County,CA,Bay Area Office
94563,Orinda,Contra Costa County,CA,Bay Area Office
94564,Pinole,Contra Costa County,CA,Bay Area Office
94565,Pittsburg,Contra Costa County,CA,Bay Area Office
94569,Port Costa,Contra Costa County,CA,Bay Area Office
94570,Moraga,Contra Costa County,CA,Bay Area Office
94572,Rodeo,Contra Costa County,CA,Bay Area Office
94575,Moraga,Contra Costa County,CA,Bay Area Office
94582,San Ramon,Contra Costa County,CA,Bay Area Office
94583,San Ramon,Contra Costa County,CA,Bay Area Office
94595,Walnut Creek,Contra Costa County,CA,Bay Area Office
94596,Walnut Creek,Contra Costa County,CA,Bay Area Office
94597,Walnut Creek,Contra Costa County,CA,Bay Area Office
94598,Walnut Creek,Contra Costa County,CA,Bay Area Office
94801,Richmond,Contra Costa County,CA,Bay Area Office
94802,Richmond,Contra Costa County,CA,Bay Area Office
94803,El Sobrante,Contra Costa County,CA,Bay Area Office
94804,Richmond,Contra Costa County,CA,Bay Area Office
94805,Richmond,Contra Costa County,CA,Bay Area Office
94806,San Pablo,Contra Costa County,CA,Bay Area Office
94807,Richmond,Contra Costa County,CA,Bay Area Office
94808,Richmond,Contra Costa County,CA,Bay Area Office
94820,El Sobrante,Contra Costa County,CA,Bay Area Office
94850,Richmond,Contra Costa County,CA,Bay Area Office
95531,Crescent City,Del Norte County,CA,Sacramento Office
95532,Crescent City,Del Norte County,CA,Sacramento Office
95538,Fort Dick,Del Norte County,CA,Sacramento Office
95543,Gasquet,Del Norte County,CA,Sacramento Office
95548,Klamath,Del Norte County,CA,Sacramento Office
95567,Smith River,Del Norte County,CA,Sacramento Office
95613,Coloma,El Dorado County,CA,Sacramento Office
95614,Cool,El Dorado County,CA,Sacramento Office
95619,Diamond Springs,El Dorado County,CA,Sacramento Office
95623,El Dorado,El Dorado County,CA,Sacramento Office
95633,Garden Valley,El Dorado County,CA,Sacramento Office
95634,Georgetown,El Dorado County,CA,Sacramento Office
95635,Greenwood,El Dorado County,CA,Sacramento Office
95636,Grizzly Flats,El Dorado County,CA,Sacramento Office
95644,Kit Carson,El Dorado County,CA,Sacramento Office
95651,Lotus,El Dorado County,CA,Sacramento Office
95656,Mount Aukum,El Dorado County,CA,Sacramento Office
95664,Pilot Hill,El Dorado County,CA,Sacramento Office
95667,Placerville,El Dorado County,CA,Sacramento Office
95672,Rescue,El Dorado County,CA,Sacramento Office
95682,Shingle Springs,El Dorado County,CA,Sacramento Office
95684,Somerset,El Dorado County,CA,Sacramento Office
95709,Camino,El Dorado County,CA,Sacramento Office
95720,Kyburz,El Dorado County,CA,Sacramento Office
95721,Echo Lake,El Dorado County,CA,Sacramento Office
95726,Pollock Pines,El Dorado County,CA,Sacramento Office
95735,Twin Bridges,El Dorado County,CA,Sacramento Office
95762,El Dorado Hills,El Dorado County,CA,Sacramento Office
96142,Tahoma,El Dorado County,CA,Sacramento Office
96150,South Lake Tahoe,El Dorado County,CA,Sacramento Office
96151,South Lake Tahoe,El Dorado County,CA,Sacramento Office
96152,South Lake Tahoe,El Dorado County,CA,Sacramento Office
96154,South Lake Tahoe,El Dorado County,CA,Sacramento Office
96155,South Lake Tahoe,El Dorado County,CA,Sacramento Office
96157,South Lake Tahoe,El Dorado County,CA,Sacramento Office
96158,South Lake Tahoe,El Dorado County,CA,Sacramento Office
93210,Coalinga,Fresno County,CA,Sacramento Office
93234,Huron,Fresno County,CA,Sacramento Office
93242,Laton,Fresno County,CA,Sacramento Office
93602,Auberry,Fresno County,CA,Sacramento Office
93605,Big Creek,Fresno County,CA,Sacramento Office
93606,Biola,Fresno County,CA,Sacramento Office
93607,Burrel,Fresno County,CA,Sacramento Office
93608,Cantua Creek,Fresno County,CA,Sacramento Office
93609,Caruthers,Fresno County,CA,Sacramento Office
93611,Clovis,Fresno County,CA,Sacramento Office
93612,Clovis,Fresno County,CA,Sacramento Office
93613,Clovis,Fresno County,CA,Sacramento Office
93616,Del Rey,Fresno County,CA,Sacramento Office
93619,Clovis,Fresno County,CA,Sacramento Office
93621,Dunlap,Fresno County,CA,Sacramento Office
93622,Firebaugh,Fresno County,CA,Sacramento Office
93624,Five Points,Fresno County,CA,Sacramento Office
93625,Fowler,Fresno County,CA,Sacramento Office
93626,Friant,Fresno County,CA,Sacramento Office
93627,Helm,Fresno County,CA,Sacramento Office
93628,Hume,Fresno County,CA,Sacramento Office
93630,Kerman,Fresno County,CA,Sacramento Office
93631,Kingsburg,Fresno County,CA,Sacramento Office
93634,Lakeshore,Fresno County,CA,Sacramento Office
93640,Mendota,Fresno County,CA,Sacramento Office
93641,Miramonte,Fresno County,CA,Sacramento Office
93642,Mono Hot Springs,Fresno County,CA,Sacramento Office
93646,Orange Cove,Fresno County,CA,Sacramento Office
93648,Parlier,Fresno County,CA,Sacramento Office
93649,Piedra,Fresno County,CA,Sacramento Office
93650,Fresno,Fresno County,CA,Sacramento Office
93651,Prather,Fresno County,CA,Sacramento Office
93652,Raisin City,Fresno County,CA,Sacramento Office
93654,Reedley,Fresno County,CA,Sacramento Office
93656,Riverdale,Fresno County,CA,Sacramento Office
93657,Sanger,Fresno County,CA,Sacramento Office
93660,San Joaquin,Fresno County,CA,Sacramento Office
93662,Selma,Fresno County,CA,Sacramento Office
93664,Shaver Lake,Fresno County,CA,Sacramento Office
93667,Tollhouse,Fresno County,CA,Sacramento Office
93668,Tranquillity,Fresno County,CA,Sacramento Office
93675,Squaw Valley,Fresno County,CA,Sacramento Office
93701,Fresno,Fresno County,CA,Sacramento Office
93702,Fresno,Fresno County,CA,Sacramento Office
93703,Fresno,Fresno County,CA,Sacramento Office
93704,Fresno,Fresno County,CA,Sacramento Office
93705,Fresno,Fresno County,CA,Sacramento Office
93706,Fresno,Fresno County,CA,Sacramento Office
93707,Fresno,Fresno County,CA,Sacramento Office
93708,Fresno,Fresno County,CA,Sacramento Office
93709,Fresno,Fresno County,CA,Sacramento Office
93710,Fresno,Fresno County,CA,Sacramento Office
93711,Fresno,Fresno County,CA,Sacramento Office
93712,Fresno,Fresno County,CA,Sacramento Office
93714,Fresno,Fresno County,CA,Sacramento Office
93715,Fresno,Fresno County,CA,Sacramento Office
93716,Fresno,Fresno County,CA,Sacramento Office
93717,Fresno,Fresno County,CA,Sacramento Office
93718,Fresno,Fresno County,CA,Sacramento Office
93720,Fresno,Fresno County,CA,Sacramento Office
93721,Fresno,Fresno County,CA,Sacramento Office
93722,Fresno,Fresno County,CA,Sacramento Office
93723,Fresno,Fresno County,CA,Sacramento Office
93724,Fresno,Fresno County,CA,Sacramento Office
93725,Fresno,Fresno County,CA,Sacramento Office
93726,Fresno,Fresno County,CA,Sacramento Office
93727,Fresno,Fresno County,CA,Sacramento Office
93728,Fresno,Fresno County,CA,Sacramento Office
93729,Fresno,Fresno County,CA,Sacramento Office
93730,Fresno,Fresno County,CA,Sacramento Office
93737,Fresno,Fresno County,CA,Sacramento Office
93740,Fresno,Fresno County,CA,Sacramento Office
93741,Fresno,Fresno County,CA,Sacramento Office
93744,Fresno,Fresno County,CA,Sacramento Office
93745,Fresno,Fresno County,CA,Sacramento Office
93747,Fresno,Fresno County,CA,Sacramento Office
93750,Fresno,Fresno County,CA,Sacramento Office
93755,Fresno,Fresno County,CA,Sacramento Office
93760,Fresno,Fresno County,CA,Sacramento Office
93761,Fresno,Fresno County,CA,Sacramento Office
93764,Fresno,Fresno County,CA,Sacramento Office
93765,Fresno,Fresno County,CA,Sacramento Office
93771,Fresno,Fresno County,CA,Sacramento Office
93772,Fresno,Fresno County,CA,Sacramento Office
93773,Fresno,Fresno County,CA,Sacramento Office
93774,Fresno,Fresno County,CA,Sacramento Office
93775,Fresno,Fresno County,CA,Sacramento Office
93776,Fresno,Fresno County,CA,Sacramento Office
93777,Fresno,Fresno County,CA,Sacramento Office
93778,Fresno,Fresno County,CA,Sacramento Office
93779,Fresno,Fresno County,CA,Sacramento Office
93780,Fresno,Fresno County,CA,Sacramento Office
93784,Fresno,Fresno County,CA,Sacramento Office
93786,Fresno,Fresno County,CA,Sacramento Office
93790,Fresno,Fresno County,CA,Sacramento Office
93791,Fresno,Fresno County,CA,Sacramento Office
93792,Fresno,Fresno County,CA,Sacramento Office
93793,Fresno,Fresno County,CA,Sacramento Office
93794,Fresno,Fresno County,CA,Sacramento Office
93844,Fresno,Fresno County,CA,Sacramento Office
93888,Fresno,Fresno County,CA,Sacramento Office
95913,Artois,Glenn County,CA,Sacramento Office
95920,Butte City,Glenn County,CA,Sacramento Office
95939,Elk Creek,Glenn County,CA,Sacramento Office
95943,Glenn,Glenn County,CA,Sacramento Office
95951,Hamilton City,Glenn County,CA,Sacramento Office
95963,Orland,Glenn County,CA,Sacramento Office
95988,Willows,Glenn County,CA,Sacramento Office
95501,Eureka,Humboldt County,CA,Sacramento Office
95502,Eureka,Humboldt County,CA,Sacramento Office
95503,Eureka,Humboldt County,CA,Sacramento Office
95511,Alderpoint,Humboldt County,CA,Sacramento Office
95514,Blocksburg,Humboldt County,CA,Sacramento Office
95518,Arcata,Humboldt County,CA,Sacramento Office
95519,Mckinleyville,Humboldt County,CA,Sacramento Office
95521,Arcata,Humboldt County,CA,Sacramento Office
95524,Bayside,Humboldt County,CA,Sacramento Office
95525,Blue Lake,Humboldt County,CA,Sacramento Office
95526,Bridgeville,Humboldt County,CA,Sacramento Office
95528,Carlotta,Humboldt County,CA,Sacramento Office
95534,Cutten,Humboldt County,CA,Sacramento Office
95536,Ferndale,Humboldt County,CA,Sacramento Office
95537,Fields Landing,Humboldt County,CA,Sacramento Office
95540,Fortuna,Humboldt County,CA,Sacramento Office
95542,Garberville,Humboldt County,CA,Sacramento Office
95545,Honeydew,Humboldt County,CA,Sacramento Office
95546,Hoopa,Humboldt County,CA,Sacramento Office
95547,Hydesville,Humboldt County,CA,Sacramento Office
95549,Kneeland,Humboldt County,CA,Sacramento Office
95550,Korbel,Humboldt County,CA,Sacramento Office
95551,Loleta,Humboldt County,CA,Sacramento Office
95553,Miranda,Humboldt County,CA,Sacramento Office
95554,Myers Flat,Humboldt County,CA,Sacramento Office
95555,Orick,Humboldt County,CA,Sacramento Office
95556,Orleans,Humboldt County,CA,Sacramento Office
95558,Petrolia,Humboldt County,CA,Sacramento Office
95559,Phillipsville,Humboldt County,CA,Sacramento Office
95560,Redway,Humboldt County,CA,Sacramento Office
95562,Rio Dell,Humboldt County,CA,Sacramento Office
95564,Samoa,Humboldt County,CA,Sacramento Office
95565,Scotia,Humboldt County,CA,Sacramento Office
95569,Redcrest,Humboldt County,CA,Sacramento Office
95570,Trinidad,Humboldt County,CA,Sacramento Office
95571,Weott,Humboldt County,CA,Sacramento Office
95573,Willow Creek,Humboldt County,CA,Sacramento Office
95589,Whitethorn,Humboldt County,CA,Sacramento Office
92222,Bard,Imperial County,CA,San Diego Office
92227,Brawley,Imperial County,CA,San Diego Office
92231,Calexico,Imperial County,CA,San Diego Office
92232,Calexico,Imperial County,CA,San Diego Office
92233,Calipatria,Imperial County,CA,San Diego Office
92243,El Centro,Imperial County,CA,San Diego Office
92244,El Centro,Imperial County,CA,San Diego Office
92249,Heber,Imperial County,CA,San Diego Office
92250,Holtville,Imperial County,CA,San Diego Office
92251,Imperial,Imperial County,CA,San Diego Office
92257,Niland,Imperial County,CA,San Diego Office
92259,Ocotillo,Imperial County,CA,San Diego Office
92266,Palo Verde,Imperial County,CA,San Diego Office
92273,Seeley,Imperial County,CA,San Diego Office
92275,Salton City,Imperial County,CA,San Diego Office
92281,Westmorland,Imperial County,CA,San Diego Office
92283,Winterhaven,Imperial County,CA,San Diego Office
92328,Death Valley,Inyo County,CA,Sacramento Office
92384,Shoshone,Inyo County,CA,Sacramento Office
92389,Tecopa,Inyo County,CA,Sacramento Office
93513,Big Pine,Inyo County,CA,Sacramento Office
93514,Bishop,Inyo County,CA,Sacramento Office
93515,Bishop,Inyo County,CA,Sacramento Office
93522,Darwin,Inyo County,CA,Sacramento Office
93526,Independence,Inyo County,CA,Sacramento Office
93530,Keeler,Inyo County,CA,Sacramento Office
93542,Little Lake,Inyo County,CA,Sacramento Office
93545,Lone Pine,Inyo County,CA,Sacramento Office
93549,Olancha,Inyo County,CA,Sacramento Office
93592,Trona,Inyo County,CA,Sacramento Office
93203,Arvin,Kern County,CA,Los Angeles Office
93205,Bodfish,Kern County,CA,Los Angeles Office
93206,Buttonwillow,Kern County,CA,Los Angeles Office
93215,Delano,Kern County,CA,Los Angeles Office
93216,Delano,Kern County,CA,Los Angeles Office
93220,Edison,Kern County,CA,Los Angeles Office
93222,Pine Mountain Club,Kern County,CA,Los Angeles Office
93224,Fellows,Kern County,CA,Los Angeles Office
93225,Frazier Park,Kern County,CA,Los Angeles Office
93226,Glennville,Kern County,CA,Los Angeles Office
93238,Kernville,Kern County,CA,Los Angeles Office
93240,Lake Isabella,Kern County,CA,Los Angeles Office
93241,Lamont,Kern County,CA,Los Angeles Office
93243,Lebec,Kern County,CA,Los Angeles Office
93249,Lost Hills,Kern County,CA,Los Angeles Office
93250,Mc Farland,Kern County,CA,Los Angeles Office
93251,Mc Kittrick,Kern County,CA,Los Angeles Office
93252,Maricopa,Kern County,CA,Los Angeles Office
93255,Onyx,Kern County,CA,Los Angeles Office
93263,Shafter,Kern County,CA,Los Angeles Office
93268,Taft,Kern County,CA,Los Angeles Office
93276,Tupman,Kern County,CA,Los Angeles Office
93280,Wasco,Kern County,CA,Los Angeles Office
93283,Weldon,Kern County,CA,Los Angeles Office
93285,Wofford Heights,Kern County,CA,Los Angeles Office
93287,Woody,Kern County,CA,Los Angeles Office
93301,Bakersfield,Kern County,CA,Los Angeles Office
93302,Bakersfield,Kern County,CA,Los Angeles Office
93303,Bakersfield,Kern County,CA,Los Angeles Office
93304,Bakersfield,Kern County,CA,Los Angeles Office
93305,Bakersfield,Kern County,CA,Los Angeles Office
93306,Bakersfield,Kern County,CA,Los Angeles Office
93307,Bakersfield,Kern County,CA,Los Angeles Office
93308,Bakersfield,Kern County,CA,Los Angeles Office
93309,Bakersfield,Kern County,CA,Los Angeles Office
93311,Bakersfield,Kern County,CA,Los Angeles Office
93312,Bakersfield,Kern County,CA,Los Angeles Office
93313,Bakersfield,Kern County,CA,Los Angeles Office
93314,Bakersfield,Kern County,CA,Los Angeles Office
93380,Bakersfield,Kern County,CA,Los Angeles Office
93381,Bakersfield,Kern County,CA,Los Angeles Office
93382,Bakersfield,Kern County,CA,Los Angeles Office
93383,Bakersfield,Kern County,CA,Los Angeles Office
93384,Bakersfield,Kern County,CA,Los Angeles Office
93385,Bakersfield,Kern County,CA,Los Angeles Office
93386,Bakersfield,Kern County,CA,Los Angeles Office
93387,Bakersfield,Kern County,CA,Los Angeles Office
93388,Bakersfield,Kern County,CA,Los Angeles Office
93389,Bakersfield,Kern County,CA,Los Angeles Office
93390,Bakersfield,Kern County,CA,Los Angeles Office
93501,Mojave,Kern County,CA,Los Angeles Office
93502,Mojave,Kern County,CA,Los Angeles Office
93504,California City,Kern County,CA,Los Angeles Office
93505,California City,Kern County,CA,Los Angeles Office
93516,Boron,Kern County,CA,Los Angeles Office
93518,Caliente,Kern County,CA,Los Angeles Office
93519,Cantil,Kern County,CA,Los Angeles Office
93523,Edwards,Kern County,CA,Los Angeles Office
93524,Edwards,Kern County,CA,Los Angeles Office
93527,Inyokern,Kern County,CA,Los Angeles Office
93528,Johannesburg,Kern County,CA,Los Angeles Office
93531,Keene,Kern County,CA,Los Angeles Office
93554,Randsburg,Kern County,CA,Los Angeles Office
93555,Ridgecrest,Kern County,CA,Los Angeles Office
93556,Ridgecrest,Kern County,CA,Los Angeles Office
93560,Rosamond,Kern County,CA,Los Angeles Office
93561,Tehachapi,Kern County,CA,Los Angeles Office
93581,Tehachapi,Kern County,CA,Los Angeles Office
93596,Boron,Kern County,CA,Los Angeles Office
93202,Armona,Kings County,CA,Sacramento Office
93204,Avenal,Kings County,CA,Sacramento Office
93212,Corcoran,Kings County,CA,Sacramento Office
93230,Hanford,Kings County,CA,Sacramento Office
93232,Hanford,Kings County,CA,Sacramento Office
93239,Kettleman City,Kings County,CA,Sacramento Office
93245,Lemoore,Kings County,CA,Sacramento Office
93246,Lemoore,Kings County,CA,Sacramento Office
93266,Stratford,Kings County,CA,Sacramento Office
95422,Clearlake,Lake County,CA,Sacramento Office
95423,Clearlake Oaks,Lake County,CA,Sacramento Office
95424,Clearlake Park,Lake County,CA,Sacramento Office
95426,Cobb,Lake County,CA,Sacramento Office
95435,Finley,Lake County,CA,Sacramento Office
95443,Glenhaven,Lake County,CA,Sacramento Office
95451,Kelseyville,Lake County,CA,Sacramento Office
95453,Lakeport,Lake County,CA,Sacramento Office
95457,Lower Lake,Lake County,CA,Sacramento Office
95458,Lucerne,Lake County,CA,Sacramento Office
95461,Middletown,Lake County,CA,Sacramento Office
95464,Nice,Lake County,CA,Sacramento Office
95467,Hidden Valley Lake,Lake County,CA,Sacramento Office
95485,Upper Lake,Lake County,CA,Sacramento Office
95493,Witter Springs,Lake County,CA,Sacramento Office
96009,Bieber,Lassen County,CA,Sacramento Office
96068,Nubieber,Lassen County,CA,Sacramento Office
96109,Doyle,Lassen County,CA,Sacramento Office
96113,Herlong,Lassen County,CA,Sacramento Office
96114,Janesville,Lassen County,CA,Sacramento Office
96117,Litchfield,Lassen County,CA,Sacramento Office
96119,Madeline,Lassen County,CA,Sacramento Office
96121,Milford,Lassen County,CA,Sacramento Office
96123,Ravendale,Lassen County,CA,Sacramento Office
96127,Susanville,Lassen County,CA,Sacramento Office
96128,Standish,Lassen County,CA,Sacramento Office
96130,Susanville,Lassen County,CA,Sacramento Office
96132,Termo,Lassen County,CA,Sacramento Office
96136,Wendel,Lassen County,CA,Sacramento Office
96137,Westwood,Lassen County,CA,Sacramento Office
90001,Los Angeles,Los Angeles County,CA,Los Angeles Office
90002,Los Angeles,Los Angeles County,CA,Los Angeles Office
90003,Los Angeles,Los Angeles County,CA,Los Angeles Office
90004,Los Angeles,Los Angeles County,CA,Los Angeles Office
90005,Los Angeles,Los Angeles County,CA,Los Angeles Office
90006,Los Angeles,Los Angeles County,CA,Los Angeles Office
90007,Los Angeles,Los Angeles County,CA,Los Angeles Office
90008,Los Angeles,Los Angeles County,CA,Los Angeles Office
90009,Los Angeles,Los Angeles County,CA,Los Angeles Office
90010,Los Angeles,Los Angeles County,CA,Los Angeles Office
90011,Los Angeles,Los Angeles County,CA,Los Angeles Office
90012,Los Angeles,Los Angeles County,CA,Los Angeles Office
90013,Los Angeles,Los Angeles County,CA,Los Angeles Office
90014,Los Angeles,Los Angeles County,CA,Los Angeles Office
90015,Los Angeles,Los Angeles County,CA,Los Angeles Office
90016,Los Angeles,Los Angeles County,CA,Los Angeles Office
90017,Los Angeles,Los Angeles County,CA,Los Angeles Office
90018,Los Angeles,Los Angeles County,CA,Los Angeles Office
90019,Los Angeles,Los Angeles County,CA,Los Angeles Office
90020,Los Angeles,Los Angeles County,CA,Los Angeles Office
90021,Los Angeles,Los Angeles County,CA,Los Angeles Office
90022,Los Angeles,Los Angeles County,CA,Los Angeles Office
90023,Los Angeles,Los Angeles County,CA,Los Angeles Office
90024,Los Angeles,Los Angeles County,CA,Los Angeles Office
90025,Los Angeles,Los Angeles County,CA,Los Angeles Office
90026,Los Angeles,Los Angeles County,CA,Los Angeles Office
90027,Los Angeles,Los Angeles County,CA,Los Angeles Office
90028,Los Angeles,Los Angeles County,CA,Los Angeles Office
90029,Los Angeles,Los Angeles County,CA,Los Angeles Office
90030,Los Angeles,Los Angeles County,CA,Los Angeles Office
90031,Los Angeles,Los Angeles County,CA,Los Angeles Office
90032,Los Angeles,Los Angeles County,CA,Los Angeles Office
90033,Los Angeles,Los Angeles County,CA,Los Angeles Office
90034,Los Angeles,Los Angeles County,CA,Los Angeles Office
90035,Los Angeles,Los Angeles County,CA,Los Angeles Office
90036,Los Angeles,Los Angeles County,CA,Los Angeles Office
90037,Los Angeles,Los Angeles County,CA,Los Angeles Office
90038,Los Angeles,Los Angeles County,CA,Los Angeles Office
90039,Los Angeles,Los Angeles County,CA,Los Angeles Office
90040,Los Angeles,Los Angeles County,CA,Los Angeles Office
90041,Los Angeles,Los Angeles County,CA,Los Angeles Office
90042,Los Angeles,Los Angeles County,CA,Los Angeles Office
90043,Los Angeles,Los Angeles County,CA,Los Angeles Office
90044,Los Angeles,Los Angeles County,CA,Los Angeles Office
90045,Los Angeles,Los Angeles County,CA,Los Angeles Office
90046,Los Angeles,Los Angeles County,CA,Los Angeles Office
90047,Los Angeles,Los Angeles County,CA,Los Angeles Office
90048,Los Angeles,Los Angeles County,CA,Los Angeles Office
90049,Los Angeles,Los Angeles County,CA,Los Angeles Office
90050,Los Angeles,Los Angeles County,CA,Los Angeles Office
90051,Los Angeles,Los Angeles County,CA,Los Angeles Office
90052,Los Angeles,Los Angeles County,CA,Los Angeles Office
90053,Los Angeles,Los Angeles County,CA,Los Angeles Office
90054,Los Angeles,Los Angeles County,CA,Los Angeles Office
90055,Los Angeles,Los Angeles County,CA,Los Angeles Office
90056,Los Angeles,Los Angeles County,CA,Los Angeles Office
90057,Los Angeles,Los Angeles County,CA,Los Angeles Office
90058,Los Angeles,Los Angeles County,CA,Los Angeles Office
90059,Los Angeles,Los Angeles County,CA,Los Angeles Office
90060,Los Angeles,Los Angeles County,CA,Los Angeles Office
90061,Los Angeles,Los Angeles County,CA,Los Angeles Office
90062,Los Angeles,Los Angeles County,CA,Los Angeles Office
90063,Los Angeles,Los Angeles County,CA,Los Angeles Office
90064,Los Angeles,Los Angeles County,CA,Los Angeles Office
90065,Los Angeles,Los Angeles County,CA,Los Angeles Office
90066,Los Angeles,Los Angeles County,CA,Los Angeles Office
90067,Los Angeles,Los Angeles County,CA,Los Angeles Office
90068,Los Angeles,Los Angeles County,CA,Los Angeles Office
90069,West Hollywood,Los Angeles County,CA,Los Angeles Office
90070,Los Angeles,Los Angeles County,CA,Los Angeles Office
90071,Los Angeles,Los Angeles County,CA,Los Angeles Office
90072,Los Angeles,Los Angeles County,CA,Los Angeles Office
90073,Los Angeles,Los Angeles County,CA,Los Angeles Office
90074,Los Angeles,Los Angeles County,CA,Los Angeles Office
90075,Los Angeles,Los Angeles County,CA,Los Angeles Office
90076,Los Angeles,Los Angeles County,CA,Los Angeles Office
90077,Los Angeles,Los Angeles County,CA,Los Angeles Office
90078,Los Angeles,Los Angeles County,CA,Los Angeles Office
90079,Los Angeles,Los Angeles County,CA,Los Angeles Office
90080,Los Angeles,Los Angeles County,CA,Los Angeles Office
90081,Los Angeles,Los Angeles County,CA,Los Angeles Office
90082,Los Angeles,Los Angeles County,CA,Los Angeles Office
90083,Los Angeles,Los Angeles County,CA,Los Angeles Office
90084,Los Angeles,Los Angeles County,CA,Los Angeles Office
90086,Los Angeles,Los Angeles County,CA,Los Angeles Office
90087,Los Angeles,Los Angeles County,CA,Los Angeles Office
90088,Los Angeles,Los Angeles County,CA,Los Angeles Office
90089,Los Angeles,Los Angeles County,CA,Los Angeles Office
90090,Dodgertown,Los Angeles County,CA,Los Angeles Office
90091,Los Angeles,Los Angeles County,CA,Los Angeles Office
90093,Los Angeles,Los Angeles County,CA,Los Angeles Office
90094,Playa Vista,Los Angeles County,CA,Los Angeles Office
90095,Los Angeles,Los Angeles County,CA,Los Angeles Office
90096,Los Angeles,Los Angeles County,CA,Los Angeles Office
90099,Los Angeles,Los Angeles County,CA,Los Angeles Office
90101,Los Angeles,Los Angeles County,CA,Los Angeles Office
90102,Los Angeles,Los Angeles County,CA,Los Angeles Office
90103,Los Angeles,Los Angeles County,CA,Los Angeles Office
90134,Los Angeles,Los Angeles County,CA,Los Angeles Office
90189,Los Angeles,Los Angeles County,CA,Los Angeles Office
90201,Bell Gardens,Los Angeles County,CA,Los Angeles Office
90202,Bell,Los Angeles County,CA,Los Angeles Office
90209,Beverly Hills,Los Angeles County,CA,Los Angeles Office
90210,Beverly Hills,Los Angeles County,CA,Los Angeles Office
90211,Beverly Hills,Los Angeles County,CA,Los Angeles Office
90212,Beverly Hills,Los Angeles County,CA,Los Angeles Office
90213,Beverly Hills,Los Angeles County,CA,Los Angeles Office
90220,Compton,Los Angeles County,CA,Los Angeles Office
90221,Compton,Los Angeles County,CA,Los Angeles Office
90222,Compton,Los Angeles County,CA,Los Angeles Office
90223,Compton,Los Angeles County,CA,Los Angeles Office
90224,Compton,Los Angeles County,CA,Los Angeles Office
90230,Culver City,Los Angeles County,CA,Los Angeles Office
90231,Culver City,Los Angeles County,CA,Los Angeles Office
90232,Culver City,Los Angeles County,CA,Los Angeles Office
90233,Culver City,Los Angeles County,CA,Los Angeles Office
90239,Downey,Los Angeles County,CA,Los Angeles Office
90240,Downey,Los Angeles County,CA,Los Angeles Office
90241,Downey,Los Angeles County,CA,Los Angeles Office
90242,Downey,Los Angeles County,CA,Los Angeles Office
90245,El Segundo,Los Angeles County,CA,Los Angeles Office
90247,Gardena,Los Angeles County,CA,Los Angeles Office
90248,Gardena,Los Angeles County,CA,Los Angeles Office
90249,Gardena,Los Angeles County,CA,Los Angeles Office
90250,Hawthorne,Los Angeles County,CA,Los Angeles Office
90251,Hawthorne,Los Angeles County,CA,Los Angeles Office
90254,Hermosa Beach,Los Angeles County,CA,Los Angeles Office
90255,Huntington Park,Los Angeles County,CA,Los Angeles Office
90260,Lawndale,Los Angeles County,CA,Los Angeles Office
90261,Lawndale,Los Angeles County,CA,Los Angeles Office
90262,Lynwood,Los Angeles County,CA,Los Angeles Office
90263,Malibu,Los Angeles County,CA,Los Angeles Office
90264,Malibu,Los Angeles County,CA,Los Angeles Office
90265,Malibu,Los Angeles County,CA,Los Angeles Office
90266,Manhattan Beach,Los Angeles County,CA,Los Angeles Office
90267,Manhattan Beach,Los Angeles County,CA,Los Angeles Office
90270,Maywood,Los Angeles County,CA,Los Angeles Office
90272,Pacific Palisades,Los Angeles County,CA,Los Angeles Office
90274,Palos Verdes Peninsula,Los Angeles County,CA,Los Angeles Office
90275,Rancho Palos Verdes,Los Angeles County,CA,Los Angeles Office
90277,Redondo Beach,Los Angeles County,CA,Los Angeles Office
90278,Redondo Beach,Los Angeles County,CA,Los Angeles Office
90280,South Gate,Los Angeles County,CA,Los Angeles Office
90290,Topanga,Los Angeles County,CA,Los Angeles Office
90291,Venice,Los Angeles County,CA,Los Angeles Office
90292,Marina Del Rey,Los Angeles County,CA,Los Angeles Office
90293,Playa Del Rey,Los Angeles County,CA,Los Angeles Office
90294,Venice,Los Angeles County,CA,Los Angeles Office
90295,Marina Del Rey,Los Angeles County,CA,Los Angeles Office
90296,Playa Del Rey,Los Angeles County,CA,Los Angeles Office
90301,Inglewood,Los Angeles County,CA,Los Angeles Office
90302,Inglewood,Los Angeles County,CA,Los Angeles Office
90303,Inglewood,Los Angeles County,CA,Los Angeles Office
90304,Inglewood,Los Angeles County,CA,Los Angeles Office
90305,Inglewood,Los Angeles County,CA,Los Angeles Office
90306,Inglewood,Los Angeles County,CA,Los Angeles Office
90307,Inglewood,Los Angeles County,CA,Los Angeles Office
90308,Inglewood,Los Angeles County,CA,Los Angeles Office
90309,Inglewood,Los Angeles County,CA,Los Angeles Office
90310,Inglewood,Los Angeles County,CA,Los Angeles Office
90311,Inglewood,Los Angeles County,CA,Los Angeles Office
90312,Inglewood,Los Angeles County,CA,Los Angeles Office
90313,Inglewood,Los Angeles County,CA,Los Angeles Office
90397,Inglewood,Los Angeles County,CA,Los Angeles Office
90398,Inglewood,Los Angeles County,CA,Los Angeles Office
90401,Santa Monica,Los Angeles County,CA,Los Angeles Office
90402,Santa Monica,Los Angeles County,CA,Los Angeles Office
90403,Santa Monica,Los Angeles County,CA,Los Angeles Office
90404,Santa Monica,Los Angeles County,CA,Los Angeles Office
90405,Santa Monica,Los Angeles County,CA,Los Angeles Office
90406,Santa Monica,Los Angeles County,CA,Los Angeles Office
90407,Santa Monica,Los Angeles County,CA,Los Angeles Office
90408,Santa Monica,Los Angeles County,CA,Los Angeles Office
90409,Santa Monica,Los Angeles County,CA,Los Angeles Office
90410,Santa Monica,Los Angeles County,CA,Los Angeles Office
90411,Santa Monica,Los Angeles County,CA,Los Angeles Office
90501,Torrance,Los Angeles County,CA,Los Angeles Office
90502,Torrance,Los Angeles County,CA,Los Angeles Office
90503,Torrance,Los Angeles County,CA,Los Angeles Office
90504,Torrance,Los Angeles County,CA,Los Angeles Office
90505,Torrance,Los Angeles County,CA,Los Angeles Office
90506,Torrance,Los Angeles County,CA,Los Angeles Office
90507,Torrance,Los Angeles County,CA,Los Angeles Office
90508,Torrance,Los Angeles County,CA,Los Angeles Office
90509,Torrance,Los Angeles County,CA,Los Angeles Office
90510,Torrance,Los Angeles County,CA,Los Angeles Office
90601,Whittier,Los Angeles County,CA,Los Angeles Office
90602,Whittier,Los Angeles County,CA,Los Angeles Office
90603,Whittier,Los Angeles County,CA,Los Angeles Office
90604,Whittier,Los Angeles County,CA,Los Angeles Office
90605,Whittier,Los Angeles County,CA,Los Angeles Office
90606,Whittier,Los Angeles County,CA,Los Angeles Office
90607,Whittier,Los Angeles County,CA,Los Angeles Office
90608,Whittier,Los Angeles County,CA,Los Angeles Office
90609,Whittier,Los Angeles County,CA,Los Angeles Office
90610,Whittier,Los Angeles County,CA,Los Angeles Office
90612,Whittier,Los Angeles County,CA,Los Angeles Office
90637,La Mirada,Los Angeles County,CA,Los Angeles Office
90638,La Mirada,Los Angeles County,CA,Los Angeles Office
90639,La Mirada,Los Angeles County,CA,Los Angeles Office
90640,Montebello,Los Angeles County,CA,Los Angeles Office
90650,Norwalk,Los Angeles County,CA,Los Angeles Office
90651,Norwalk,Los Angeles County,CA,Los Angeles Office
90652,Norwalk,Los Angeles County,CA,Los Angeles Office
90659,Norwalk,Los Angeles County,CA,Los Angeles Office
90660,Pico Rivera,Los Angeles County,CA,Los Angeles Office
90661,Pico Rivera,Los Angeles County,CA,Los Angeles Office
90662,Pico Rivera,Los Angeles County,CA,Los Angeles Office
90670,Santa Fe Springs,Los Angeles County,CA,Los Angeles Office
90671,Santa Fe Springs,Los Angeles County,CA,Los Angeles Office
90701,Artesia,Los Angeles County,CA,Los Angeles Office
90702,Artesia,Los Angeles County,CA,Los Angeles Office
90703,Cerritos,Los Angeles County,CA,Los Angeles Office
90704,Avalon,Los Angeles County,CA,Los Angeles Office
90706,Bellflower,Los Angeles County,CA,Los Angeles Office
90707,Bellflower,Los Angeles County,CA,Los Angeles Office
90710,Harbor City,Los Angeles County,CA,Los Angeles Office
90711,Lakewood,Los Angeles County,CA,Los Angeles Office
90712,Lakewood,Los Angeles County,CA,Los Angeles Office
90713,Lakewood,Los Angeles County,CA,Los Angeles Office
90714,Lakewood,Los Angeles County,CA,Los Angeles Office
90715,Lakewood,Los Angeles County,CA,Los Angeles Office
90716,Hawaiian Gardens,Los Angeles County,CA,Los Angeles Office
90717,Lomita,Los Angeles County,CA,Los Angeles Office
90723,Paramount,Los Angeles County,CA,Los Angeles Office
90731,San Pedro,Los Angeles County,CA,Los Angeles Office
90732,San Pedro,Los Angeles County,CA,Los Angeles Office
90733,San Pedro,Los Angeles County,CA,Los Angeles Office
90734,San Pedro,Los Angeles County,CA,Los Angeles Office
90744,Wilmington,Los Angeles County,CA,Los Angeles Office
90745,Carson,Los Angeles County,CA,Los Angeles Office
90746,Carson,Los Angeles County,CA,Los Angeles Office
90747,Carson,Los Angeles County,CA,Los Angeles Office
90748,Wilmington,Los Angeles County,CA,Los Angeles Office
90749,Carson,Los Angeles County,CA,Los Angeles Office
90755,Signal Hill,Los Angeles County,CA,Los Angeles Office
90801,Long Beach,Los Angeles County,CA,Los Angeles Office
90802,Long Beach,Los Angeles County,CA,Los Angeles Office
90803,Long Beach,Los Angeles County,CA,Los Angeles Office
90804,Long Beach,Los Angeles County,CA,Los Angeles Office
90805,Long Beach,Los Angeles County,CA,Los Angeles Office
90806,Long Beach,Los Angeles County,CA,Los Angeles Office
90807,Long Beach,Los Angeles County,CA,Los Angeles Office
90808,Long Beach,Los Angeles County,CA,Los Angeles Office
90809,Long Beach,Los Angeles County,CA,Los Angeles Office
90810,Long Beach,Los Angeles County,CA,Los Angeles Office
90813,Long Beach,Los Angeles County,CA,Los Angeles Office
90814,Long Beach,Los Angeles County,CA,Los Angeles Office
90815,Long Beach,Los Angeles County,CA,Los Angeles Office
90822,Long Beach,Los Angeles County,CA,Los Angeles Office
90831,Long Beach,Los Angeles County,CA,Los Angeles Office
90832,Long Beach,Los Angeles County,CA,Los Angeles Office
90833,Long Beach,Los Angeles County,CA,Los Angeles Office
90834,Long Beach,Los Angeles County,CA,Los Angeles Office
90835,Long Beach,Los Angeles County,CA,Los Angeles Office
90840,Long Beach,Los Angeles County,CA,Los Angeles Office
90842,Long Beach,Los Angeles County,CA,Los Angeles Office
90844,Long Beach,Los Angeles County,CA,Los Angeles Office
90845,Long Beach,Los Angeles County,CA,Los Angeles Office
90846,Long Beach,Los Angeles County,CA,Los Angeles Office
90847,Long Beach,Los Angeles County,CA,Los Angeles Office
90848,Long Beach,Los Angeles County,CA,Los Angeles Office
90853,Long Beach,Los Angeles County,CA,Los Angeles Office
90888,Long Beach,Los Angeles County,CA,Los Angeles Office
90895,Carson,Los Angeles County,CA,Los Angeles Office
90899,Long Beach,Los Angeles County,CA,Los Angeles Office
91001,Altadena,Los Angeles County,CA,Los Angeles Office
91003,Altadena,Los Angeles County,CA,Los Angeles Office
91006,Arcadia,Los Angeles County,CA,Los Angeles Office
91007,Arcadia,Los Angeles County,CA,Los Angeles Office
91008,Duarte,Los Angeles County,CA,Los Angeles Office
91009,Duarte,Los Angeles County,CA,Los Angeles Office
91010,Duarte,Los Angeles County,CA,Los Angeles Office
91011,La Canada Flintridge,Los Angeles County,CA,Los Angeles Office
91012,La Canada Flintridge,Los Angeles County,CA,Los Angeles Office
91016,Monrovia,Los Angeles County,CA,Los Angeles Office
91017,Monrovia,Los Angeles County,CA,Los Angeles Office
91020,Montrose,Los Angeles County,CA,Los Angeles Office
91021,Montrose,Los Angeles County,CA,Los Angeles Office
91023,Mount Wilson,Los Angeles County,CA,Los Angeles Office
91024,Sierra Madre,Los Angeles County,CA,Los Angeles Office
91025,Sierra Madre,Los Angeles County,CA,Los Angeles Office
91030,South Pasadena,Los Angeles County,CA,Los Angeles Office
91031,South Pasadena,Los Angeles County,CA,Los Angeles Office
91040,Sunland,Los Angeles County,CA,Los Angeles Office
91041,Sunland,Los Angeles County,CA,Los Angeles Office
91042,Tujunga,Los Angeles County,CA,Los Angeles Office
91043,Tujunga,Los Angeles County,CA,Los Angeles Office
91046,Verdugo City,Los Angeles County,CA,Los Angeles Office
91066,Arcadia,Los Angeles County,CA,Los Angeles Office
91077,Arcadia,Los Angeles County,CA,Los Angeles Office
91101,Pasadena,Los Angeles County,CA,Los Angeles Office
91102,Pasadena,Los Angeles County,CA,Los Angeles Office
91103,Pasadena,Los Angeles County,CA,Los Angeles Office
91104,Pasadena,Los Angeles County,CA,Los Angeles Office
91105,Pasadena,Los Angeles County,CA,Los Angeles Office
91106,Pasadena,Los Angeles County,CA,Los Angeles Office
91107,Pasadena,Los Angeles County,CA,Los Angeles Office
91108,San Marino,Los Angeles County,CA,Los Angeles Office
91109,Pasadena,Los Angeles County,CA,Los Angeles Office
91110,Pasadena,Los Angeles County,CA,Los Angeles Office
91114,Pasadena,Los Angeles County,CA,Los Angeles Office
91115,Pasadena,Los Angeles County,CA,Los Angeles Office
91116,Pasadena,Los Angeles County,CA,Los Angeles Office
91117,Pasadena,Los Angeles County,CA,Los Angeles Office
91118,San Marino,Los Angeles County,CA,Los Angeles Office
91121,Pasadena,Los Angeles County,CA,Los Angeles Office
91123,Pasadena,Los Angeles County,CA,Los Angeles Office
91124,Pasadena,Los Angeles County,CA,Los Angeles Office
91125,Pasadena,Los Angeles County,CA,Los Angeles Office
91126,Pasadena,Los Angeles County,CA,Los Angeles Office
91129,Pasadena,Los Angeles County,CA,Los Angeles Office
91131,Pasadena,Los Angeles County,CA,Los Angeles Office
91182,Pasadena,Los Angeles County,CA,Los Angeles Office
91184,Pasadena,Los Angeles County,CA,Los Angeles Office
91185,Pasadena,Los Angeles County,CA,Los Angeles Office
91188,Pasadena,Los Angeles County,CA,Los Angeles Office
91189,Pasadena,Los Angeles County,CA,Los Angeles Office
91191,Pasadena,Los Angeles County,CA,Los Angeles Office
91199,Pasadena,Los Angeles County,CA,Los Angeles Office
91201,Glendale,Los Angeles County,CA,Los Angeles Office
91202,Glendale,Los Angeles County,CA,Los Angeles Office
91203,Glendale,Los Angeles County,CA,Los Angeles Office
91204,Glendale,Los Angeles County,CA,Los Angeles Office
91205,Glendale,Los Angeles County,CA,Los Angeles Office
91206,Glendale,Los Angeles County,CA,Los Angeles Office
91207,Glendale,Los Angeles County,CA,Los Angeles Office
91208,Glendale,Los Angeles County,CA,Los Angeles Office
91209,Glendale,Los Angeles County,CA,Los Angeles Office
91210,Glendale,Los Angeles County,CA,Los Angeles Office
91214,La Crescenta,Los Angeles County,CA,Los Angeles Office
91221,Glendale,Los Angeles County,CA,Los Angeles Office
91222,Glendale,Los Angeles County,CA,Los Angeles Office
91224,La Crescenta,Los Angeles County,CA,Los Angeles Office
91225,Glendale,Los Angeles County,CA,Los Angeles Office
91226,Glendale,Los Angeles County,CA,Los Angeles Office
91301,Agoura Hills,Los Angeles County,CA,Los Angeles Office
91302,Calabasas,Los Angeles County,CA,Los Angeles Office
91303,Canoga Park,Los Angeles County,CA,Los Angeles Office
91304,Canoga Park,Los Angeles County,CA,Los Angeles Office
91305,Canoga Park,Los Angeles County,CA,Los Angeles Office
91306,Winnetka,Los Angeles County,CA,Los Angeles Office
91307,West Hills,Los Angeles County,CA,Los Angeles Office
91308,West Hills,Los Angeles County,CA,Los Angeles Office
91309,Canoga Park,Los Angeles County,CA,Los Angeles Office
91310,Castaic,Los Angeles County,CA,Los Angeles Office
91311,Chatsworth,Los Angeles County,CA,Los Angeles Office
91313,Chatsworth,Los Angeles County,CA,Los Angeles Office
91316,Encino,Los Angeles County,CA,Los Angeles Office
91321,Newhall,Los Angeles County,CA,Los Angeles Office
91322,Newhall,Los Angeles County,CA,Los Angeles Office
91324,Northridge,Los Angeles County,CA,Los Angeles Office
91325,Northridge,Los Angeles County,CA,Los Angeles Office
91326,Porter Ranch,Los Angeles County,CA,Los Angeles Office
91327,Northridge,Los Angeles County,CA,Los Angeles Office
91328,Northridge,Los Angeles County,CA,Los Angeles Office
91329,Northridge,Los Angeles County,CA,Los Angeles Office
91330,Northridge,Los Angeles County,CA,Los Angeles Office
91331,Pacoima,Los Angeles County,CA,Los Angeles Office
91333,Pacoima,Los Angeles County,CA,Los Angeles Office
91334,Pacoima,Los Angeles County,CA,Los Angeles Office
91335,Reseda,Los Angeles County,CA,Los Angeles Office
91337,Reseda,Los Angeles County,CA,Los Angeles Office
91340,San Fernando,Los Angeles County,CA,Los Angeles Office
91341,San Fernando,Los Angeles County,CA,Los Angeles Office
91342,Sylmar,Los Angeles County,CA,Los Angeles Office
91343,North Hills,Los Angeles County,CA,Los Angeles Office
91344,Granada Hills,Los Angeles County,CA,Los Angeles Office
91345,Mission Hills,Los Angeles County,CA,Los Angeles Office
91346,Mission Hills,Los Angeles County,CA,Los Angeles Office
91350,Santa Clarita,Los Angeles County,CA,Los Angeles Office
91351,Canyon Country,Los Angeles County,CA,Los Angeles Office
91352,Sun Valley,Los Angeles County,CA,Los Angeles Office
91353,Sun Valley,Los Angeles County,CA,Los Angeles Office
91354,Valencia,Los Angeles County,CA,Los Angeles Office
91355,Valencia,Los Angeles County,CA,Los Angeles Office
91356,Tarzana,Los Angeles County,CA,Los Angeles Office
91357,Tarzana,Los Angeles County,CA,Los Angeles Office
91359,Westlake Village,Los Angeles County,CA,Los Angeles Office
91363,Thousand Oaks,Los Angeles County,CA,Los Angeles Office
91364,Woodland Hills,Los Angeles County,CA,Los Angeles Office
91365,Woodland Hills,Los Angeles County,CA,Los Angeles Office
91367,Woodland Hills,Los Angeles County,CA,Los Angeles Office
91371,Woodland Hills,Los Angeles County,CA,Los Angeles Office
91372,Calabasas,Los Angeles County,CA,Los Angeles Office
91376,Agoura Hills,Los Angeles County,CA,Los Angeles Office
91380,Santa Clarita,Los Angeles County,CA,Los Angeles Office
91381,Stevenson Ranch,Los Angeles County,CA,Los Angeles Office
91382,Santa Clarita,Los Angeles County,CA,Los Angeles Office
91383,Santa Clarita,Los Angeles County,CA,Los Angeles Office
91384,Castaic,Los Angeles County,CA,Los Angeles Office
91385,Valencia,Los Angeles County,CA,Los Angeles Office
91386,Canyon Country,Los Angeles County,CA,Los Angeles Office
91387,Canyon Country,Los Angeles County,CA,Los Angeles Office
91388,Van Nuys,Los Angeles County,CA,Los Angeles Office
91390,Santa Clarita,Los Angeles County,CA,Los Angeles Office
91392,Sylmar,Los Angeles County,CA,Los Angeles Office
91393,North Hills,Los Angeles County,CA,Los Angeles Office
91394,Granada Hills,Los Angeles County,CA,Los Angeles Office
91395,Mission Hills,Los Angeles County,CA,Los Angeles Office
91396,Winnetka,Los Angeles County,CA,Los Angeles Office
91399,Woodland Hills,Los Angeles County,CA,Los Angeles Office
91401,Van Nuys,Los Angeles County,CA,Los Angeles Office
91402,Panorama City,Los Angeles County,CA,Los Angeles Office
91403,Sherman Oaks,Los Angeles County,CA,Los Angeles Office
91404,Van Nuys,Los Angeles County,CA,Los Angeles Office
91405,Van Nuys,Los Angeles County,CA,Los Angeles Office
91406,Van Nuys,Los Angeles County,CA,Los Angeles Office
91407,Van Nuys,Los Angeles County,CA,Los Angeles Office
91408,Van Nuys,Los Angeles County,CA,Los Angeles Office
91409,Van Nuys,Los Angeles County,CA,Los Angeles Office
91410,Van Nuys,Los Angeles County,CA,Los Angeles Office
91411,Van Nuys,Los Angeles County,CA,Los Angeles Office
91412,Panorama City,Los Angeles County,CA,Los Angeles Office
91413,Sherman Oaks,Los Angeles County,CA,Los Angeles Office
91416,Encino,Los Angeles County,CA,Los Angeles Office
91423,Sherman Oaks,Los Angeles County,CA,Los Angeles Office
91426,Encino,Los Angeles County,CA,Los Angeles Office
91436,Encino,Los Angeles County,CA,Los Angeles Office
91470,Van Nuys,Los Angeles County,CA,Los Angeles Office
91482,Van Nuys,Los Angeles County,CA,Los Angeles Office
91495,Sherman Oaks,Los Angeles County,CA,Los Angeles Office
91496,Van Nuys,Los Angeles County,CA,Los Angeles Office
91497,Van Nuys,Los Angeles County,CA,Los Angeles Office
91499,Van Nuys,Los Angeles County,CA,Los Angeles Office
91501,Burbank,Los Angeles County,CA,Los Angeles Office
91502,Burbank,Los Angeles County,CA,Los Angeles Office
91503,Burbank,Los Angeles County,CA,Los Angeles Office
91504,Burbank,Los Angeles County,CA,Los Angeles Office
91505,Burbank,Los Angeles County,CA,Los Angeles Office
91506,Burbank,Los Angeles County,CA,Los Angeles Office
91507,Burbank,Los Angeles County,CA,Los Angeles Office
91508,Burbank,Los Angeles County,CA,Los Angeles Office
91510,Burbank,Los Angeles County,CA,Los Angeles Office
91521,Burbank,Los Angeles County,CA,Los Angeles Office
91522,Burbank,Los Angeles County,CA,Los Angeles Office
91523,Burbank,Los Angeles County,CA,Los Angeles Office
91526,Burbank,Los Angeles County,CA,Los Angeles Office
91601,North Hollywood,Los Angeles County,CA,Los Angeles Office
91602,North Hollywood,Los Angeles County,CA,Los Angeles Office
91603,North Hollywood,Los Angeles County,CA,Los Angeles Office
91604,Studio City,Los Angeles County,CA,Los Angeles Office
91605,North Hollywood,Los Angeles County,CA,Los Angeles Office
91606,North Hollywood,Los Angeles County,CA,Los Angeles Office
91607,Valley Village,Los Angeles County,CA,Los Angeles Office
91608,Universal City,Los Angeles County,CA,Los Angeles Office
91609,North Hollywood,Los Angeles County,CA,Los Angeles Office
91610,Toluca Lake,Los Angeles County,CA,Los Angeles Office
91611,North Hollywood,Los Angeles County,CA,Los Angeles Office
91612,North Hollywood,Los Angeles County,CA,Los Angeles Office
91614,Studio City,Los Angeles County,CA,Los Angeles Office
91615,North Hollywood,Los Angeles County,CA,Los Angeles Office
91616,North Hollywood,Los Angeles County,CA,Los Angeles Office
91617,Valley Village,Los Angeles County,CA,Los Angeles Office
91618,North Hollywood,Los Angeles County,CA,Los Angeles Office
91702,Azusa,Los Angeles County,CA,Los Angeles Office
91706,Baldwin Park,Los Angeles County,CA,Los Angeles Office
91711,Claremont,Los Angeles County,CA,Los Angeles Office
91714,City Of Industry,Los Angeles County,CA,Los Angeles Office
91715,City Of Industry,Los Angeles County,CA,Los Angeles Office
91716,City Of Industry,Los Angeles County,CA,Los Angeles Office
91722,Covina,Los Angeles County,CA,Los Angeles Office
91723,Covina,Los Angeles County,CA,Los Angeles Office
91724,Covina,Los Angeles County,CA,Los Angeles Office
91731,El Monte,Los Angeles County,CA,Los Angeles Office
91732,El Monte,Los Angeles County,CA,Los Angeles Office
91733,South El Monte,Los Angeles County,CA,Los Angeles Office
91734,El Monte,Los Angeles County,CA,Los Angeles Office
91735,El Monte,Los Angeles County,CA,Los Angeles Office
91740,Glendora,Los Angeles County,CA,Los Angeles Office
91741,Glendora,Los Angeles County,CA,Los Angeles Office
91744,La Puente,Los Angeles County,CA,Los Angeles Office
91745,Hacienda Heights,Los Angeles County,CA,Los Angeles Office
91746,La Puente,Los Angeles County,CA,Los Angeles Office
91747,La Puente,Los Angeles County,CA,Los Angeles Office
91748,Rowland Heights,Los Angeles County,CA,Los Angeles Office
91749,La Puente,Los Angeles County,CA,Los Angeles Office
91750,La Verne,Los Angeles County,CA,Los Angeles Office
91754,Monterey Park,Los Angeles County,CA,Los Angeles Office
91755,Monterey Park,Los Angeles County,CA,Los Angeles Office
91756,Monterey Park,Los Angeles County,CA,Los Angeles Office
91765,Diamond Bar,Los Angeles County,CA,Los Angeles Office
91766,Pomona,Los Angeles County,CA,Los Angeles Office
91767,Pomona,Los Angeles County,CA,Los Angeles Office
91768,Pomona,Los Angeles County,CA,Los Angeles Office
91769,Pomona,Los Angeles County,CA,Los Angeles Office
91770,Rosemead,Los Angeles County,CA,Los Angeles Office
91771,Rosemead,Los Angeles County,CA,Los Angeles Office
91772,Rosemead,Los Angeles County,CA,Los Angeles Office
91773,San Dimas,Los Angeles County,CA,Los Angeles Office
91775,San Gabriel,Los Angeles County,CA,Los Angeles Office
91776,San Gabriel,Los Angeles County,CA,Los Angeles Office
91778,San Gabriel,Los Angeles County,CA,Los Angeles Office
91780,Temple City,Los Angeles County,CA,Los Angeles Office
91788,Walnut,Los Angeles County,CA,Los Angeles Office
91789,Walnut,Los Angeles County,CA,Los Angeles Office
91790,West Covina,Los Angeles County,CA,Los Angeles Office
91791,West Covina,Los Angeles County,CA,Los Angeles Office
91792,West Covina,Los Angeles County,CA,Los Angeles Office
91793,West Covina,Los Angeles County,CA,Los Angeles Office
91795,Walnut,Los Angeles County,CA,Los Angeles Office
91797,Pomona,Los Angeles County,CA,Los Angeles Office
91799,Pomona,Los Angeles County,CA,Los Angeles Office
91801,Alhambra,Los Angeles County,CA,Los Angeles Office
91802,Alhambra,Los Angeles County,CA,Los Angeles Office
91803,Alhambra,Los Angeles County,CA,Los Angeles Office
91804,Alhambra,Los Angeles County,CA,Los Angeles Office
91841,Alhambra,Los Angeles County,CA,Los Angeles Office
91896,Alhambra,Los Angeles County,CA,Los Angeles Office
91899,Alhambra,Los Angeles County,CA,Los Angeles Office
93510,Acton,Los Angeles County,CA,Los Angeles Office
93532,Lake Hughes,Los Angeles County,CA,Los Angeles Office
93534,Lancaster,Los Angeles County,CA,Los Angeles Office
93535,Lancaster,Los Angeles County,CA,Los Angeles Office
93536,Lancaster,Los Angeles County,CA,Los Angeles Office
93539,Lancaster,Los Angeles County,CA,Los Angeles Office
93543,Littlerock,Los Angeles County,CA,Los Angeles Office
93544,Llano,Los Angeles County,CA,Los Angeles Office
93550,Palmdale,Los Angeles County,CA,Los Angeles Office
93551,Palmdale,Los Angeles County,CA,Los Angeles Office
93552,Palmdale,Los Angeles County,CA,Los Angeles Office
93553,Pearblossom,Los Angeles County,CA,Los Angeles Office
93563,Valyermo,Los Angeles County,CA,Los Angeles Office
93584,Lancaster,Los Angeles County,CA,Los Angeles Office
93586,Lancaster,Los Angeles County,CA,Los Angeles Office
93590,Palmdale,Los Angeles County,CA,Los Angeles Office
93591,Palmdale,Los Angeles County,CA,Los Angeles Office
93599,Palmdale,Los Angeles County,CA,Los Angeles Office
93601,Ahwahnee,Madera County,CA,Sacramento Office
93604,Bass Lake,Madera County,CA,Sacramento Office
93610,Chowchilla,Madera County,CA,Sacramento Office
93614,Coarsegold,Madera County,CA,Sacramento Office
93636,Madera,Madera County,CA,Sacramento Office
93637,Madera,Madera County,CA,Sacramento Office
93638,Madera,Madera County,CA,Sacramento Office
93639,Madera,Madera County,CA,Sacramento Office
93643,North Fork,Madera County,CA,Sacramento Office
93644,Oakhurst,Madera County,CA,Sacramento Office
93645,O Neals,Madera County,CA,Sacramento Office
93653,Raymond,Madera County,CA,Sacramento Office
93669,Wishon,Madera County,CA,Sacramento Office
94901,San Rafael,Marin County,CA,Bay Area Office
94903,San Rafael,Marin County,CA,Bay Area Office
94904,Greenbrae,Marin County,CA,Bay Area Office
94912,San Rafael,Marin County,CA,Bay Area Office
94913,San Rafael,Marin County,CA,Bay Area Office
94914,Kentfield,Marin County,CA,Bay Area Office
94915,San Rafael,Marin County,CA,Bay Area Office
94920,Belvedere Tiburon,Marin County,CA,Bay Area Office
94924,Bolinas,Marin County,CA,Bay Area Office
94925,Corte Madera,Marin County,CA,Bay Area Office
94929,Dillon Beach,Marin County,CA,Bay Area Office
94930,Fairfax,Marin County,CA,Bay Area Office
94933,Forest Knolls,Marin County,CA,Bay Area Office
94937,Inverness,Marin County,CA,Bay Area Office
94938,Lagunitas,Marin County,CA,Bay Area Office
94939,Larkspur,Marin County,CA,Bay Area Office
94940,Marshall,Marin County,CA,Bay Area Office
94941,Mill Valley,Marin County,CA,Bay Area Office
94942,Mill Valley,Marin County,CA,Bay Area Office
94945,Novato,Marin County,CA,Bay Area Office
94946,Nicasio,Marin County,CA,Bay Area Office
94947,Novato,Marin County,CA,Bay Area Office
94948,Novato,Marin County,CA,Bay Area Office
94949,Novato,Marin County,CA,Bay Area Office
94950,Olema,Marin County,CA,Bay Area Office
94956,Point Reyes Station,Marin County,CA,Bay Area Office
94957,Ross,Marin County,CA,Bay Area Office
94960,San Anselmo,Marin County,CA,Bay Area Office
94963,San Geronimo,Marin County,CA,Bay Area Office
94964,San Quentin,Marin County,CA,Bay Area Office
94965,Sausalito,Marin County,CA,Bay Area Office
94966,Sausalito,Marin County,CA,Bay Area Office
94970,Stinson Beach,Marin County,CA,Bay Area Office
94971,Tomales,Marin County,CA,Bay Area Office
94972,Valley Ford,Marin County,CA,Bay Area Office
94973,Woodacre,Marin County,CA,Bay Area Office
94974,San Quentin,Marin County,CA,Bay Area Office
94976,Corte Madera,Marin County,CA,Bay Area Office
94977,Larkspur,Marin County,CA,Bay Area Office
94978,Fairfax,Marin County,CA,Bay Area Office
94979,San Anselmo,Marin County,CA,Bay Area Office
94998,Novato,Marin County,CA,Bay Area Office
93623,Fish Camp,Mariposa County,CA,Sacramento Office
95306,Catheys Valley,Mariposa County,CA,Sacramento Office
95311,Coulterville,Mariposa County,CA,Sacramento Office
95318,El Portal,Mariposa County,CA,Sacramento Office
95325,Hornitos,Mariposa County,CA,Sacramento Office
95338,Mariposa,Mariposa County,CA,Sacramento Office
95345,Midpines,Mariposa County,CA,Sacramento Office
95389,Yosemite National Park,Mariposa County,CA,Sacramento Office
95410,Albion,Mendocino County,CA,Sacramento Office
95415,Boonville,Mendocino County,CA,Sacramento Office
95417,Branscomb,Mendocino County,CA,Sacramento Office
95418,Calpella,Mendocino County,CA,Sacramento Office
95420,Caspar,Mendocino County,CA,Sacramento Office
95427,Comptche,Mendocino County,CA,Sacramento Office
95428,Covelo,Mendocino County,CA,Sacramento Office
95429,Dos Rios,Mendocino County,CA,Sacramento Office
95432,Elk,Mendocino County,CA,Sacramento Office
95437,Fort Bragg,Mendocino County,CA,Sacramento Office
95445,Gualala,Mendocino County,CA,Sacramento Office
95449,Hopland,Mendocino County,CA,Sacramento Office
95454,Laytonville,Mendocino County,CA,Sacramento Office
95456,Little River,Mendocino County,CA,Sacramento Office
95459,Manchester,Mendocino County,CA,Sacramento Office
95460,Mendocino,Mendocino County,CA,Sacramento Office
95463,Navarro,Mendocino County,CA,Sacramento Office
95466,Philo,Mendocino County,CA,Sacramento Office
95468,Point Arena,Mendocino County,CA,Sacramento Office
95469,Potter Valley,Mendocino County,CA,Sacramento Office
95470,Redwood Valley,Mendocino County,CA,Sacramento Office
95481,Talmage,Mendocino County,CA,Sacramento Office
95482,Ukiah,Mendocino County,CA,Sacramento Office
95488,Westport,Mendocino County,CA,Sacramento Office
95490,Willits,Mendocino County,CA,Sacramento Office
95494,Yorkville,Mendocino County,CA,Sacramento Office
95585,Leggett,Mendocino County,CA,Sacramento Office
95587,Piercy,Mendocino County,CA,Sacramento Office
93620,Dos Palos,Merced County,CA,Sacramento Office
93635,Los Banos,Merced County,CA,Sacramento Office
93661,Santa Rita Park,Merced County,CA,Sacramento Office
93665,South Dos Palos,Merced County,CA,Sacramento Office
95301,Atwater,Merced County,CA,Sacramento Office
95303,Ballico,Merced County,CA,Sacramento Office
95312,Cressey,Merced County,CA,Sacramento Office
95315,Delhi,Merced County,CA,Sacramento Office
95317,El Nido,Merced County,CA,Sacramento Office
95322,Gustine,Merced County,CA,Sacramento Office
95324,Hilmar,Merced County,CA,Sacramento Office
95333,Le Grand,Merced County,CA,Sacramento Office
95334,Livingston,Merced County,CA,Sacramento Office
95340,Merced,Merced County,CA,Sacramento Office
95341,Merced,Merced County,CA,Sacramento Office
95343,Merced,Merced County,CA,Sacramento Office
95344,Merced,Merced County,CA,Sacramento Office
95348,Merced,Merced County,CA,Sacramento Office
95365,Planada,Merced County,CA,Sacramento Office
95369,Snelling,Merced County,CA,Sacramento Office
95374,Stevinson,Merced County,CA,Sacramento Office
95388,Winton,Merced County,CA,Sacramento Office
96006,Adin,Modoc County,CA,Sacramento Office
96015,Canby,Modoc County,CA,Sacramento Office
96054,Lookout,Modoc County,CA,Sacramento Office
96101,Alturas,Modoc County,CA,Sacramento Office
96104,Cedarville,Modoc County,CA,Sacramento Office
96108,Davis Creek,Modoc County,CA,Sacramento Office
96110,Eagleville,Modoc County,CA,Sacramento Office
96112,Fort Bidwell,Modoc County,CA,Sacramento Office
96115,Lake City,Modoc County,CA,Sacramento Office
96116,Likely,Modoc County,CA,Sacramento Office
93512,Benton,Mono County,CA,Sacramento Office
93517,Bridgeport,Mono County,CA,Sacramento Office
93529,June Lake,Mono County,CA,Sacramento Office
93541,Lee Vining,Mono County,CA,Sacramento Office
93546,Mammoth Lakes,Mono County,CA,Sacramento Office
96107,Coleville,Mono County,CA,Sacramento Office
96133,Topaz,Mono County,CA,Sacramento Office
93426,Bradley,Monterey County,CA,Bay Area Office
93450,San Ardo,Monterey County,CA,Bay Area Office
93901,Salinas,Monterey County,CA,Bay Area Office
93902,Salinas,Monterey County,CA,Bay Area Office
93905,Salinas,Monterey County,CA,Bay Area Office
93906,Salinas,Monterey County,CA,Bay Area Office
93907,Salinas,Monterey County,CA,Bay Area Office
93908,Salinas,Monterey County,CA,Bay Area Office
93912,Salinas,Monterey County,CA,Bay Area Office
93915,Salinas,Monterey County,CA,Bay Area Office
93920,Big Sur,Monterey County,CA,Bay Area Office
93921,Carmel By The Sea,Monterey County,CA,Bay Area Office
93922,Carmel,Monterey County,CA,Bay Area Office
93923,Carmel,Monterey County,CA,Bay Area Office
93924,Carmel Valley,Monterey County,CA,Bay Area Office
93925,Chualar,Monterey County,CA,Bay Area Office
93926,Gonzales,Monterey County,CA,Bay Area Office
93927,Greenfield,Monterey County,CA,Bay Area Office
93928,Jolon,Monterey County,CA,Bay Area Office
93930,King City,Monterey County,CA,Bay Area Office
93932,Lockwood,Monterey County,CA,Bay Area Office
93933,Marina,Monterey County,CA,Bay Area Office
93940,Monterey,Monterey County,CA,Bay Area Office
93942,Monterey,Monterey County,CA,Bay Area Office
93943,Monterey,Monterey County,CA,Bay Area Office
93944,Monterey,Monterey County,CA,Bay Area Office
93950,Pacific Grove,Monterey County,CA,Bay Area Office
93953,Pebble Beach,Monterey County,CA,Bay Area Office
93954,San Lucas,Monterey County,CA,Bay Area Office
93955,Seaside,Monterey County,CA,Bay Area Office
93960,Soledad,Monterey County,CA,Bay Area Office
93962,Spreckels,Monterey County,CA,Bay Area Office
95004,Aromas,Monterey County,CA,Bay Area Office
95012,Castroville,Monterey County,CA,Bay Area Office
95039,Moss Landing,Monterey County,CA,Bay Area Office
94503,American Canyon,Napa County,CA,Sacramento Office
94508,Angwin,Napa County,CA,Sacramento Office
94515,Calistoga,Napa County,CA,Sacramento Office
94558,Napa,Napa County,CA,Sacramento Office
94559,Napa,Napa County,CA,Sacramento Office
94562,Oakville,Napa County,CA,Sacramento Office
94567,Pope Valley,Napa County,CA,Sacramento Office
94573,Rutherford,Napa County,CA,Sacramento Office
94574,Saint Helena,Napa County,CA,Sacramento Office
94576,Deer Park,Napa County,CA,Sacramento Office
94581,Napa,Napa County,CA,Sacramento Office
94599,Yountville,Napa County,CA,Sacramento Office
95712,Chicago Park,Nevada County,CA,Sacramento Office
95924,Cedar Ridge,Nevada County,CA,Sacramento Office
95945,Grass Valley,Nevada County,CA,Sacramento Office
95946,Penn Valley,Nevada County,CA,Sacramento Office
95949,Grass Valley,Nevada County,CA,Sacramento Office
95959,Nevada City,Nevada County,CA,Sacramento Office
95960,North San Juan,Nevada County,CA,Sacramento Office
95975,Rough And Ready,Nevada County,CA,Sacramento Office
95977,Smartsville,Nevada County,CA,Sacramento Office
95986,Washington,Nevada County,CA,Sacramento Office
96160,Truckee,Nevada County,CA,Sacramento Office
96161,Truckee,Nevada County,CA,Sacramento Office
90620,Buena Park,Orange County,CA,Los Angeles Office
90621,Buena Park,Orange County,CA,Los Angeles Office
90622,Buena Park,Orange County,CA,Los Angeles Office
90623,La Palma,Orange County,CA,Los Angeles Office
90624,Buena Park,Orange County,CA,Los Angeles Office
90630,Cypress,Orange County,CA,Los Angeles Office
90631,La Habra,Orange County,CA,Los Angeles Office
90632,La Habra,Orange County,CA,Los Angeles Office
90633,La Habra,Orange County,CA,Los Angeles Office
90680,Stanton,Orange County,CA,Los Angeles Office
90720,Los Alamitos,Orange County,CA,Los Angeles Office
90721,Los Alamitos,Orange County,CA,Los Angeles Office
90740,Seal Beach,Orange County,CA,Los Angeles Office
90742,Sunset Beach,Orange County,CA,Los Angeles Office
90743,Surfside,Orange County,CA,Los Angeles Office
92602,Irvine,Orange County,CA,Los Angeles Office
92603,Irvine,Orange County,CA,Los Angeles Office
92604,Irvine,Orange County,CA,Los Angeles Office
92605,Huntington Beach,Orange County,CA,Los Angeles Office
92606,Irvine,Orange County,CA,Los Angeles Office
92607,Laguna Niguel,Orange County,CA,Los Angeles Office
92609,El Toro,Orange County,CA,Los Angeles Office
92610,Foothill Ranch,Orange County,CA,Los Angeles Office
92612,Irvine,Orange County,CA,Los Angeles Office
92614,Irvine,Orange County,CA,Los Angeles Office
92615,Huntington Beach,Orange County,CA,Los Angeles Office
92616,Irvine,Orange County,CA,Los Angeles Office
92617,Irvine,Orange County,CA,Los Angeles Office
92618,Irvine,Orange County,CA,Los Angeles Office
92619,Irvine,Orange County,CA,Los Angeles Office
92620,Irvine,Orange County,CA,Los Angeles Office
92623,Irvine,Orange County,CA,Los Angeles Office
92624,Capistrano Beach,Orange County,CA,Los Angeles Office
92625,Corona Del Mar,Orange County,CA,Los Angeles Office
92626,Costa Mesa,Orange County,CA,Los Angeles Office
92627,Costa Mesa,Orange County,CA,Los Angeles Office
92628,Costa Mesa,Orange County,CA,Los Angeles Office
92629,Dana Point,Orange County,CA,Los Angeles Office
92630,Lake Forest,Orange County,CA,Los Angeles Office
92637,Laguna Woods,Orange County,CA,Los Angeles Office
92646,Huntington Beach,Orange County,CA,Los Angeles Office
92647,Huntington Beach,Orange County,CA,Los Angeles Office
92648,Huntington Beach,Orange County,CA,Los Angeles Office
92649,Huntington Beach,Orange County,CA,Los Angeles Office
92650,East Irvine,Orange County,CA,Los Angeles Office
92651,Laguna Beach,Orange County,CA,Los Angeles Office
92652,Laguna Beach,Orange County,CA,Los Angeles Office
92653,Laguna Hills,Orange County,CA,Los Angeles Office
92654,Laguna Hills,Orange County,CA,Los Angeles Office
92655,Midway City,Orange County,CA,Los Angeles Office
92656,Aliso Viejo,Orange County,CA,Los Angeles Office
92657,Newport Coast,Orange County,CA,Los Angeles Office
92658,Newport Beach,Orange County,CA,Los Angeles Office
92659,Newport Beach,Orange County,CA,Los Angeles Office
92660,Newport Beach,Orange County,CA,Los Angeles Office
92661,Newport Beach,Orange County,CA,Los Angeles Office
92662,Newport Beach,Orange County,CA,Los Angeles Office
92663,Newport Beach,Orange County,CA,Los Angeles Office
92672,San Clemente,Orange County,CA,Los Angeles Office
92673,San Clemente,Orange County,CA,Los Angeles Office
92674,San Clemente,Orange County,CA,Los Angeles Office
92675,San Juan Capistrano,Orange County,CA,Los Angeles Office
92676,Silverado,Orange County,CA,Los Angeles Office
92677,Laguna Niguel,Orange County,CA,Los Angeles Office
92678,Trabuco Canyon,Orange County,CA,Los Angeles Office
92679,Trabuco Canyon,Orange County,CA,Los Angeles Office
92683,Westminster,Orange County,CA,Los Angeles Office
92684,Westminster,Orange County,CA,Los Angeles Office
92685,Westminster,Orange County,CA,Los Angeles Office
92688,Rancho Santa Margarita,Orange County,CA,Los Angeles Office
92690,Mission Viejo,Orange County,CA,Los Angeles Office
92691,Mission Viejo,Orange County,CA,Los Angeles Office
92692,Mission Viejo,Orange County,CA,Los Angeles Office
92693,San Juan Capistrano,Orange County,CA,Los Angeles Office
92694,Ladera Ranch,Orange County,CA,Los Angeles Office
92697,Irvine,Orange County,CA,Los Angeles Office
92698,Aliso Viejo,Orange County,CA,Los Angeles Office
92701,Santa Ana,Orange County,CA,Los Angeles Office
92702,Santa Ana,Orange County,CA,Los Angeles Office
92703,Santa Ana,Orange County,CA,Los Angeles Office
92704,Santa Ana,Orange County,CA,Los Angeles Office
92705,Santa Ana,Orange County,CA,Los Angeles Office
92706,Santa Ana,Orange County,CA,Los Angeles Office
92707,Santa Ana,Orange County,CA,Los Angeles Office
92708,Fountain Valley,Orange County,CA,Los Angeles Office
92709,Irvine,Orange County,CA,Los Angeles Office
92710,Irvine,Orange County,CA,Los Angeles Office
92711,Santa Ana,Orange County,CA,Los Angeles Office
92712,Santa Ana,Orange County,CA,Los Angeles Office
92725,Santa Ana,Orange County,CA,Los Angeles Office
92728,Fountain Valley,Orange County,CA,Los Angeles Office
92735,Santa Ana,Orange County,CA,Los Angeles Office
92780,Tustin,Orange County,CA,Los Angeles Office
92781,Tustin,Orange County,CA,Los Angeles Office
92782,Tustin,Orange County,CA,Los Angeles Office
92799,Santa Ana,Orange County,CA,Los Angeles Office
92801,Anaheim,Orange County,CA,Los Angeles Office
92802,Anaheim,Orange County,CA,Los Angeles Office
92803,Anaheim,Orange County,CA,Los Angeles Office
92804,Anaheim,Orange County,CA,Los Angeles Office
92805,Anaheim,Orange County,CA,Los Angeles Office
92806,Anaheim,Orange County,CA,Los Angeles Office
92807,Anaheim,Orange County,CA,Los Angeles Office
92808,Anaheim,Orange County,CA,Los Angeles Office
92809,Anaheim,Orange County,CA,Los Angeles Office
92811,Atwood,Orange County,CA,Los Angeles Office
92812,Anaheim,Orange County,CA,Los Angeles Office
92814,Anaheim,Orange County,CA,Los Angeles Office
92815,Anaheim,Orange County,CA,Los Angeles Office
92816,Anaheim,Orange County,CA,Los Angeles Office
92817,Anaheim,Orange County,CA,Los Angeles Office
92821,Brea,Orange County,CA,Los Angeles Office
92822,Brea,Orange County,CA,Los Angeles Office
92823,Brea,Orange County,CA,Los Angeles Office
92825,Anaheim,Orange County,CA,Los Angeles Office
92831,Fullerton,Orange County,CA,Los Angeles Office
92832,Fullerton,Orange County,CA,Los Angeles Office
92833,Fullerton,Orange County,CA,Los Angeles Office
92834,Fullerton,Orange County,CA,Los Angeles Office
92835,Fullerton,Orange County,CA,Los Angeles Office
92836,Fullerton,Orange County,CA,Los Angeles Office
92837,Fullerton,Orange County,CA,Los Angeles Office
92838,Fullerton,Orange County,CA,Los Angeles Office
92840,Garden Grove,Orange County,CA,Los Angeles Office
92841,Garden Grove,Orange County,CA,Los Angeles Office
92842,Garden Grove,Orange County,CA,Los Angeles Office
92843,Garden Grove,Orange County,CA,Los Angeles Office
92844,Garden Grove,Orange County,CA,Los Angeles Office
92845,Garden Grove,Orange County,CA,Los Angeles Office
92846,Garden Grove,Orange County,CA,Los Angeles Office
92850,Anaheim,Orange County,CA,Los Angeles Office
92856,Orange,Orange County,CA,Los Angeles Office
92857,Orange,Orange County,CA,Los Angeles Office
92859,Orange,Orange County,CA,Los Angeles Office
92861,Villa Park,Orange County,CA,Los Angeles Office
92862,Orange,Orange County,CA,Los Angeles Office
92863,Orange,Orange County,CA,Los Angeles Office
92864,Orange,Orange County,CA,Los Angeles Office
92865,Orange,Orange County,CA,Los Angeles Office
92866,Orange,Orange County,CA,Los Angeles Office
92867,Orange,Orange County,CA,Los Angeles Office
92868,Orange,Orange County,CA,Los Angeles Office
92869,Orange,Orange County,CA,Los Angeles Office
92870,Placentia,Orange County,CA,Los Angeles Office
92871,Placentia,Orange County,CA,Los Angeles Office
92885,Yorba Linda,Orange County,CA,Los Angeles Office
92886,Yorba Linda,Orange County,CA,Los Angeles Office
92887,Yorba Linda,Orange County,CA,Los Angeles Office
92899,Anaheim,Orange County,CA,Los Angeles Office
95602,Auburn,Placer County,CA,Sacramento Office
95603,Auburn,Placer County,CA,Sacramento Office
95604,Auburn,Placer County,CA,Sacramento Office
95631,Foresthill,Placer County,CA,Sacramento Office
95648,Lincoln,Placer County,CA,Sacramento Office
95650,Loomis,Placer County,CA,Sacramento Office
95658,Newcastle,Placer County,CA,Sacramento Office
95661,Roseville,Placer County,CA,Sacramento Office
95663,Penryn,Placer County,CA,Sacramento Office
95677,Rocklin,Placer County,CA,Sacramento Office
95678,Roseville,Placer County,CA,Sacramento Office
95681,Sheridan,Placer County,CA,Sacramento Office
95701,Alta,Placer County,CA,Sacramento Office
95703,Applegate,Placer County,CA,Sacramento Office
95713,Colfax,Placer County,CA,Sacramento Office
95714,Dutch Flat,Placer County,CA,Sacramento Office
95715,Emigrant Gap,Placer County,CA,Sacramento Office
95717,Gold Run,Placer County,CA,Sacramento Office
95722,Meadow Vista,Placer County,CA,Sacramento Office
95724,Norden,Placer County,CA,Sacramento Office
95728,Soda Springs,Placer County,CA,Sacramento Office
95736,Weimar,Placer County,CA,Sacramento Office
95746,Granite Bay,Placer County,CA,Sacramento Office
95747,Roseville,Placer County,CA,Sacramento Office
95765,Rocklin,Placer County,CA,Sacramento Office
96140,Carnelian Bay,Placer County,CA,Sacramento Office
96141,Homewood,Placer County,CA,Sacramento Office
96143,Kings Beach,Placer County,CA,Sacramento Office
96145,Tahoe City,Placer County,CA,Sacramento Office
96146,Olympic Valley,Placer County,CA,Sacramento Office
96148,Tahoe Vista,Placer County,CA,Sacramento Office
96162,Truckee,Placer County,CA,Sacramento Office
95915,Belden,Plumas County,CA,Sacramento Office
95923,Canyon Dam,Plumas County,CA,Sacramento Office
95934,Crescent Mills,Plumas County,CA,Sacramento Office
95947,Greenville,Plumas County,CA,Sacramento Office
95956,Meadow Valley,Plumas County,CA,Sacramento Office
95971,Quincy,Plumas County,CA,Sacramento Office
95980,Storrie,Plumas County,CA,Sacramento Office
95983,Taylorsville,Plumas County,CA,Sacramento Office
95984,Twain,Plumas County,CA,Sacramento Office
96020,Chester,Plumas County,CA,Sacramento Office
96103,Blairsden Graeagle,Plumas County,CA,Sacramento Office
96105,Chilcoot,Plumas County,CA,Sacramento Office
96106,Clio,Plumas County,CA,Sacramento Office
96122,Portola,Plumas County,CA,Sacramento Office
96129,Beckwourth,Plumas County,CA,Sacramento Office
96135,Vinton,Plumas County,CA,Sacramento Office
91752,Mira Loma,Riverside County,CA,Los Angeles Office
92201,Indio,Riverside County,CA,Los Angeles Office
92202,Indio,Riverside County,CA,Los Angeles Office
92203,Indio,Riverside County,CA,Los Angeles Office
92210,Indian Wells,Riverside County,CA,Los Angeles Office
92211,Palm Desert,Riverside County,CA,Los Angeles Office
92220,Banning,Riverside County,CA,Los Angeles Office
92223,Beaumont,Riverside County,CA,Los Angeles Office
92225,Blythe,Riverside County,CA,Los Angeles Office
92226,Blythe,Riverside County,CA,Los Angeles Office
92230,Cabazon,Riverside County,CA,Los Angeles Office
92234,Cathedral City,Riverside County,CA,Los Angeles Office
92235,Cathedral City,Riverside County,CA,Los Angeles Office
92236,Coachella,Riverside County,CA,Los Angeles Office
92239,Desert Center,Riverside County,CA,Los Angeles Office
92240,Desert Hot Springs,Riverside County,CA,Los Angeles Office
92241,Desert Hot Springs,Riverside County,CA,Los Angeles Office
92247,La Quinta,Riverside County,CA,Los Angeles Office
92248,La Quinta,Riverside County,CA,Los Angeles Office
92253,La Quinta,Riverside County,CA,Los Angeles Office
92254,Mecca,Riverside County,CA,Los Angeles Office
92255,Palm Desert,Riverside County,CA,Los Angeles Office
92258,North Palm Springs,Riverside County,CA,Los Angeles Office
92260,Palm Desert,Riverside County,CA,Los Angeles Office
92261,Palm Desert,Riverside County,CA,Los Angeles Office
92262,Palm Springs,Riverside County,CA,Los Angeles Office
92263,Palm Springs,Riverside County,CA,Los Angeles Office
92264,Palm Springs,Riverside County,CA,Los Angeles Office
92270,Rancho Mirage,Riverside County,CA,Los Angeles Office
92274,Thermal,Riverside County,CA,Los Angeles Office
92276,Thousand Palms,Riverside County,CA,Los Angeles Office
92282,Whitewater,Riverside County,CA,Los Angeles Office
92292,Palm Springs,Riverside County,CA,Los Angeles Office
92320,Calimesa,Riverside County,CA,Los Angeles Office
92501,Riverside,Riverside County,CA,Los Angeles Office
92502,Riverside,Riverside County,CA,Los Angeles Office
92503,Riverside,Riverside County,CA,Los Angeles Office
92504,Riverside,Riverside County,CA,Los Angeles Office
92505,Riverside,Riverside County,CA,Los Angeles Office
92506,Riverside,Riverside County,CA,Los Angeles Office
92507,Riverside,Riverside County,CA,Los Angeles Office
92508,Riverside,Riverside County,CA,Los Angeles Office
92509,Jurupa Valley,Riverside County,CA,Los Angeles Office
92513,Riverside,Riverside County,CA,Los Angeles Office
92514,Riverside,Riverside County,CA,Los Angeles Office
92515,Riverside,Riverside County,CA,Los Angeles Office
92516,Riverside,Riverside County,CA,Los Angeles Office
92517,Riverside,Riverside County,CA,Los Angeles Office
92518,March Air Reserve Base,Riverside County,CA,Los Angeles Office
92519,Riverside,Riverside County,CA,Los Angeles Office
92521,Riverside,Riverside County,CA,Los Angeles Office
92522,Riverside,Riverside County,CA,Los Angeles Office
92530,Lake Elsinore,Riverside County,CA,Los Angeles Office
92531,Lake Elsinore,Riverside County,CA,Los Angeles Office
92532,Lake Elsinore,Riverside County,CA,Los Angeles Office
92536,Aguanga,Riverside County,CA,Los Angeles Office
92539,Anza,Riverside County,CA,Los Angeles Office
92543,Hemet,Riverside County,CA,Los Angeles Office
92544,Hemet,Riverside County,CA,Los Angeles Office
92545,Hemet,Riverside County,CA,Los Angeles Office
92546,Hemet,Riverside County,CA,Los Angeles Office
92548,Homeland,Riverside County,CA,Los Angeles Office
92549,Idyllwild,Riverside County,CA,Los Angeles Office
92551,Moreno Valley,Riverside County,CA,Los Angeles Office
92552,Moreno Valley,Riverside County,CA,Los Angeles Office
92553,Moreno Valley,Riverside County,CA,Los Angeles Office
92554,Moreno Valley,Riverside County,CA,Los Angeles Office
92555,Moreno Valley,Riverside County,CA,Los Angeles Office
92556,Moreno Valley,Riverside County,CA,Los Angeles Office
92557,Moreno Valley,Riverside County,CA,Los Angeles Office
92561,Mountain Center,Riverside County,CA,Los Angeles Office
92562,Murrieta,Riverside County,CA,Los Angeles Office
92563,Murrieta,Riverside County,CA,Los Angeles Office
92564,Murrieta,Riverside County,CA,Los Angeles Office
92567,Nuevo,Riverside County,CA,Los Angeles Office
92570,Perris,Riverside County,CA,Los Angeles Office
92571,Perris,Riverside County,CA,Los Angeles Office
92572,Perris,Riverside County,CA,Los Angeles Office
92581,San Jacinto,Riverside County,CA,Los Angeles Office
92582,San Jacinto,Riverside County,CA,Los Angeles Office
92583,San Jacinto,Riverside County,CA,Los Angeles Office
92584,Menifee,Riverside County,CA,Los Angeles Office
92585,Menifee,Riverside County,CA,Los Angeles Office
92586,Menifee,Riverside County,CA,Los Angeles Office
92587,Menifee,Riverside County,CA,Los Angeles Office
92589,Temecula,Riverside County,CA,Los Angeles Office
92590,Temecula,Riverside County,CA,Los Angeles Office
92591,Temecula,Riverside County,CA,Los Angeles Office
92592,Temecula,Riverside County,CA,Los Angeles Office
92593,Temecula,Riverside County,CA,Los Angeles Office
92595,Wildomar,Riverside County,CA,Los Angeles Office
92596,Winchester,Riverside County,CA,Los Angeles Office
92599,Perris,Riverside County,CA,Los Angeles Office
92860,Norco,Riverside County,CA,Los Angeles Office
92877,Corona,Riverside County,CA,Los Angeles Office
92878,Corona,Riverside County,CA,Los Angeles Office
92879,Corona,Riverside County,CA,Los Angeles Office
92880,Corona,Riverside County,CA,Los Angeles Office
92881,Corona,Riverside County,CA,Los Angeles Office
92882,Corona,Riverside County,CA,Los Angeles Office
92883,Corona,Riverside County,CA,Los Angeles Office
94203,Sacramento,Sacramento County,CA,Sacramento Office
94204,Sacramento,Sacramento County,CA,Sacramento Office
94205,Sacramento,Sacramento County,CA,Sacramento Office
94206,Sacramento,Sacramento County,CA,Sacramento Office
94207,Sacramento,Sacramento County,CA,Sacramento Office
94208,Sacramento,Sacramento County,CA,Sacramento Office
94209,Sacramento,Sacramento County,CA,Sacramento Office
94211,Sacramento,Sacramento County,CA,Sacramento Office
94229,Sacramento,Sacramento County,CA,Sacramento Office
94230,Sacramento,Sacramento County,CA,Sacramento Office
94232,Sacramento,Sacramento County,CA,Sacramento Office
94234,Sacramento,Sacramento County,CA,Sacramento Office
94235,Sacramento,Sacramento County,CA,Sacramento Office
94236,Sacramento,Sacramento County,CA,Sacramento Office
94237,Sacramento,Sacramento County,CA,Sacramento Office
94239,Sacramento,Sacramento County,CA,Sacramento Office
94240,Sacramento,Sacramento County,CA,Sacramento Office
94244,Sacramento,Sacramento County,CA,Sacramento Office
94245,Sacramento,Sacramento County,CA,Sacramento Office
94246,Sacramento,Sacramento County,CA,Sacramento Office
94247,Sacramento,Sacramento County,CA,Sacramento Office
94248,Sacramento,Sacramento County,CA,Sacramento Office
94249,Sacramento,Sacramento County,CA,Sacramento Office
94250,Sacramento,Sacramento County,CA,Sacramento Office
94252,Sacramento,Sacramento County,CA,Sacramento Office
94254,Sacramento,Sacramento County,CA,Sacramento Office
94256,Sacramento,Sacramento County,CA,Sacramento Office
94257,Sacramento,Sacramento County,CA,Sacramento Office
94258,Sacramento,Sacramento County,CA,Sacramento Office
94259,Sacramento,Sacramento County,CA,Sacramento Office
94261,Sacramento,Sacramento County,CA,Sacramento Office
94262,Sacramento,Sacramento County,CA,Sacramento Office
94263,Sacramento,Sacramento County,CA,Sacramento Office
94267,Sacramento,Sacramento County,CA,Sacramento Office
94268,Sacramento,Sacramento County,CA,Sacramento Office
94269,Sacramento,Sacramento County,CA,Sacramento Office
94271,Sacramento,Sacramento County,CA,Sacramento Office
94273,Sacramento,Sacramento County,CA,Sacramento Office
94274,Sacramento,Sacramento County,CA,Sacramento Office
94277,Sacramento,Sacramento County,CA,Sacramento Office
94278,Sacramento,Sacramento County,CA,Sacramento Office
94279,Sacramento,Sacramento County,CA,Sacramento Office
94280,Sacramento,Sacramento County,CA,Sacramento Office
94282,Sacramento,Sacramento County,CA,Sacramento Office
94283,Sacramento,Sacramento County,CA,Sacramento Office
94284,Sacramento,Sacramento County,CA,Sacramento Office
94285,Sacramento,Sacramento County,CA,Sacramento Office
94286,Sacramento,Sacramento County,CA,Sacramento Office
94287,Sacramento,Sacramento County,CA,Sacramento Office
94288,Sacramento,Sacramento County,CA,Sacramento Office
94289,Sacramento,Sacramento County,CA,Sacramento Office
94290,Sacramento,Sacramento County,CA,Sacramento Office
94291,Sacramento,Sacramento County,CA,Sacramento Office
94293,Sacramento,Sacramento County,CA,Sacramento Office
94294,Sacramento,Sacramento County,CA,Sacramento Office
94295,Sacramento,Sacramento County,CA,Sacramento Office
94296,Sacramento,Sacramento County,CA,Sacramento Office
94297,Sacramento,Sacramento County,CA,Sacramento Office
94298,Sacramento,Sacramento County,CA,Sacramento Office
94299,Sacramento,Sacramento County,CA,Sacramento Office
95608,Carmichael,Sacramento County,CA,Sacramento Office
95609,Carmichael,Sacramento County,CA,Sacramento Office
95610,Citrus Heights,Sacramento County,CA,Sacramento Office
95611,Citrus Heights,Sacramento County,CA,Sacramento Office
95615,Courtland,Sacramento County,CA,Sacramento Office
95621,Citrus Heights,Sacramento County,CA,Sacramento Office
95624,Elk Grove,Sacramento County,CA,Sacramento Office
95626,Elverta,Sacramento County,CA,Sacramento Office
95628,Fair Oaks,Sacramento County,CA,Sacramento Office
95630,Folsom,Sacramento County,CA,Sacramento Office
95632,Galt,Sacramento County,CA,Sacramento Office
95638,Herald,Sacramento County,CA,Sacramento Office
95639,Hood,Sacramento County,CA,Sacramento Office
95641,Isleton,Sacramento County,CA,Sacramento Office
95652,Mcclellan,Sacramento County,CA,Sacramento Office
95655,Mather,Sacramento County,CA,Sacramento Office
95660,North Highlands,Sacramento County,CA,Sacramento Office
95662,Orangevale,Sacramento County,CA,Sacramento Office
95670,Rancho Cordova,Sacramento County,CA,Sacramento Office
95671,Represa,Sacramento County,CA,Sacramento Office
95673,Rio Linda,Sacramento County,CA,Sacramento Office
95680,Ryde,Sacramento County,CA,Sacramento Office
95683,Sloughhouse,Sacramento County,CA,Sacramento Office
95690,Walnut Grove,Sacramento County,CA,Sacramento Office
95693,Wilton,Sacramento County,CA,Sacramento Office
95741,Rancho Cordova,Sacramento County,CA,Sacramento Office
95742,Rancho Cordova,Sacramento County,CA,Sacramento Office
95757,Elk Grove,Sacramento County,CA,Sacramento Office
95758,Elk Grove,Sacramento County,CA,Sacramento Office
95759,Elk Grove,Sacramento County,CA,Sacramento Office
95763,Folsom,Sacramento County,CA,Sacramento Office
95811,Sacramento,Sacramento County,CA,Sacramento Office
95812,Sacramento,Sacramento County,CA,Sacramento Office
95813,Sacramento,Sacramento County,CA,Sacramento Office
95814,Sacramento,Sacramento County,CA,Sacramento Office
95815,Sacramento,Sacramento County,CA,Sacramento Office
95816,Sacramento,Sacramento County,CA,Sacramento Office
95817,Sacramento,Sacramento County,CA,Sacramento Office
95818,Sacramento,Sacramento County,CA,Sacramento Office
95819,Sacramento,Sacramento County,CA,Sacramento Office
95820,Sacramento,Sacramento County,CA,Sacramento Office
95821,Sacramento,Sacramento County,CA,Sacramento Office
95822,Sacramento,Sacramento County,CA,Sacramento Office
95823,Sacramento,Sacramento County,CA,Sacramento Office
95824,Sacramento,Sacramento County,CA,Sacramento Office
95825,Sacramento,Sacramento County,CA,Sacramento Office
95826,Sacramento,Sacramento County,CA,Sacramento Office
95827,Sacramento,Sacramento County,CA,Sacramento Office
95828,Sacramento,Sacramento County,CA,Sacramento Office
95829,Sacramento,Sacramento County,CA,Sacramento Office
95830,Sacramento,Sacramento County,CA,Sacramento Office
95831,Sacramento,Sacramento County,CA,Sacramento Office
95832,Sacramento,Sacramento County,CA,Sacramento Office
95833,Sacramento,Sacramento County,CA,Sacramento Office
95834,Sacramento,Sacramento County,CA,Sacramento Office
95835,Sacramento,Sacramento County,CA,Sacramento Office
95836,Sacramento,Sacramento County,CA,Sacramento Office
95837,Sacramento,Sacramento County,CA,Sacramento Office
95838,Sacramento,Sacramento County,CA,Sacramento Office
95840,Sacramento,Sacramento County,CA,Sacramento Office
95841,Sacramento,Sacramento County,CA,Sacramento Office
95842,Sacramento,Sacramento County,CA,Sacramento Office
95843,Antelope,Sacramento County,CA,Sacramento Office
95851,Sacramento,Sacramento County,CA,Sacramento Office
95852,Sacramento,Sacramento County,CA,Sacramento Office
95853,Sacramento,Sacramento County,CA,Sacramento Office
95860,Sacramento,Sacramento County,CA,Sacramento Office
95864,Sacramento,Sacramento County,CA,Sacramento Office
95865,Sacramento,Sacramento County,CA,Sacramento Office
95866,Sacramento,Sacramento County,CA,Sacramento Office
95867,Sacramento,Sacramento County,CA,Sacramento Office
95887,Sacramento,Sacramento County,CA,Sacramento Office
95894,Sacramento,Sacramento County,CA,Sacramento Office
95899,Sacramento,Sacramento County,CA,Sacramento Office
95023,Hollister,San Benito County,CA,Bay Area Office
95024,Hollister,San Benito County,CA,Bay Area Office
95043,Paicines,San Benito County,CA,Bay Area Office
95045,San Juan Bautista,San Benito County,CA,Bay Area Office
95075,Tres Pinos,San Benito County,CA,Bay Area Office
91701,Rancho Cucamonga,San Bernardino County,CA,Los Angeles Office
91708,Chino,San Bernardino County,CA,Los Angeles Office
91709,Chino Hills,San Bernardino County,CA,Los Angeles Office
91710,Chino,San Bernardino County,CA,Los Angeles Office
91729,Rancho Cucamonga,San Bernardino County,CA,Los Angeles Office
91730,Rancho Cucamonga,San Bernardino County,CA,Los Angeles Office
91737,Rancho Cucamonga,San Bernardino County,CA,Los Angeles Office
91739,Rancho Cucamonga,San Bernardino County,CA,Los Angeles Office
91743,Guasti,San Bernardino County,CA,Los Angeles Office
91758,Ontario,San Bernardino County,CA,Los Angeles Office
91759,Mt Baldy,San Bernardino County,CA,Los Angeles Office
91761,Ontario,San Bernardino County,CA,Los Angeles Office
91762,Ontario,San Bernardino County,CA,Los Angeles Office
91763,Montclair,San Bernardino County,CA,Los Angeles Office
91764,Ontario,San Bernardino County,CA,Los Angeles Office
91784,Upland,San Bernardino County,CA,Los Angeles Office
91785,Upland,San Bernardino County,CA,Los Angeles Office
91786,Upland,San Bernardino County,CA,Los Angeles Office
91798,Ontario,San Bernardino County,CA,Los Angeles Office
92242,Earp,San Bernardino County,CA,Los Angeles Office
92252,Joshua Tree,San Bernardino County,CA,Los Angeles Office
92256,Morongo Valley,San Bernardino County,CA,Los Angeles Office
92267,Parker Dam,San Bernardino County,CA,Los Angeles Office
92268,Pioneertown,San Bernardino County,CA,Los Angeles Office
92277,Twentynine Palms,San Bernardino County,CA,Los Angeles Office
92278,Twentynine Palms,San Bernardino County,CA,Los Angeles Office
92280,Vidal,San Bernardino County,CA,Los Angeles Office
92284,Yucca Valley,San Bernardino County,CA,Los Angeles Office
92285,Landers,San Bernardino County,CA,Los Angeles Office
92286,Yucca Valley,San Bernardino County,CA,Los Angeles Office
92301,Adelanto,San Bernardino County,CA,Los Angeles Office
92304,Amboy,San Bernardino County,CA,Los Angeles Office
92305,Angelus Oaks,San Bernardino County,CA,Los Angeles Office
92307,Apple Valley,San Bernardino County,CA,Los Angeles Office
92308,Apple Valley,San Bernardino County,CA,Los Angeles Office
92309,Baker,San Bernardino County,CA,Los Angeles Office
92310,Fort Irwin,San Bernardino County,CA,Los Angeles Office
92311,Barstow,San Bernardino County,CA,Los Angeles Office
92312,Barstow,San Bernardino County,CA,Los Angeles Office
92313,Grand Terrace,San Bernardino County,CA,Los Angeles Office
92314,Big Bear City,San Bernardino County,CA,Los Angeles Office
92315,Big Bear Lake,San Bernardino County,CA,Los Angeles Office
92316,Bloomington,San Bernardino County,CA,Los Angeles Office
92317,Blue Jay,San Bernardino County,CA,Los Angeles Office
92318,Bryn Mawr,San Bernardino County,CA,Los Angeles Office
92321,Cedar Glen,San Bernardino County,CA,Los Angeles Office
92322,Cedarpines Park,San Bernardino County,CA,Los Angeles Office
92323,Cima,San Bernardino County,CA,Los Angeles Office
92324,Colton,San Bernardino County,CA,Los Angeles Office
92325,Crestline,San Bernardino County,CA,Los Angeles Office
92326,Crest Park,San Bernardino County,CA,Los Angeles Office
92327,Daggett,San Bernardino County,CA,Los Angeles Office
92329,Phelan,San Bernardino County,CA,Los Angeles Office
92331,Fontana,San Bernardino County,CA,Los Angeles Office
92332,Essex,San Bernardino County,CA,Los Angeles Office
92333,Fawnskin,San Bernardino County,CA,Los Angeles Office
92334,Fontana,San Bernardino County,CA,Los Angeles Office
92335,Fontana,San Bernardino County,CA,Los Angeles Office
92336,Fontana,San Bernardino County,CA,Los Angeles Office
92337,Fontana,San Bernardino County,CA,Los Angeles Office
92338,Ludlow,San Bernardino County,CA,Los Angeles Office
92339,Forest Falls,San Bernardino County,CA,Los Angeles Office
92340,Hesperia,San Bernardino County,CA,Los Angeles Office
92341,Green Valley Lake,San Bernardino County,CA,Los Angeles Office
92342,Helendale,San Bernardino County,CA,Los Angeles Office
92344,Hesperia,San Bernardino County,CA,Los Angeles Office
92345,Hesperia,San Bernardino County,CA,Los Angeles Office
92346,Highland,San Bernardino County,CA,Los Angeles Office
92347,Hinkley,San Bernardino County,CA,Los Angeles Office
92350,Loma Linda,San Bernardino County,CA,Los Angeles Office
92352,Lake Arrowhead,San Bernardino County,CA,Los Angeles Office
92354,Loma Linda,San Bernardino County,CA,Los Angeles Office
92356,Lucerne Valley,San Bernardino County,CA,Los Angeles Office
92357,Loma Linda,San Bernardino County,CA,Los Angeles Office
92358,Lytle Creek,San Bernardino County,CA,Los Angeles Office
92359,Mentone,San Bernardino County,CA,Los Angeles Office
92363,Needles,San Bernardino County,CA,Los Angeles Office
92364,Nipton,San Bernardino County,CA,Los Angeles Office
92365,Newberry Springs,San Bernardino County,CA,Los Angeles Office
92366,Mountain Pass,San Bernardino County,CA,Los Angeles Office
92368,Oro Grande,San Bernardino County,CA,Los Angeles Office
92369,Patton,San Bernardino County,CA,Los Angeles Office
92371,Phelan,San Bernardino County,CA,Los Angeles Office
92372,Pinon Hills,San Bernardino County,CA,Los Angeles Office
92373,Redlands,San Bernardino County,CA,Los Angeles Office
92374,Redlands,San Bernardino County,CA,Los Angeles Office
92375,Redlands,San Bernardino County,CA,Los Angeles Office
92376,Rialto,San Bernardino County,CA,Los Angeles Office
92377,Rialto,San Bernardino County,CA,Los Angeles Office
92378,Rimforest,San Bernardino County,CA,Los Angeles Office
92382,Running Springs,San Bernardino County,CA,Los Angeles Office
92385,Skyforest,San Bernardino County,CA,Los Angeles Office
92386,Sugarloaf,San Bernardino County,CA,Los Angeles Office
92391,Twin Peaks,San Bernardino County,CA,Los Angeles Office
92392,Victorville,San Bernardino County,CA,Los Angeles Office
92393,Victorville,San Bernardino County,CA,Los Angeles Office
92394,Victorville,San Bernardino County,CA,Los Angeles Office
92395,Victorville,San Bernardino County,CA,Los Angeles Office
92397,Wrightwood,San Bernardino County,CA,Los Angeles Office
92398,Yermo,San Bernardino County,CA,Los Angeles Office
92399,Yucaipa,San Bernardino County,CA,Los Angeles Office
92401,San Bernardino,San Bernardino County,CA,Los Angeles Office
92402,San Bernardino,San Bernardino County,CA,Los Angeles Office
92403,San Bernardino,San Bernardino County,CA,Los Angeles Office
92404,San Bernardino,San Bernardino County,CA,Los Angeles Office
92405,San Bernardino,San Bernardino County,CA,Los Angeles Office
92406,San Bernardino,San Bernardino County,CA,Los Angeles Office
92407,San Bernardino,San Bernardino County,CA,Los Angeles Office
92408,San Bernardino,San Bernardino County,CA,Los Angeles Office
92410,San Bernardino,San Bernardino County,CA,Los Angeles Office
92411,San Bernardino,San Bernardino County,CA,Los Angeles Office
92412,San Bernardino,San Bernardino County,CA,Los Angeles Office
92413,San Bernardino,San Bernardino County,CA,Los Angeles Office
92414,San Bernardino,San Bernardino County,CA,Los Angeles Office
92415,San Bernardino,San Bernardino County,CA,Los Angeles Office
92418,San Bernardino,San Bernardino County,CA,Los Angeles Office
92423,San Bernardino,San Bernardino County,CA,Los Angeles Office
92424,San Bernardino,San Bernardino County,CA,Los Angeles Office
92427,San Bernardino,San Bernardino County,CA,Los Angeles Office
93558,Red Mountain,San Bernardino County,CA,Los Angeles Office
93562,Trona,San Bernardino County,CA,Los Angeles Office
91901,Alpine,San Diego County,CA,San Diego Office
91902,Bonita,San Diego County,CA,San Diego Office
91903,Alpine,San Diego County,CA,San Diego Office
91905,Boulevard,San Diego County,CA,San Diego Office
91906,Campo,San Diego County,CA,San Diego Office
91908,Bonita,San Diego County,CA,San Diego Office
91909,Chula Vista,San Diego County,CA,San Diego Office
91910,Chula Vista,San Diego County,CA,San Diego Office
91911,Chula Vista,San Diego County,CA,San Diego Office
91912,Chula Vista,San Diego County,CA,San Diego Office
91913,Chula Vista,San Diego County,CA,San Diego Office
91914,Chula Vista,San Diego County,CA,San Diego Office
91915,Chula Vista,San Diego County,CA,San Diego Office
91916,Descanso,San Diego County,CA,San Diego Office
91917,Dulzura,San Diego County,CA,San Diego Office
91921,Chula Vista,San Diego County,CA,San Diego Office
91931,Guatay,San Diego County,CA,San Diego Office
91932,Imperial Beach,San Diego County,CA,San Diego Office
91933,Imperial Beach,San Diego County,CA,San Diego Office
91934,Jacumba,San Diego County,CA,San Diego Office
91935,Jamul,San Diego County,CA,San Diego Office
91941,La Mesa,San Diego County,CA,San Diego Office
91942,La Mesa,San Diego County,CA,San Diego Office
91943,La Mesa,San Diego County,CA,San Diego Office
91944,La Mesa,San Diego County,CA,San Diego Office
91945,Lemon Grove,San Diego County,CA,San Diego Office
91946,Lemon Grove,San Diego County,CA,San Diego Office
91947,Lincoln Acres,San Diego County,CA,San Diego Office
91948,Mount Laguna,San Diego County,CA,San Diego Office
91950,National City,San Diego County,CA,San Diego Office
91951,National City,San Diego County,CA,San Diego Office
91962,Pine Valley,San Diego County,CA,San Diego Office
91963,Potrero,San Diego County,CA,San Diego Office
91976,Spring Valley,San Diego County,CA,San Diego Office
91977,Spring Valley,San Diego County,CA,San Diego Office
91978,Spring Valley,San Diego County,CA,San Diego Office
91979,Spring Valley,San Diego County,CA,San Diego Office
91980,Tecate,San Diego County,CA,San Diego Office
91987,Tecate,San Diego County,CA,San Diego Office
91990,Potrero,San Diego County,CA,San Diego Office
92003,Bonsall,San Diego County,CA,San Diego Office
92004,Borrego Springs,San Diego County,CA,San Diego Office
92007,Cardiff By The Sea,San Diego County,CA,San Diego Office
92008,Carlsbad,San Diego County,CA,San Diego Office
92009,Carlsbad,San Diego County,CA,San Diego Office
92010,Carlsbad,San Diego County,CA,San Diego Office
92011,Carlsbad,San Diego County,CA,San Diego Office
92013,Carlsbad,San Diego County,CA,San Diego Office
92014,Del Mar,San Diego County,CA,San Diego Office
92018,Carlsbad,San Diego County,CA,San Diego Office
92019,El Cajon,San Diego County,CA,San Diego Office
92020,El Cajon,San Diego County,CA,San Diego Office
92021,El Cajon,San Diego County,CA,San Diego Office
92022,El Cajon,San Diego County,CA,San Diego Office
92023,Encinitas,San Diego County,CA,San Diego Office
92024,Encinitas,San Diego County,CA,San Diego Office
92025,Escondido,San Diego County,CA,San Diego Office
92026,Escondido,San Diego County,CA,San Diego Office
92027,Escondido,San Diego County,CA,San Diego Office
92028,Fallbrook,San Diego County,CA,San Diego Office
92029,Escondido,San Diego County,CA,San Diego Office
92030,Escondido,San Diego County,CA,San Diego Office
92033,Escondido,San Diego County,CA,San Diego Office
92036,Julian,San Diego County,CA,San Diego Office
92037,La Jolla,San Diego County,CA,San Diego Office
92038,La Jolla,San Diego County,CA,San Diego Office
92039,La Jolla,San Diego County,CA,San Diego Office
92040,Lakeside,San Diego County,CA,San Diego Office
92046,Escondido,San Diego County,CA,San Diego Office
92049,Oceanside,San Diego County,CA,San Diego Office
92051,Oceanside,San Diego County,CA,San Diego Office
92052,Oceanside,San Diego County,CA,San Diego Office
92054,Oceanside,San Diego County,CA,San Diego Office
92055,Camp Pendleton,San Diego County,CA,San Diego Office
92056,Oceanside,San Diego County,CA,San Diego Office
92057,Oceanside,San Diego County,CA,San Diego Office
92058,Oceanside,San Diego County,CA,San Diego Office
92059,Pala,San Diego County,CA,San Diego Office
92060,Palomar Mountain,San Diego County,CA,San Diego Office
92061,Pauma Valley,San Diego County,CA,San Diego Office
92064,Poway,San Diego County,CA,San Diego Office
92065,Ramona,San Diego County,CA,San Diego Office
92066,Ranchita,San Diego County,CA,San Diego Office
92067,Rancho Santa Fe,San Diego County,CA,San Diego Office
92068,San Luis Rey,San Diego County,CA,San Diego Office
92069,San Marcos,San Diego County,CA,San Diego Office
92070,Santa Ysabel,San Diego County,CA,San Diego Office
92071,Santee,San Diego County,CA,San Diego Office
92072,Santee,San Diego County,CA,San Diego Office
92074,Poway,San Diego County,CA,San Diego Office
92075,Solana Beach,San Diego County,CA,San Diego Office
92078,San Marcos,San Diego County,CA,San Diego Office
92079,San Marcos,San Diego County,CA,San Diego Office
92081,Vista,San Diego County,CA,San Diego Office
92082,Valley Center,San Diego County,CA,San Diego Office
92083,Vista,San Diego County,CA,San Diego Office
92084,Vista,San Diego County,CA,San Diego Office
92085,Vista,San Diego County,CA,San Diego Office
92086,Warner Springs,San Diego County,CA,San Diego Office
92088,Fallbrook,San Diego County,CA,San Diego Office
92090,El Cajon,San Diego County,CA,San Diego Office
92091,Rancho Santa Fe,San Diego County,CA,San Diego Office
92092,La Jolla,San Diego County,CA,San Diego Office
92093,La Jolla,San Diego County,CA,San Diego Office
92096,San Marcos,San Diego County,CA,San Diego Office
92101,San Diego,San Diego County,CA,San Diego Office
92102,San Diego,San Diego County,CA,San Diego Office
92103,San Diego,San Diego County,CA,San Diego Office
92104,San Diego,San Diego County,CA,San Diego Office
92105,San Diego,San Diego County,CA,San Diego Office
92106,San Diego,San Diego County,CA,San Diego Office
92107,San Diego,San Diego County,CA,San Diego Office
92108,San Diego,San Diego County,CA,San Diego Office
92109,San Diego,San Diego County,CA,San Diego Office
92110,San Diego,San Diego County,CA,San Diego Office
92111,San Diego,San Diego County,CA,San Diego Office
92112,San Diego,San Diego County,CA,San Diego Office
92113,San Diego,San Diego County,CA,San Diego Office
92114,San Diego,San Diego County,CA,San Diego Office
92115,San Diego,San Diego County,CA,San Diego Office
92116,San Diego,San Diego County,CA,San Diego Office
92117,San Diego,San Diego County,CA,San Diego Office
92118,Coronado,San Diego County,CA,San Diego Office
92119,San Diego,San Diego County,CA,San Diego Office
92120,San Diego,San Diego County,CA,San Diego Office
92121,San Diego,San Diego County,CA,San Diego Office
92122,San Diego,San Diego County,CA,San Diego Office
92123,San Diego,San Diego County,CA,San Diego Office
92124,San Diego,San Diego County,CA,San Diego Office
92126,San Diego,San Diego County,CA,San Diego Office
92127,San Diego,San Diego County,CA,San Diego Office
92128,San Diego,San Diego County,CA,San Diego Office
92129,San Diego,San Diego County,CA,San Diego Office
92130,San Diego,San Diego County,CA,San Diego Office
92131,San Diego,San Diego County,CA,San Diego Office
92132,San Diego,San Diego County,CA,San Diego Office
92133,San Diego,San Diego County,CA,San Diego Office
92134,San Diego,San Diego County,CA,San Diego Office
92135,San Diego,San Diego County,CA,San Diego Office
92136,San Diego,San Diego County,CA,San Diego Office
92137,San Diego,San Diego County,CA,San Diego Office
92138,San Diego,San Diego County,CA,San Diego Office
92139,San Diego,San Diego County,CA,San Diego Office
92140,San Diego,San Diego County,CA,San Diego Office
92142,San Diego,San Diego County,CA,San Diego Office
92143,San Ysidro,San Diego County,CA,San Diego Office
92145,San Diego,San Diego County,CA,San Diego Office
92147,San Diego,San Diego County,CA,San Diego Office
92149,San Diego,San Diego County,CA,San Diego Office
92150,San Diego,San Diego County,CA,San Diego Office
92152,San Diego,San Diego County,CA,San Diego Office
92153,San Diego,San Diego County,CA,San Diego Office
92154,San Diego,San Diego County,CA,San Diego Office
92155,San Diego,San Diego County,CA,San Diego Office
92158,San Diego,San Diego County,CA,San Diego Office
92159,San Diego,San Diego County,CA,San Diego Office
92160,San Diego,San Diego County,CA,San Diego Office
92161,San Diego,San Diego County,CA,San Diego Office
92162,San Diego,San Diego County,CA,San Diego Office
92163,San Diego,San Diego County,CA,San Diego Office
92164,San Diego,San Diego County,CA,San Diego Office
92165,San Diego,San Diego County,CA,San Diego Office
92166,San Diego,San Diego County,CA,San Diego Office
92167,San Diego,San Diego County,CA,San Diego Office
92168,San Diego,San Diego County,CA,San Diego Office
92169,San Diego,San Diego County,CA,San Diego Office
92170,San Diego,San Diego County,CA,San Diego Office
92171,San Diego,San Diego County,CA,San Diego Office
92172,San Diego,San Diego County,CA,San Diego Office
92173,San Ysidro,San Diego County,CA,San Diego Office
92174,San Diego,San Diego County,CA,San Diego Office
92175,San Diego,San Diego County,CA,San Diego Office
92176,San Diego,San Diego County,CA,San Diego Office
92177,San Diego,San Diego County,CA,San Diego Office
92178,Coronado,San Diego County,CA,San Diego Office
92179,San Diego,San Diego County,CA,San Diego Office
92182,San Diego,San Diego County,CA,San Diego Office
92184,San Diego,San Diego County,CA,San Diego Office
92186,San Diego,San Diego County,CA,San Diego Office
92187,San Diego,San Diego County,CA,San Diego Office
92190,San Diego,San Diego County,CA,San Diego Office
92191,San Diego,San Diego County,CA,San Diego Office
92192,San Diego,San Diego County,CA,San Diego Office
92193,San Diego,San Diego County,CA,San Diego Office
92194,San Diego,San Diego County,CA,San Diego Office
92195,San Diego,San Diego County,CA,San Diego Office
92196,San Diego,San Diego County,CA,San Diego Office
92197,San Diego,San Diego County,CA,San Diego Office
92198,San Diego,San Diego County,CA,San Diego Office
92199,San Diego,San Diego County,CA,San Diego Office
94101,San Francisco,San Francisco County,CA,Bay Area Office
94102,San Francisco,San Francisco County,CA,Bay Area Office
94103,San Francisco,San Francisco County,CA,Bay Area Office
94104,San Francisco,San Francisco County,CA,Bay Area Office
94105,San Francisco,San Francisco County,CA,Bay Area Office
94106,San Francisco,San Francisco County,CA,Bay Area Office
94107,San Francisco,San Francisco County,CA,Bay Area Office
94108,San Francisco,San Francisco County,CA,Bay Area Office
94109,San Francisco,San Francisco County,CA,Bay Area Office
94110,San Francisco,San Francisco County,CA,Bay Area Office
94111,San Francisco,San Francisco County,CA,Bay Area Office
94112,San Francisco,San Francisco County,CA,Bay Area Office
94114,San Francisco,San Francisco County,CA,Bay Area Office
94115,San Francisco,San Francisco County,CA,Bay Area Office
94116,San Francisco,San Francisco County,CA,Bay Area Office
94117,San Francisco,San Francisco County,CA,Bay Area Office
94118,San Francisco,San Francisco County,CA,Bay Area Office
94119,San Francisco,San Francisco County,CA,Bay Area Office
94120,San Francisco,San Francisco County,CA,Bay Area Office
94121,San Francisco,San Francisco County,CA,Bay Area Office
94122,San Francisco,San Francisco County,CA,Bay Area Office
94123,San Francisco,San Francisco County,CA,Bay Area Office
94124,San Francisco,San Francisco County,CA,Bay Area Office
94125,San Francisco,San Francisco County,CA,Bay Area Office
94126,San Francisco,San Francisco County,CA,Bay Area Office
94127,San Francisco,San Francisco County,CA,Bay Area Office
94129,San Francisco,San Francisco County,CA,Bay Area Office
94130,San Francisco,San Francisco County,CA,Bay Area Office
94131,San Francisco,San Francisco County,CA,Bay Area Office
94132,San Francisco,San Francisco County,CA,Bay Area Office
94133,San Francisco,San Francisco County,CA,Bay Area Office
94134,San Francisco,San Francisco County,CA,Bay Area Office
94135,San Francisco,San Francisco County,CA,Bay Area Office
94136,San Francisco,San Francisco County,CA,Bay Area Office
94137,San Francisco,San Francisco County,CA,Bay Area Office
94138,San Francisco,San Francisco County,CA,Bay Area Office
94139,San Francisco,San Francisco County,CA,Bay Area Office
94140,San Francisco,San Francisco County,CA,Bay Area Office
94141,San Francisco,San Francisco County,CA,Bay Area Office
94142,San Francisco,San Francisco County,CA,Bay Area Office
94143,San Francisco,San Francisco County,CA,Bay Area Office
94144,San Francisco,San Francisco County,CA,Bay Area Office
94145,San Francisco,San Francisco County,CA,Bay Area Office
94146,San Francisco,San Francisco County,CA,Bay Area Office
94147,San Francisco,San Francisco County,CA,Bay Area Office
94150,San Francisco,San Francisco County,CA,Bay Area Office
94151,San Francisco,San Francisco County,CA,Bay Area Office
94152,San Francisco,San Francisco County,CA,Bay Area Office
94153,San Francisco,San Francisco County,CA,Bay Area Office
94154,San Francisco,San Francisco County,CA,Bay Area Office
94155,San Francisco,San Francisco County,CA,Bay Area Office
94156,San Francisco,San Francisco County,CA,Bay Area Office
94158,San Francisco,San Francisco County,CA,Bay Area Office
94159,San Francisco,San Francisco County,CA,Bay Area Office
94160,San Francisco,San Francisco County,CA,Bay Area Office
94161,San Francisco,San Francisco County,CA,Bay Area Office
94162,San Francisco,San Francisco County,CA,Bay Area Office
94163,San Francisco,San Francisco County,CA,Bay Area Office
94164,San Francisco,San Francisco County,CA,Bay Area Office
94171,San Francisco,San Francisco County,CA,Bay Area Office
94172,San Francisco,San Francisco County,CA,Bay Area Office
94175,San Francisco,San Francisco County,CA,Bay Area Office
94177,San Francisco,San Francisco County,CA,Bay Area Office
94188,San Francisco,San Francisco County,CA,Bay Area Office
94199,San Francisco,San Francisco County,CA,Bay Area Office
95201,Stockton,San Joaquin County,CA,Sacramento Office
95202,Stockton,San Joaquin County,CA,Sacramento Office
95203,Stockton,San Joaquin County,CA,Sacramento Office
95204,Stockton,San Joaquin County,CA,Sacramento Office
95205,Stockton,San Joaquin County,CA,Sacramento Office
95206,Stockton,San Joaquin County,CA,Sacramento Office
95207,Stockton,San Joaquin County,CA,Sacramento Office
95208,Stockton,San Joaquin County,CA,Sacramento Office
95209,Stockton,San Joaquin County,CA,Sacramento Office
95210,Stockton,San Joaquin County,CA,Sacramento Office
95211,Stockton,San Joaquin County,CA,Sacramento Office
95212,Stockton,San Joaquin County,CA,Sacramento Office
95213,Stockton,San Joaquin County,CA,Sacramento Office
95215,Stockton,San Joaquin County,CA,Sacramento Office
95219,Stockton,San Joaquin County,CA,Sacramento Office
95220,Acampo,San Joaquin County,CA,Sacramento Office
95227,Clements,San Joaquin County,CA,Sacramento Office
95230,Farmington,San Joaquin County,CA,Sacramento Office
95231,French Camp,San Joaquin County,CA,Sacramento Office
95234,Holt,San Joaquin County,CA,Sacramento Office
95236,Linden,San Joaquin County,CA,Sacramento Office
95237,Lockeford,San Joaquin County,CA,Sacramento Office
95240,Lodi,San Joaquin County,CA,Sacramento Office
95241,Lodi,San Joaquin County,CA,Sacramento Office
95242,Lodi,San Joaquin County,CA,Sacramento Office
95253,Victor,San Joaquin County,CA,Sacramento Office
95258,Woodbridge,San Joaquin County,CA,Sacramento Office
95267,Stockton,San Joaquin County,CA,Sacramento Office
95269,Stockton,San Joaquin County,CA,Sacramento Office
95296,Stockton,San Joaquin County,CA,Sacramento Office
95297,Stockton,San Joaquin County,CA,Sacramento Office
95304,Tracy,San Joaquin County,CA,Sacramento Office
95320,Escalon,San Joaquin County,CA,Sacramento Office
95330,Lathrop,San Joaquin County,CA,Sacramento Office
95336,Manteca,San Joaquin County,CA,Sacramento Office
95337,Manteca,San Joaquin County,CA,Sacramento Office
95366,Ripon,San Joaquin County,CA,Sacramento Office
95376,Tracy,San Joaquin County,CA,Sacramento Office
95377,Tracy,San Joaquin County,CA,Sacramento Office
95378,Tracy,San Joaquin County,CA,Sacramento Office
95391,Tracy,San Joaquin County,CA,Sacramento Office
95686,Thornton,San Joaquin County,CA,Sacramento Office
95214,Stockton,San Joaquin County,CA,Sacramento Office
93401,San Luis Obispo,San Luis Obispo County,CA,Los Angeles Office
93402,Los Osos,San Luis Obispo County,CA,Los Angeles Office
93403,San Luis Obispo,San Luis Obispo County,CA,Los Angeles Office
93405,San Luis Obispo,San Luis Obispo County,CA,Los Angeles Office
93406,San Luis Obispo,San Luis Obispo County,CA,Los Angeles Office
93407,San Luis Obispo,San Luis Obispo County,CA,Los Angeles Office
93408,San Luis Obispo,San Luis Obispo County,CA,Los Angeles Office
93409,San Luis Obispo,San Luis Obispo County,CA,Los Angeles Office
93410,San Luis Obispo,San Luis Obispo County,CA,Los Angeles Office
93412,Los Osos,San Luis Obispo County,CA,Los Angeles Office
93420,Arroyo Grande,San Luis Obispo County,CA,Los Angeles Office
93421,Arroyo Grande,San Luis Obispo County,CA,Los Angeles Office
93422,Atascadero,San Luis Obispo County,CA,Los Angeles Office
93423,Atascadero,San Luis Obispo County,CA,Los Angeles Office
93424,Avila Beach,San Luis Obispo County,CA,Los Angeles Office
93428,Cambria,San Luis Obispo County,CA,Los Angeles Office
93430,Cayucos,San Luis Obispo County,CA,Los Angeles Office
93432,Creston,San Luis Obispo County,CA,Los Angeles Office
93433,Grover Beach,San Luis Obispo County,CA,Los Angeles Office
93435,Harmony,San Luis Obispo County,CA,Los Angeles Office
93442,Morro Bay,San Luis Obispo County,CA,Los Angeles Office
93443,Morro Bay,San Luis Obispo County,CA,Los Angeles Office
93444,Nipomo,San Luis Obispo County,CA,Los Angeles Office
93445,Oceano,San Luis Obispo County,CA,Los Angeles Office
93446,Paso Robles,San Luis Obispo County,CA,Los Angeles Office
93447,Paso Robles,San Luis Obispo County,CA,Los Angeles Office
93448,Pismo Beach,San Luis Obispo County,CA,Los Angeles Office
93449,Pismo Beach,San Luis Obispo County,CA,Los Angeles Office
93451,San Miguel,San Luis Obispo County,CA,Los Angeles Office
93452,San Simeon,San Luis Obispo County,CA,Los Angeles Office
93453,Santa Margarita,San Luis Obispo County,CA,Los Angeles Office
93461,Shandon,San Luis Obispo County,CA,Los Angeles Office
93465,Templeton,San Luis Obispo County,CA,Los Angeles Office
93475,Oceano,San Luis Obispo County,CA,Los Angeles Office
93483,Grover Beach,San Luis Obispo County,CA,Los Angeles Office
94002,Belmont,San Mateo County,CA,Bay Area Office
94005,Brisbane,San Mateo County,CA,Bay Area Office
94010,Burlingame,San Mateo County,CA,Bay Area Office
94011,Burlingame,San Mateo County,CA,Bay Area Office
94013,Daly City,San Mateo County,CA,Bay Area Office
94014,Daly City,San Mateo County,CA,Bay Area Office
94015,Daly City,San Mateo County,CA,Bay Area Office
94016,Daly City,San Mateo County,CA,Bay Area Office
94017,Daly City,San Mateo County,CA,Bay Area Office
94018,El Granada,San Mateo County,CA,Bay Area Office
94019,Half Moon Bay,San Mateo County,CA,Bay Area Office
94020,La Honda,San Mateo County,CA,Bay Area Office
94021,Loma Mar,San Mateo County,CA,Bay Area Office
94025,Menlo Park,San Mateo County,CA,Bay Area Office
94026,Menlo Park,San Mateo County,CA,Bay Area Office
94027,Atherton,San Mateo County,CA,Bay Area Office
94028,Portola Valley,San Mateo County,CA,Bay Area Office
94030,Millbrae,San Mateo County,CA,Bay Area Office
94037,Montara,San Mateo County,CA,Bay Area Office
94038,Moss Beach,San Mateo County,CA,Bay Area Office
94044,Pacifica,San Mateo County,CA,Bay Area Office
94060,Pescadero,San Mateo County,CA,Bay Area Office
94061,Redwood City,San Mateo County,CA,Bay Area Office
94062,Redwood City,San Mateo County,CA,Bay Area Office
94063,Redwood City,San Mateo County,CA,Bay Area Office
94064,Redwood City,San Mateo County,CA,Bay Area Office
94065,Redwood City,San Mateo County,CA,Bay Area Office
94066,San Bruno,San Mateo County,CA,Bay Area Office
94070,San Carlos,San Mateo County,CA,Bay Area Office
94074,San Gregorio,San Mateo County,CA,Bay Area Office
94080,South San Francisco,San Mateo County,CA,Bay Area Office
94083,South San Francisco,San Mateo County,CA,Bay Area Office
94128,San Francisco,San Mateo County,CA,Bay Area Office
94303,Palo Alto,San Mateo County,CA,Bay Area Office
94401,San Mateo,San Mateo County,CA,Bay Area Office
94402,San Mateo,San Mateo County,CA,Bay Area Office
94403,San Mateo,San Mateo County,CA,Bay Area Office
94404,San Mateo,San Mateo County,CA,Bay Area Office
94497,San Mateo,San Mateo County,CA,Bay Area Office
93013,Carpinteria,Santa Barbara County,CA,Los Angeles Office
93014,Carpinteria,Santa Barbara County,CA,Los Angeles Office
93067,Summerland,Santa Barbara County,CA,Los Angeles Office
93101,Santa Barbara,Santa Barbara County,CA,Los Angeles Office
93102,Santa Barbara,Santa Barbara County,CA,Los Angeles Office
93103,Santa Barbara,Santa Barbara County,CA,Los Angeles Office
93105,Santa Barbara,Santa Barbara County,CA,Los Angeles Office
93106,Santa Barbara,Santa Barbara County,CA,Los Angeles Office
93107,Santa Barbara,Santa Barbara County,CA,Los Angeles Office
93108,Santa Barbara,Santa Barbara County,CA,Los Angeles Office
93109,Santa Barbara,Santa Barbara County,CA,Los Angeles Office
93110,Santa Barbara,Santa Barbara County,CA,Los Angeles Office
93111,Santa Barbara,Santa Barbara County,CA,Los Angeles Office
93116,Goleta,Santa Barbara County,CA,Los Angeles Office
93117,Goleta,Santa Barbara County,CA,Los Angeles Office
93118,Goleta,Santa Barbara County,CA,Los Angeles Office
93120,Santa Barbara,Santa Barbara County,CA,Los Angeles Office
93121,Santa Barbara,Santa Barbara County,CA,Los Angeles Office
93130,Santa Barbara,Santa Barbara County,CA,Los Angeles Office
93140,Santa Barbara,Santa Barbara County,CA,Los Angeles Office
93150,Santa Barbara,Santa Barbara County,CA,Los Angeles Office
93160,Santa Barbara,Santa Barbara County,CA,Los Angeles Office
93190,Santa Barbara,Santa Barbara County,CA,Los Angeles Office
93199,Goleta,Santa Barbara County,CA,Los Angeles Office
93254,New Cuyama,Santa Barbara County,CA,Los Angeles Office
93427,Buellton,Santa Barbara County,CA,Los Angeles Office
93429,Casmalia,Santa Barbara County,CA,Los Angeles Office
93434,Guadalupe,Santa Barbara County,CA,Los Angeles Office
93436,Lompoc,Santa Barbara County,CA,Los Angeles Office
93437,Lompoc,Santa Barbara County,CA,Los Angeles Office
93438,Lompoc,Santa Barbara County,CA,Los Angeles Office
93440,Los Alamos,Santa Barbara County,CA,Los Angeles Office
93441,Los Olivos,Santa Barbara County,CA,Los Angeles Office
93454,Santa Maria,Santa Barbara County,CA,Los Angeles Office
93455,Santa Maria,Santa Barbara County,CA,Los Angeles Office
93456,Santa Maria,Santa Barbara County,CA,Los Angeles Office
93457,Santa Maria,Santa Barbara County,CA,Los Angeles Office
93458,Santa Maria,Santa Barbara County,CA,Los Angeles Office
93460,Santa Ynez,Santa Barbara County,CA,Los Angeles Office
93463,Solvang,Santa Barbara County,CA,Los Angeles Office
93464,Solvang,Santa Barbara County,CA,Los Angeles Office
94022,Los Altos,Santa Clara County,CA,Bay Area Office
94023,Los Altos,Santa Clara County,CA,Bay Area Office
94024,Los Altos,Santa Clara County,CA,Bay Area Office
94035,Mountain View,Santa Clara County,CA,Bay Area Office
94039,Mountain View,Santa Clara County,CA,Bay Area Office
94040,Mountain View,Santa Clara County,CA,Bay Area Office
94041,Mountain View,Santa Clara County,CA,Bay Area Office
94042,Mountain View,Santa Clara County,CA,Bay Area Office
94043,Mountain View,Santa Clara County,CA,Bay Area Office
94085,Sunnyvale,Santa Clara County,CA,Bay Area Office
94086,Sunnyvale,Santa Clara County,CA,Bay Area Office
94087,Sunnyvale,Santa Clara County,CA,Bay Area Office
94088,Sunnyvale,Santa Clara County,CA,Bay Area Office
94089,Sunnyvale,Santa Clara County,CA,Bay Area Office
94301,Palo Alto,Santa Clara County,CA,Bay Area Office
94302,Palo Alto,Santa Clara County,CA,Bay Area Office
94304,Palo Alto,Santa Clara County,CA,Bay Area Office
94305,Stanford,Santa Clara County,CA,Bay Area Office
94306,Palo Alto,Santa Clara County,CA,Bay Area Office
94309,Palo Alto,Santa Clara County,CA,Bay Area Office
95002,Alviso,Santa Clara County,CA,Bay Area Office
95008,Campbell,Santa Clara County,CA,Bay Area Office
95009,Campbell,Santa Clara County,CA,Bay Area Office
95011,Campbell,Santa Clara County,CA,Bay Area Office
95013,Coyote,Santa Clara County,CA,Bay Area Office
95014,Cupertino,Santa Clara County,CA,Bay Area Office
95015,Cupertino,Santa Clara County,CA,Bay Area Office
95020,Gilroy,Santa Clara County,CA,Bay Area Office
95021,Gilroy,Santa Clara County,CA,Bay Area Office
95026,Holy City,Santa Clara County,CA,Bay Area Office
95030,Los Gatos,Santa Clara County,CA,Bay Area Office
95031,Los Gatos,Santa Clara County,CA,Bay Area Office
95032,Los Gatos,Santa Clara County,CA,Bay Area Office
95035,Milpitas,Santa Clara County,CA,Bay Area Office
95036,Milpitas,Santa Clara County,CA,Bay Area Office
95037,Morgan Hill,Santa Clara County,CA,Bay Area Office
95038,Morgan Hill,Santa Clara County,CA,Bay Area Office
95042,New Almaden,Santa Clara County,CA,Bay Area Office
95044,Redwood Estates,Santa Clara County,CA,Bay Area Office
95046,San Martin,Santa Clara County,CA,Bay Area Office
95050,Santa Clara,Santa Clara County,CA,Bay Area Office
95051,Santa Clara,Santa Clara County,CA,Bay Area Office
95052,Santa Clara,Santa Clara County,CA,Bay Area Office
95053,Santa Clara,Santa Clara County,CA,Bay Area Office
95054,Santa Clara,Santa Clara County,CA,Bay Area Office
95055,Santa Clara,Santa Clara County,CA,Bay Area Office
95056,Santa Clara,Santa Clara County,CA,Bay Area Office
95070,Saratoga,Santa Clara County,CA,Bay Area Office
95071,Saratoga,Santa Clara County,CA,Bay Area Office
95101,San Jose,Santa Clara County,CA,Bay Area Office
95103,San Jose,Santa Clara County,CA,Bay Area Office
95106,San Jose,Santa Clara County,CA,Bay Area Office
95108,San Jose,Santa Clara County,CA,Bay Area Office
95109,San Jose,Santa Clara County,CA,Bay Area Office
95110,San Jose,Santa Clara County,CA,Bay Area Office
95111,San Jose,Santa Clara County,CA,Bay Area Office
95112,San Jose,Santa Clara County,CA,Bay Area Office
95113,San Jose,Santa Clara County,CA,Bay Area Office
95115,San Jose,Santa Clara County,CA,Bay Area Office
95116,San Jose,Santa Clara County,CA,Bay Area Office
95117,San Jose,Santa Clara County,CA,Bay Area Office
95118,San Jose,Santa Clara County,CA,Bay Area Office
95119,San Jose,Santa Clara County,CA,Bay Area Office
95120,San Jose,Santa Clara County,CA,Bay Area Office
95121,San Jose,Santa Clara County,CA,Bay Area Office
95122,San Jose,Santa Clara County,CA,Bay Area Office
95123,San Jose,Santa Clara County,CA,Bay Area Office
95124,San Jose,Santa Clara County,CA,Bay Area Office
95125,San Jose,Santa Clara County,CA,Bay Area Office
95126,San Jose,Santa Clara County,CA,Bay Area Office
95127,San Jose,Santa Clara County,CA,Bay Area Office
95128,San Jose,Santa Clara County,CA,Bay Area Office
95129,San Jose,Santa Clara County,CA,Bay Area Office
95130,San Jose,Santa Clara County,CA,Bay Area Office
95131,San Jose,Santa Clara County,CA,Bay Area Office
95132,San Jose,Santa Clara County,CA,Bay Area Office
95133,San Jose,Santa Clara County,CA,Bay Area Office
95134,San Jose,Santa Clara County,CA,Bay Area Office
95135,San Jose,Santa Clara County,CA,Bay Area Office
95136,San Jose,Santa Clara County,CA,Bay Area Office
95138,San Jose,Santa Clara County,CA,Bay Area Office
95139,San Jose,Santa Clara County,CA,Bay Area Office
95140,Mount Hamilton,Santa Clara County,CA,Bay Area Office
95141,San Jose,Santa Clara County,CA,Bay Area Office
95148,San Jose,Santa Clara County,CA,Bay Area Office
95150,San Jose,Santa Clara County,CA,Bay Area Office
95151,San Jose,Santa Clara County,CA,Bay Area Office
95152,San Jose,Santa Clara County,CA,Bay Area Office
95153,San Jose,Santa Clara County,CA,Bay Area Office
95154,San Jose,Santa Clara County,CA,Bay Area Office
95155,San Jose,Santa Clara County,CA,Bay Area Office
95156,San Jose,Santa Clara County,CA,Bay Area Office
95157,San Jose,Santa Clara County,CA,Bay Area Office
95158,San Jose,Santa Clara County,CA,Bay Area Office
95159,San Jose,Santa Clara County,CA,Bay Area Office
95160,San Jose,Santa Clara County,CA,Bay Area Office
95161,San Jose,Santa Clara County,CA,Bay Area Office
95164,San Jose,Santa Clara County,CA,Bay Area Office
95170,San Jose,Santa Clara County,CA,Bay Area Office
95172,San Jose,Santa Clara County,CA,Bay Area Office
95173,San Jose,Santa Clara County,CA,Bay Area Office
95190,San Jose,Santa Clara County,CA,Bay Area Office
95191,San Jose,Santa Clara County,CA,Bay Area Office
95192,San Jose,Santa Clara County,CA,Bay Area Office
95193,San Jose,Santa Clara County,CA,Bay Area Office
95194,San Jose,Santa Clara County,CA,Bay Area Office
95196,San Jose,Santa Clara County,CA,Bay Area Office
95001,Aptos,Santa Cruz County,CA,Bay Area Office
95003,Aptos,Santa Cruz County,CA,Bay Area Office
95005,Ben Lomond,Santa Cruz County,CA,Bay Area Office
95006,Boulder Creek,Santa Cruz County,CA,Bay Area Office
95007,Brookdale,Santa Cruz County,CA,Bay Area Office
95010,Capitola,Santa Cruz County,CA,Bay Area Office
95017,Davenport,Santa Cruz County,CA,Bay Area Office
95018,Felton,Santa Cruz County,CA,Bay Area Office
95019,Freedom,Santa Cruz County,CA,Bay Area Office
95033,Los Gatos,Santa Cruz County,CA,Bay Area Office
95041,Mount Hermon,Santa Cruz County,CA,Bay Area Office
95060,Santa Cruz,Santa Cruz County,CA,Bay Area Office
95061,Santa Cruz,Santa Cruz County,CA,Bay Area Office
95062,Santa Cruz,Santa Cruz County,CA,Bay Area Office
95063,Santa Cruz,Santa Cruz County,CA,Bay Area Office
95064,Santa Cruz,Santa Cruz County,CA,Bay Area Office
95065,Santa Cruz,Santa Cruz County,CA,Bay Area Office
95066,Scotts Valley,Santa Cruz County,CA,Bay Area Office
95067,Scotts Valley,Santa Cruz County,CA,Bay Area Office
95073,Soquel,Santa Cruz County,CA,Bay Area Office
95076,Watsonville,Santa Cruz County,CA,Bay Area Office
95077,Watsonville,Santa Cruz County,CA,Bay Area Office
96001,Redding,Shasta County,CA,Sacramento Office
96002,Redding,Shasta County,CA,Sacramento Office
96003,Redding,Shasta County,CA,Sacramento Office
96007,Anderson,Shasta County,CA,Sacramento Office
96008,Bella Vista,Shasta County,CA,Sacramento Office
96011,Big Bend,Shasta County,CA,Sacramento Office
96013,Burney,Shasta County,CA,Sacramento Office
96016,Cassel,Shasta County,CA,Sacramento Office
96017,Castella,Shasta County,CA,Sacramento Office
96019,Shasta Lake,Shasta County,CA,Sacramento Office
96028,Fall River Mills,Shasta County,CA,Sacramento Office
96033,French Gulch,Shasta County,CA,Sacramento Office
96040,Hat Creek,Shasta County,CA,Sacramento Office
96047,Igo,Shasta County,CA,Sacramento Office
96051,Lakehead,Shasta County,CA,Sacramento Office
96056,Mcarthur,Shasta County,CA,Sacramento Office
96062,Millville,Shasta County,CA,Sacramento Office
96065,Montgomery Creek,Shasta County,CA,Sacramento Office
96069,Oak Run,Shasta County,CA,Sacramento Office
96070,Obrien,Shasta County,CA,Sacramento Office
96071,Old Station,Shasta County,CA,Sacramento Office
96073,Palo Cedro,Shasta County,CA,Sacramento Office
96079,Shasta Lake,Shasta County,CA,Sacramento Office
96084,Round Mountain,Shasta County,CA,Sacramento Office
96087,Shasta,Shasta County,CA,Sacramento Office
96088,Shingletown,Shasta County,CA,Sacramento Office
96089,Shasta Lake,Shasta County,CA,Sacramento Office
96095,Whiskeytown,Shasta County,CA,Sacramento Office
96096,Whitmore,Shasta County,CA,Sacramento Office
96099,Redding,Shasta County,CA,Sacramento Office
95910,Alleghany,Sierra County,CA,Sacramento Office
95936,Downieville,Sierra County,CA,Sacramento Office
95944,Goodyears Bar,Sierra County,CA,Sacramento Office
96111,Floriston,Sierra County,CA,Sacramento Office
96118,Loyalton,Sierra County,CA,Sacramento Office
96124,Calpine,Sierra County,CA,Sacramento Office
96125,Sierra City,Sierra County,CA,Sacramento Office
96126,Sierraville,Sierra County,CA,Sacramento Office
95568,Somes Bar,Siskiyou County,CA,Sacramento Office
96014,Callahan,Siskiyou County,CA,Sacramento Office
96023,Dorris,Siskiyou County,CA,Sacramento Office
96025,Dunsmuir,Siskiyou County,CA,Sacramento Office
96027,Etna,Siskiyou County,CA,Sacramento Office
96031,Forks Of Salmon,Siskiyou County,CA,Sacramento Office
96032,Fort Jones,Siskiyou County,CA,Sacramento Office
96034,Gazelle,Siskiyou County,CA,Sacramento Office
96037,Greenview,Siskiyou County,CA,Sacramento Office
96038,Grenada,Siskiyou County,CA,Sacramento Office
96039,Happy Camp,Siskiyou County,CA,Sacramento Office
96044,Hornbrook,Siskiyou County,CA,Sacramento Office
96049,Redding,Siskiyou County,CA,Sacramento Office
96050,Klamath River,Siskiyou County,CA,Sacramento Office
96057,Mccloud,Siskiyou County,CA,Sacramento Office
96058,Macdoel,Siskiyou County,CA,Sacramento Office
96064,Montague,Siskiyou County,CA,Sacramento Office
96067,Mount Shasta,Siskiyou County,CA,Sacramento Office
96085,Scott Bar,Siskiyou County,CA,Sacramento Office
96086,Seiad Valley,Siskiyou County,CA,Sacramento Office
96094,Weed,Siskiyou County,CA,Sacramento Office
96097,Yreka,Siskiyou County,CA,Sacramento Office
96134,Tulelake,Siskiyou County,CA,Sacramento Office
94510,Benicia,Solano County,CA,Sacramento Office
94512,Birds Landing,Solano County,CA,Sacramento Office
94533,Fairfield,Solano County,CA,Sacramento Office
94534,Fairfield,Solano County,CA,Sacramento Office
94535,Travis AFB,Solano County,CA,Sacramento Office
94571,Rio Vista,Solano County,CA,Sacramento Office
94585,Suisun City,Solano County,CA,Sacramento Office
94589,Vallejo,Solano County,CA,Sacramento Office
94590,Vallejo,Solano County,CA,Sacramento Office
94591,Vallejo,Solano County,CA,Sacramento Office
94592,Vallejo,Solano County,CA,Sacramento Office
95620,Dixon,Solano County,CA,Sacramento Office
95625,Elmira,Solano County,CA,Sacramento Office
95687,Vacaville,Solano County,CA,Sacramento Office
95688,Vacaville,Solano County,CA,Sacramento Office
95696,Vacaville,Solano County,CA,Sacramento Office
94922,Bodega,Sonoma County,CA,Bay Area Office
94923,Bodega Bay,Sonoma County,CA,Bay Area Office
94926,Rohnert Park,Sonoma County,CA,Bay Area Office
94927,Rohnert Park,Sonoma County,CA,Bay Area Office
94928,Rohnert Park,Sonoma County,CA,Bay Area Office
94931,Cotati,Sonoma County,CA,Bay Area Office
94951,Penngrove,Sonoma County,CA,Bay Area Office
94952,Petaluma,Sonoma County,CA,Bay Area Office
94953,Petaluma,Sonoma County,CA,Bay Area Office
94954,Petaluma,Sonoma County,CA,Bay Area Office
94955,Petaluma,Sonoma County,CA,Bay Area Office
94975,Petaluma,Sonoma County,CA,Bay Area Office
94999,Petaluma,Sonoma County,CA,Bay Area Office
95401,Santa Rosa,Sonoma County,CA,Bay Area Office
95402,Santa Rosa,Sonoma County,CA,Bay Area Office
95403,Santa Rosa,Sonoma County,CA,Bay Area Office
95404,Santa Rosa,Sonoma County,CA,Bay Area Office
95405,Santa Rosa,Sonoma County,CA,Bay Area Office
95406,Santa Rosa,Sonoma County,CA,Bay Area Office
95407,Santa Rosa,Sonoma County,CA,Bay Area Office
95409,Santa Rosa,Sonoma County,CA,Bay Area Office
95412,Annapolis,Sonoma County,CA,Bay Area Office
95416,Boyes Hot Springs,Sonoma County,CA,Bay Area Office
95419,Camp Meeker,Sonoma County,CA,Bay Area Office
95421,Cazadero,Sonoma County,CA,Bay Area Office
95425,Cloverdale,Sonoma County,CA,Bay Area Office
95430,Duncans Mills,Sonoma County,CA,Bay Area Office
95431,Eldridge,Sonoma County,CA,Bay Area Office
95433,El Verano,Sonoma County,CA,Bay Area Office
95436,Forestville,Sonoma County,CA,Bay Area Office
95439,Fulton,Sonoma County,CA,Bay Area Office
95441,Geyserville,Sonoma County,CA,Bay Area Office
95442,Glen Ellen,Sonoma County,CA,Bay Area Office
95444,Graton,Sonoma County,CA,Bay Area Office
95446,Guerneville,Sonoma County,CA,Bay Area Office
95448,Healdsburg,Sonoma County,CA,Bay Area Office
95450,Jenner,Sonoma County,CA,Bay Area Office
95452,Kenwood,Sonoma County,CA,Bay Area Office
95462,Monte Rio,Sonoma County,CA,Bay Area Office
95465,Occidental,Sonoma County,CA,Bay Area Office
95471,Rio Nido,Sonoma County,CA,Bay Area Office
95472,Sebastopol,Sonoma County,CA,Bay Area Office
95473,Sebastopol,Sonoma County,CA,Bay Area Office
95476,Sonoma,Sonoma County,CA,Bay Area Office
95480,Stewarts Point,Sonoma County,CA,Bay Area Office
95486,Villa Grande,Sonoma County,CA,Bay Area Office
95487,Vineburg,Sonoma County,CA,Bay Area Office
95492,Windsor,Sonoma County,CA,Bay Area Office
95497,The Sea Ranch,Sonoma County,CA,Bay Area Office
95307,Ceres,Stanislaus County,CA,Sacramento Office
95313,Crows Landing,Stanislaus County,CA,Sacramento Office
95316,Denair,Stanislaus County,CA,Sacramento Office
95319,Empire,Stanislaus County,CA,Sacramento Office
95323,Hickman,Stanislaus County,CA,Sacramento Office
95326,Hughson,Stanislaus County,CA,Sacramento Office
95328,Keyes,Stanislaus County,CA,Sacramento Office
95350,Modesto,Stanislaus County,CA,Sacramento Office
95351,Modesto,Stanislaus County,CA,Sacramento Office
95352,Modesto,Stanislaus County,CA,Sacramento Office
95353,Modesto,Stanislaus County,CA,Sacramento Office
95354,Modesto,Stanislaus County,CA,Sacramento Office
95355,Modesto,Stanislaus County,CA,Sacramento Office
95356,Modesto,Stanislaus County,CA,Sacramento Office
95357,Modesto,Stanislaus County,CA,Sacramento Office
95358,Modesto,Stanislaus County,CA,Sacramento Office
95360,Newman,Stanislaus County,CA,Sacramento Office
95361,Oakdale,Stanislaus County,CA,Sacramento Office
95363,Patterson,Stanislaus County,CA,Sacramento Office
95367,Riverbank,Stanislaus County,CA,Sacramento Office
95368,Salida,Stanislaus County,CA,Sacramento Office
95380,Turlock,Stanislaus County,CA,Sacramento Office
95381,Turlock,Stanislaus County,CA,Sacramento Office
95382,Turlock,Stanislaus County,CA,Sacramento Office
95385,Vernalis,Stanislaus County,CA,Sacramento Office
95386,Waterford,Stanislaus County,CA,Sacramento Office
95387,Westley,Stanislaus County,CA,Sacramento Office
95397,Modesto,Stanislaus County,CA,Sacramento Office
95659,Nicolaus,Sutter County,CA,Sacramento Office
95668,Pleasant Grove,Sutter County,CA,Sacramento Office
95674,Rio Oso,Sutter County,CA,Sacramento Office
95676,Robbins,Sutter County,CA,Sacramento Office
95953,Live Oak,Sutter County,CA,Sacramento Office
95957,Meridian,Sutter County,CA,Sacramento Office
95982,Sutter,Sutter County,CA,Sacramento Office
95991,Yuba City,Sutter County,CA,Sacramento Office
95992,Yuba City,Sutter County,CA,Sacramento Office
95993,Yuba City,Sutter County,CA,Sacramento Office
96021,Corning,Tehama County,CA,Sacramento Office
96022,Cottonwood,Tehama County,CA,Sacramento Office
96029,Flournoy,Tehama County,CA,Sacramento Office
96035,Gerber,Tehama County,CA,Sacramento Office
96055,Los Molinos,Tehama County,CA,Sacramento Office
96059,Manton,Tehama County,CA,Sacramento Office
96061,Mill Creek,Tehama County,CA,Sacramento Office
96063,Mineral,Tehama County,CA,Sacramento Office
96074,Paskenta,Tehama County,CA,Sacramento Office
96075,Paynes Creek,Tehama County,CA,Sacramento Office
96078,Proberta,Tehama County,CA,Sacramento Office
96080,Red Bluff,Tehama County,CA,Sacramento Office
96090,Tehama,Tehama County,CA,Sacramento Office
96092,Vina,Tehama County,CA,Sacramento Office
95527,Burnt Ranch,Trinity County,CA,Sacramento Office
95552,Mad River,Trinity County,CA,Sacramento Office
95563,Salyer,Trinity County,CA,Sacramento Office
95595,Zenia,Trinity County,CA,Sacramento Office
96010,Big Bar,Trinity County,CA,Sacramento Office
96024,Douglas City,Trinity County,CA,Sacramento Office
96041,Hayfork,Trinity County,CA,Sacramento Office
96046,Hyampom,Trinity County,CA,Sacramento Office
96048,Junction City,Trinity County,CA,Sacramento Office
96052,Lewiston,Trinity County,CA,Sacramento Office
96076,Platina,Trinity County,CA,Sacramento Office
96091,Trinity Center,Trinity County,CA,Sacramento Office
96093,Weaverville,Trinity County,CA,Sacramento Office
93201,Alpaugh,Tulare County,CA,Sacramento Office
93207,California Hot Springs,Tulare County,CA,Sacramento Office
93208,Camp Nelson,Tulare County,CA,Sacramento Office
93218,Ducor,Tulare County,CA,Sacramento Office
93219,Earlimart,Tulare County,CA,Sacramento Office
93221,Exeter,Tulare County,CA,Sacramento Office
93223,Farmersville,Tulare County,CA,Sacramento Office
93227,Goshen,Tulare County,CA,Sacramento Office
93235,Ivanhoe,Tulare County,CA,Sacramento Office
93237,Kaweah,Tulare County,CA,Sacramento Office
93244,Lemon Cove,Tulare County,CA,Sacramento Office
93247,Lindsay,Tulare County,CA,Sacramento Office
93256,Pixley,Tulare County,CA,Sacramento Office
93257,Porterville,Tulare County,CA,Sacramento Office
93258,Porterville,Tulare County,CA,Sacramento Office
93260,Posey,Tulare County,CA,Sacramento Office
93261,Richgrove,Tulare County,CA,Sacramento Office
93262,Sequoia National Park,Tulare County,CA,Sacramento Office
93265,Springville,Tulare County,CA,Sacramento Office
93267,Strathmore,Tulare County,CA,Sacramento Office
93270,Terra Bella,Tulare County,CA,Sacramento Office
93271,Three Rivers,Tulare County,CA,Sacramento Office
93272,Tipton,Tulare County,CA,Sacramento Office
93274,Tulare,Tulare County,CA,Sacramento Office
93275,Tulare,Tulare County,CA,Sacramento Office
93277,Visalia,Tulare County,CA,Sacramento Office
93278,Visalia,Tulare County,CA,Sacramento Office
93279,Visalia,Tulare County,CA,Sacramento Office
93282,Waukena,Tulare County,CA,Sacramento Office
93286,Woodlake,Tulare County,CA,Sacramento Office
93290,Visalia,Tulare County,CA,Sacramento Office
93291,Visalia,Tulare County,CA,Sacramento Office
93292,Visalia,Tulare County,CA,Sacramento Office
93603,Badger,Tulare County,CA,Sacramento Office
93615,Cutler,Tulare County,CA,Sacramento Office
93618,Dinuba,Tulare County,CA,Sacramento Office
93633,Kings Canyon National Pk,Tulare County,CA,Sacramento Office
93647,Orosi,Tulare County,CA,Sacramento Office
93666,Sultana,Tulare County,CA,Sacramento Office
93670,Yettem,Tulare County,CA,Sacramento Office
93673,Traver,Tulare County,CA,Sacramento Office
95305,Big Oak Flat,Tuolumne County,CA,Sacramento Office
95309,Chinese Camp,Tuolumne County,CA,Sacramento Office
95310,Columbia,Tuolumne County,CA,Sacramento Office
95314,Pinecrest,Tuolumne County,CA,Sacramento Office
95321,Groveland,Tuolumne County,CA,Sacramento Office
95327,Jamestown,Tuolumne County,CA,Sacramento Office
95329,La Grange,Tuolumne County,CA,Sacramento Office
95335,Long Barn,Tuolumne County,CA,Sacramento Office
95346,Mi Wuk Village,Tuolumne County,CA,Sacramento Office
95347,Moccasin,Tuolumne County,CA,Sacramento Office
95364,Pinecrest,Tuolumne County,CA,Sacramento Office
95370,Sonora,Tuolumne County,CA,Sacramento Office
95372,Soulsbyville,Tuolumne County,CA,Sacramento Office
95373,Standard,Tuolumne County,CA,Sacramento Office
95375,Strawberry,Tuolumne County,CA,Sacramento Office
95379,Tuolumne,Tuolumne County,CA,Sacramento Office
95383,Twain Harte,Tuolumne County,CA,Sacramento Office
91319,Newbury Park,Ventura County,CA,Los Angeles Office
91320,Newbury Park,Ventura County,CA,Los Angeles Office
91358,Thousand Oaks,Ventura County,CA,Los Angeles Office
91360,Thousand Oaks,Ventura County,CA,Los Angeles Office
91361,Westlake Village,Ventura County,CA,Los Angeles Office
91362,Thousand Oaks,Ventura County,CA,Los Angeles Office
91377,Oak Park,Ventura County,CA,Los Angeles Office
93001,Ventura,Ventura County,CA,Los Angeles Office
93002,Ventura,Ventura County,CA,Los Angeles Office
93003,Ventura,Ventura County,CA,Los Angeles Office
93004,Ventura,Ventura County,CA,Los Angeles Office
93005,Ventura,Ventura County,CA,Los Angeles Office
93006,Ventura,Ventura County,CA,Los Angeles Office
93007,Ventura,Ventura County,CA,Los Angeles Office
93009,Ventura,Ventura County,CA,Los Angeles Office
93010,Camarillo,Ventura County,CA,Los Angeles Office
93011,Camarillo,Ventura County,CA,Los Angeles Office
93012,Camarillo,Ventura County,CA,Los Angeles Office
93015,Fillmore,Ventura County,CA,Los Angeles Office
93016,Fillmore,Ventura County,CA,Los Angeles Office
93020,Moorpark,Ventura County,CA,Los Angeles Office
93021,Moorpark,Ventura County,CA,Los Angeles Office
93022,Oak View,Ventura County,CA,Los Angeles Office
93023,Ojai,Ventura County,CA,Los Angeles Office
93024,Ojai,Ventura County,CA,Los Angeles Office
93030,Oxnard,Ventura County,CA,Los Angeles Office
93031,Oxnard,Ventura County,CA,Los Angeles Office
93032,Oxnard,Ventura County,CA,Los Angeles Office
93033,Oxnard,Ventura County,CA,Los Angeles Office
93034,Oxnard,Ventura County,CA,Los Angeles Office
93035,Oxnard,Ventura County,CA,Los Angeles Office
93036,Oxnard,Ventura County,CA,Los Angeles Office
93040,Piru,Ventura County,CA,Los Angeles Office
93041,Port Hueneme,Ventura County,CA,Los Angeles Office
93042,Point Mugu Nawc,Ventura County,CA,Los Angeles Office
93043,Port Hueneme Cbc Base,Ventura County,CA,Los Angeles Office
93044,Port Hueneme,Ventura County,CA,Los Angeles Office
93060,Santa Paula,Ventura County,CA,Los Angeles Office
93061,Santa Paula,Ventura County,CA,Los Angeles Office
93062,Simi Valley,Ventura County,CA,Los Angeles Office
93063,Simi Valley,Ventura County,CA,Los Angeles Office
93064,Brandeis,Ventura County,CA,Los Angeles Office
93065,Simi Valley,Ventura County,CA,Los Angeles Office
93066,Somis,Ventura County,CA,Los Angeles Office
93093,Simi Valley,Ventura County,CA,Los Angeles Office
93094,Simi Valley,Ventura County,CA,Los Angeles Office
93099,Simi Valley,Ventura County,CA,Los Angeles Office
95605,West Sacramento,Yolo County,CA,Sacramento Office
95606,Brooks,Yolo County,CA,Sacramento Office
95607,Capay,Yolo County,CA,Sacramento Office
95612,Clarksburg,Yolo County,CA,Sacramento Office
95616,Davis,Yolo County,CA,Sacramento Office
95617,Davis,Yolo County,CA,Sacramento Office
95618,Davis,Yolo County,CA,Sacramento Office
95627,Esparto,Yolo County,CA,Sacramento Office
95637,Guinda,Yolo County,CA,Sacramento Office
95645,Knights Landing,Yolo County,CA,Sacramento Office
95653,Madison,Yolo County,CA,Sacramento Office
95679,Rumsey,Yolo County,CA,Sacramento Office
95691,West Sacramento,Yolo County,CA,Sacramento Office
95694,Winters,Yolo County,CA,Sacramento Office
95695,Woodland,Yolo County,CA,Sacramento Office
95697,Yolo,Yolo County,CA,Sacramento Office
95698,Zamora,Yolo County,CA,Sacramento Office
95776,Woodland,Yolo County,CA,Sacramento Office
95798,West Sacramento,Yolo County,CA,Sacramento Office
95799,West Sacramento,Yolo County,CA,Sacramento Office
95937,Dunnigan,Yolo County,CA,Sacramento Office
95692,Wheatland,Yuba County,CA,Sacramento Office
95901,Marysville,Yuba County,CA,Sacramento Office
95903,Beale AFB,Yuba County,CA,Sacramento Office
95918,Browns Valley,Yuba County,CA,Sacramento Office
95919,Brownsville,Yuba County,CA,Sacramento Office
95922,Camptonville,Yuba County,CA,Sacramento Office
95925,Challenge,Yuba County,CA,Sacramento Office
95935,Dobbins,Yuba County,CA,Sacramento Office
95961,Olivehurst,Yuba County,CA,Sacramento Office
95962,Oregon House,Yuba County,CA,Sacramento Office
95972,Rackerby,Yuba County,CA,Sacramento Office
95981,Strawberry Valley,Yuba County,CA,Sacramento Office
75763,Frankston,Anderson County,TX,Dallas Office
75779,Neches,Anderson County,TX,Dallas Office
75801,Palestine,Anderson County,TX,Dallas Office
75802,Palestine,Anderson County,TX,Dallas Office
75803,Palestine,Anderson County,TX,Dallas Office
75832,Cayuga,Anderson County,TX,Dallas Office
75839,Elkhart,Anderson County,TX,Dallas Office
75853,Montalba,Anderson County,TX,Dallas Office
75861,Tennessee Colony,Anderson County,TX,Dallas Office
75880,Tennessee Colony,Anderson County,TX,Dallas Office
75882,Palestine,Anderson County,TX,Dallas Office
75884,Tennessee Colony,Anderson County,TX,Dallas Office
75886,Tennessee Colony,Anderson County,TX,Dallas Office
79714,Andrews,Andrews County,TX,Dallas Office
75901,Lufkin,Angelina County,TX,Houston Office
75902,Lufkin,Angelina County,TX,Houston Office
75903,Lufkin,Angelina County,TX,Houston Office
75904,Lufkin,Angelina County,TX,Houston Office
75915,Lufkin,Angelina County,TX,Houston Office
75941,Diboll,Angelina County,TX,Houston Office
75949,Huntington,Angelina County,TX,Houston Office
75969,Pollok,Angelina County,TX,Houston Office
75980,Zavalla,Angelina County,TX,Houston Office
78358,Fulton,Aransas County,TX,Houston Office
78381,Rockport,Aransas County,TX,Houston Office
78382,Rockport,Aransas County,TX,Houston Office
76351,Archer City,Archer County,TX,Dallas Office
76366,Holliday,Archer County,TX,Dallas Office
76370,Megargel,Archer County,TX,Dallas Office
76379,Scotland,Archer County,TX,Dallas Office
76389,Windthorst,Archer County,TX,Dallas Office
79019,Claude,Armstrong County,TX,Dallas Office
79094,Wayside,Armstrong County,TX,Dallas Office
78008,Campbellton,Atascosa County,TX,Austin Office
78011,Charlotte,Atascosa County,TX,Austin Office
78012,Christine,Atascosa County,TX,Austin Office
78026,Jourdanton,Atascosa County,TX,Austin Office
78050,Leming,Atascosa County,TX,Austin Office
78052,Lytle,Atascosa County,TX,Austin Office
78062,Peggy,Atascosa County,TX,Austin Office
78064,Pleasanton,Atascosa County,TX,Austin Office
78065,Poteet,Atascosa County,TX,Austin Office
78069,Somerset,Atascosa County,TX,Austin Office
77418,Bellville,Austin County,TX,Houston Office
77452,Kenney,Austin County,TX,Houston Office
77473,San Felipe,Austin County,TX,Houston Office
77474,Sealy,Austin County,TX,Houston Office
77485,Wallis,Austin County,TX,Houston Office
78931,Bleiblerville,Austin County,TX,Houston Office
78944,Industry,Austin County,TX,Houston Office
78950,New Ulm,Austin County,TX,Houston Office
79320,Bula,Bailey County,TX,Dallas Office
79324,Enochs,Bailey County,TX,Dallas Office
79344,Maple,Bailey County,TX,Dallas Office
79347,Muleshoe,Bailey County,TX,Dallas Office
78003,Bandera,Bandera County,TX,Austin Office
78055,Medina,Bandera County,TX,Austin Office
78063,Pipe Creek,Bandera County,TX,Austin Office
78883,Tarpley,Bandera County,TX,Austin Office
78885,Vanderpool,Bandera County,TX,Austin Office
78602,Bastrop,Bastrop County,TX,Austin Office
78612,Cedar Creek,Bastrop County,TX,Austin Office
78621,Elgin,Bastrop County,TX,Austin Office
78650,Mc Dade,Bastrop County,TX,Austin Office
78659,Paige,Bastrop County,TX,Austin Office
78662,Red Rock,Bastrop County,TX,Austin Office
78953,Rosanky,Bastrop County,TX,Austin Office
78957,Smithville,Bastrop County,TX,Austin Office
76380,Seymour,Baylor County,TX,Dallas Office
78102,Beeville,Bee County,TX,Houston Office
78104,Beeville,Bee County,TX,Houston Office
78125,Mineral,Bee County,TX,Houston Office
78142,Normanna,Bee County,TX,Houston Office
78145,Pawnee,Bee County,TX,Houston Office
78146,Pettus,Bee County,TX,Houston Office
78162,Tuleta,Bee County,TX,Houston Office
78389,Skidmore,Bee County,TX,Houston Office
78391,Tynan,Bee County,TX,Houston Office
76501,Temple,Bell County,TX,Dallas Office
76502,Temple,Bell County,TX,Dallas Office
76503,Temple,Bell County,TX,Dallas Office
76504,Temple,Bell County,TX,Dallas Office
76505,Temple,Bell County,TX,Dallas Office
76508,Temple,Bell County,TX,Dallas Office
76513,Belton,Bell County,TX,Dallas Office
76519,Burlington,Bell County,TX,Dallas Office
76533,Heidenheimer,Bell County,TX,Dallas Office
76534,Holland,Bell County,TX,Dallas Office
76540,Killeen,Bell County,TX,Dallas Office
76541,Killeen,Bell County,TX,Dallas Office
76542,Killeen,Bell County,TX,Dallas Office
76543,Killeen,Bell County,TX,Dallas Office
76544,Fort Hood,Bell County,TX,Dallas Office
76545,Killeen,Bell County,TX,Dallas Office
76546,Killeen,Bell County,TX,Dallas Office
76547,Killeen,Bell County,TX,Dallas Office
76548,Harker Heights,Bell County,TX,Dallas Office
76549,Killeen,Bell County,TX,Dallas Office
76554,Little River Academy,Bell County,TX,Dallas Office
76559,Nolanville,Bell County,TX,Dallas Office
76564,Pendleton,Bell County,TX,Dallas Office
76569,Rogers,Bell County,TX,Dallas Office
76571,Salado,Bell County,TX,Dallas Office
76579,Troy,Bell County,TX,Dallas Office
78002,Atascosa,Bexar County,TX,Austin Office
78015,Boerne,Bexar County,TX,Austin Office
78023,Helotes,Bexar County,TX,Austin Office
78054,Macdona,Bexar County,TX,Austin Office
78073,Von Ormy,Bexar County,TX,Austin Office
78101,Adkins,Bexar County,TX,Austin Office
78109,Converse,Bexar County,TX,Austin Office
78112,Elmendorf,Bexar County,TX,Austin Office
78148,Universal City,Bexar County,TX,Austin Office
78150,Jbsa Randolph,Bexar County,TX,Austin Office
78152,Saint Hedwig,Bexar County,TX,Austin Office
78201,San Antonio,Bexar County,TX,Austin Office
78202,San Antonio,Bexar County,TX,Austin Office
78203,San Antonio,Bexar County,TX,Austin Office
78204,San Antonio,Bexar County,TX,Austin Office
78205,San Antonio,Bexar County,TX,Austin Office
78206,San Antonio,Bexar County,TX,Austin Office
78207,San Antonio,Bexar County,TX,Austin Office
78208,San Antonio,Bexar County,TX,Austin Office
78209,San Antonio,Bexar County,TX,Austin Office
78210,San Antonio,Bexar County,TX,Austin Office
78211,San Antonio,Bexar County,TX,Austin Office
78212,San Antonio,Bexar County,TX,Austin Office
78213,San Antonio,Bexar County,TX,Austin Office
78214,San Antonio,Bexar County,TX,Austin Office
78215,San Antonio,Bexar County,TX,Austin Office
78216,San Antonio,Bexar County,TX,Austin Office
78217,San Antonio,Bexar County,TX,Austin Office
78218,San Antonio,Bexar County,TX,Austin Office
78219,San Antonio,Bexar County,TX,Austin Office
78220,San Antonio,Bexar County,TX,Austin Office
78221,San Antonio,Bexar County,TX,Austin Office
78222,San Antonio,Bexar County,TX,Austin Office
78223,San Antonio,Bexar County,TX,Austin Office
78224,San Antonio,Bexar County,TX,Austin Office
78225,San Antonio,Bexar County,TX,Austin Office
78226,San Antonio,Bexar County,TX,Austin Office
78227,San Antonio,Bexar County,TX,Austin Office
78228,San Antonio,Bexar County,TX,Austin Office
78229,San Antonio,Bexar County,TX,Austin Office
78230,San Antonio,Bexar County,TX,Austin Office
78231,San Antonio,Bexar County,TX,Austin Office
78232,San Antonio,Bexar County,TX,Austin Office
78233,San Antonio,Bexar County,TX,Austin Office
78234,Jbsa Ft Sam Houston,Bexar County,TX,Austin Office
78235,San Antonio,Bexar County,TX,Austin Office
78236,Jbsa Lackland,Bexar County,TX,Austin Office
78237,San Antonio,Bexar County,TX,Austin Office
78238,San Antonio,Bexar County,TX,Austin Office
78239,San Antonio,Bexar County,TX,Austin Office
78240,San Antonio,Bexar County,TX,Austin Office
78241,San Antonio,Bexar County,TX,Austin Office
78242,San Antonio,Bexar County,TX,Austin Office
78243,San Antonio,Bexar County,TX,Austin Office
78244,San Antonio,Bexar County,TX,Austin Office
78245,San Antonio,Bexar County,TX,Austin Office
78246,San Antonio,Bexar County,TX,Austin Office
78247,San Antonio,Bexar County,TX,Austin Office
78248,San Antonio,Bexar County,TX,Austin Office
78249,San Antonio,Bexar County,TX,Austin Office
78250,San Antonio,Bexar County,TX,Austin Office
78251,San Antonio,Bexar County,TX,Austin Office
78252,San Antonio,Bexar County,TX,Austin Office
78253,San Antonio,Bexar County,TX,Austin Office
78254,San Antonio,Bexar County,TX,Austin Office
78255,San Antonio,Bexar County,TX,Austin Office
78256,San Antonio,Bexar County,TX,Austin Office
78257,San Antonio,Bexar County,TX,Austin Office
78258,San Antonio,Bexar County,TX,Austin Office
78259,San Antonio,Bexar County,TX,Austin Office
78260,San Antonio,Bexar County,TX,Austin Office
78261,San Antonio,Bexar County,TX,Austin Office
78262,San Antonio,Bexar County,TX,Austin Office
78263,San Antonio,Bexar County,TX,Austin Office
78264,San Antonio,Bexar County,TX,Austin Office
78265,San Antonio,Bexar County,TX,Austin Office
78268,San Antonio,Bexar County,TX,Austin Office
78269,San Antonio,Bexar County,TX,Austin Office
78270,San Antonio,Bexar County,TX,Austin Office
78275,San Antonio,Bexar County,TX,Austin Office
78278,San Antonio,Bexar County,TX,Austin Office
78279,San Antonio,Bexar County,TX,Austin Office
78280,San Antonio,Bexar County,TX,Austin Office
78283,San Antonio,Bexar County,TX,Austin Office
78284,San Antonio,Bexar County,TX,Austin Office
78285,San Antonio,Bexar County,TX,Austin Office
78286,San Antonio,Bexar County,TX,Austin Office
78287,San Antonio,Bexar County,TX,Austin Office
78288,San Antonio,Bexar County,TX,Austin Office
78289,San Antonio,Bexar County,TX,Austin Office
78291,San Antonio,Bexar County,TX,Austin Office
78292,San Antonio,Bexar County,TX,Austin Office
78293,San Antonio,Bexar County,TX,Austin Office
78294,San Antonio,Bexar County,TX,Austin Office
78295,San Antonio,Bexar County,TX,Austin Office
78296,San Antonio,Bexar County,TX,Austin Office
78297,San Antonio,Bexar County,TX,Austin Office
78298,San Antonio,Bexar County,TX,Austin Office
78299,San Antonio,Bexar County,TX,Austin Office
78606,Blanco,Blanco County,TX,Austin Office
78635,Hye,Blanco County,TX,Austin Office
78636,Johnson City,Blanco County,TX,Austin Office
78663,Round Mountain,Blanco County,TX,Austin Office
79738,Gail,Borden County,TX,Dallas Office
76634,Clifton,Bosque County,TX,Dallas Office
76637,Cranfills Gap,Bosque County,TX,Dallas Office
76644,Laguna Park,Bosque County,TX,Dallas Office
76649,Iredell,Bosque County,TX,Dallas Office
76652,Kopperl,Bosque County,TX,Dallas Office
76665,Meridian,Bosque County,TX,Dallas Office
76671,Morgan,Bosque County,TX,Dallas Office
76689,Valley Mills,Bosque County,TX,Dallas Office
76690,Walnut Springs,Bosque County,TX,Dallas Office
75501,Texarkana,Bowie County,TX,Dallas Office
75503,Texarkana,Bowie County,TX,Dallas Office
75504,Texarkana,Bowie County,TX,Dallas Office
75505,Texarkana,Bowie County,TX,Dallas Office
75507,Texarkana,Bowie County,TX,Dallas Office
75559,De Kalb,Bowie County,TX,Dallas Office
75561,Hooks,Bowie County,TX,Dallas Office
75567,Maud,Bowie County,TX,Dallas Office
75569,Nash,Bowie County,TX,Dallas Office
75570,New Boston,Bowie County,TX,Dallas Office
75573,Redwater,Bowie County,TX,Dallas Office
75574,Simms,Bowie County,TX,Dallas Office
75599,Texarkana,Bowie County,TX,Dallas Office
77422,Brazoria,Brazoria County,TX,Houston Office
77430,Damon,Brazoria County,TX,Houston Office
77431,Danciger,Brazoria County,TX,Houston Office
77463,Old Ocean,Brazoria County,TX,Houston Office
77480,Sweeny,Brazoria County,TX,Houston Office
77486,West Columbia,Brazoria County,TX,Houston Office
77511,Alvin,Brazoria County,TX,Houston Office
77512,Alvin,Brazoria County,TX,Houston Office
77515,Angleton,Brazoria County,TX,Houston Office
77516,Angleton,Brazoria County,TX,Houston Office
77531,Clute,Brazoria County,TX,Houston Office
77534,Danbury,Brazoria County,TX,Houston Office
77541,Freeport,Brazoria County,TX,Houston Office
77542,Freeport,Brazoria County,TX,Houston Office
77566,Lake Jackson,Brazoria County,TX,Houston Office
77577,Liverpool,Brazoria County,TX,Houston Office
77578,Manvel,Brazoria County,TX,Houston Office
77581,Pearland,Brazoria County,TX,Houston Office
77583,Rosharon,Brazoria County,TX,Houston Office
77584,Pearland,Brazoria County,TX,Houston Office
77588,Pearland,Brazoria County,TX,Houston Office
77801,Bryan,Brazos County,TX,Houston Office
77802,Bryan,Brazos County,TX,Houston Office
77803,Bryan,Brazos County,TX,Houston Office
77805,Bryan,Brazos County,TX,Houston Office
77806,Bryan,Brazos County,TX,Houston Office
77807,Bryan,Brazos County,TX,Houston Office
77808,Bryan,Brazos County,TX,Houston Office
77840,College Station,Brazos County,TX,Houston Office
77841,College Station,Brazos County,TX,Houston Office
77842,College Station,Brazos County,TX,Houston Office
77843,College Station,Brazos County,TX,Houston Office
77844,College Station,Brazos County,TX,Houston Office
77845,College Station,Brazos County,TX,Houston Office
77862,Kurten,Brazos County,TX,Houston Office
77866,Millican,Brazos County,TX,Houston Office
77881,Wellborn,Brazos County,TX,Houston Office
79830,Alpine,Brewster County,TX,Dallas Office
79831,Alpine,Brewster County,TX,Dallas Office
79832,Alpine,Brewster County,TX,Dallas Office
79834,Big Bend National Park,Brewster County,TX,Dallas Office
79842,Marathon,Brewster County,TX,Dallas Office
79852,Terlingua,Brewster County,TX,Dallas Office
79255,Quitaque,Briscoe County,TX,Dallas Office
79257,Silverton,Briscoe County,TX,Dallas Office
78353,Encino,Brooks County,TX,Houston Office
78355,Falfurrias,Brooks County,TX,Houston Office
76432,Blanket,Brown County,TX,Dallas Office
76801,Brownwood,Brown County,TX,Dallas Office
76802,Early,Brown County,TX,Dallas Office
76803,Early,Brown County,TX,Dallas Office
76804,Brownwood,Brown County,TX,Dallas Office
76823,Bangs,Brown County,TX,Dallas Office
76827,Brookesmith,Brown County,TX,Dallas Office
76857,May,Brown County,TX,Dallas Office
76890,Zephyr,Brown County,TX,Dallas Office
77836,Caldwell,Burleson County,TX,Houston Office
77838,Chriesman,Burleson County,TX,Houston Office
77852,Deanville,Burleson County,TX,Houston Office
77863,Lyons,Burleson County,TX,Houston Office
77878,Snook,Burleson County,TX,Houston Office
77879,Somerville,Burleson County,TX,Houston Office
78605,Bertram,Burnet County,TX,Austin Office
78608,Briggs,Burnet County,TX,Austin Office
78611,Burnet,Burnet County,TX,Austin Office
78654,Marble Falls,Burnet County,TX,Austin Office
78616,Dale,Caldwell County,TX,Austin Office
78622,Fentress,Caldwell County,TX,Austin Office
78644,Lockhart,Caldwell County,TX,Austin Office
78648,Luling,Caldwell County,TX,Austin Office
78655,Martindale,Caldwell County,TX,Austin Office
78656,Maxwell,Caldwell County,TX,Austin Office
78661,Prairie Lea,Caldwell County,TX,Austin Office
77978,Point Comfort,Calhoun County,TX,Houston Office
77979,Port Lavaca,Calhoun County,TX,Houston Office
77982,Port O Connor,Calhoun County,TX,Houston Office
77983,Seadrift,Calhoun County,TX,Houston Office
76443,Cross Plains,Callahan County,TX,Dallas Office
76469,Putnam,Callahan County,TX,Dallas Office
79504,Baird,Callahan County,TX,Dallas Office
79510,Clyde,Callahan County,TX,Dallas Office
78520,Brownsville,Cameron County,TX,Houston Office
78521,Brownsville,Cameron County,TX,Houston Office
78522,Brownsville,Cameron County,TX,Houston Office
78523,Brownsville,Cameron County,TX,Houston Office
78526,Brownsville,Cameron County,TX,Houston Office
78535,Combes,Cameron County,TX,Houston Office
78550,Harlingen,Cameron County,TX,Houston Office
78551,Harlingen,Cameron County,TX,Houston Office
78552,Harlingen,Cameron County,TX,Houston Office
78553,Harlingen,Cameron County,TX,Houston Office
78559,La Feria,Cameron County,TX,Houston Office
78566,Los Fresnos,Cameron County,TX,Houston Office
78567,Los Indios,Cameron County,TX,Houston Office
78568,Lozano,Cameron County,TX,Houston Office
78575,Olmito,Cameron County,TX,Houston Office
78578,Port Isabel,Cameron County,TX,Houston Office
78583,Rio Hondo,Cameron County,TX,Houston Office
78586,San Benito,Cameron County,TX,Houston Office
78592,Santa Maria,Cameron County,TX,Houston Office
78593,Santa Rosa,Cameron County,TX,Houston Office
78597,South Padre Island,Cameron County,TX,Houston Office
75451,Leesburg,Camp County,TX,Dallas Office
75686,Pittsburg,Camp County,TX,Dallas Office
79039,Groom,Carson County,TX,Dallas Office
79068,Panhandle,Carson County,TX,Dallas Office
79080,Skellytown,Carson County,TX,Dallas Office
79097,White Deer,Carson County,TX,Dallas Office
75551,Atlanta,Cass County,TX,Dallas Office
75555,Bivins,Cass County,TX,Dallas Office
75556,Bloomburg,Cass County,TX,Dallas Office
75560,Douglassville,Cass County,TX,Dallas Office
75562,Kildare,Cass County,TX,Dallas Office
75563,Linden,Cass County,TX,Dallas Office
75565,Mc Leod,Cass County,TX,Dallas Office
75566,Marietta,Cass County,TX,Dallas Office
75572,Queen City,Cass County,TX,Dallas Office
75656,Hughes Springs,Cass County,TX,Dallas Office
79027,Dimmitt,Castro County,TX,Dallas Office
79043,Hart,Castro County,TX,Dallas Office
79063,Nazareth,Castro County,TX,Dallas Office
79085,Summerfield,Castro County,TX,Dallas Office
77514,Anahuac,Chambers County,TX,Houston Office
77523,Baytown,Chambers County,TX,Houston Office
77560,Hankamer,Chambers County,TX,Houston Office
77580,Mont Belvieu,Chambers County,TX,Houston Office
77597,Wallisville,Chambers County,TX,Houston Office
77661,Stowell,Chambers County,TX,Houston Office
77665,Winnie,Chambers County,TX,Houston Office
75759,Cuney,Cherokee County,TX,Dallas Office
75764,Gallatin,Cherokee County,TX,Dallas Office
75766,Jacksonville,Cherokee County,TX,Dallas Office
75772,Maydelle,Cherokee County,TX,Dallas Office
75780,New Summerfield,Cherokee County,TX,Dallas Office
75784,Reklaw,Cherokee County,TX,Dallas Office
75785,Rusk,Cherokee County,TX,Dallas Office
75925,Alto,Cherokee County,TX,Dallas Office
75976,Wells,Cherokee County,TX,Dallas Office
79201,Childress,Childress County,TX,Dallas Office
79259,Tell,Childress County,TX,Dallas Office
76228,Bellevue,Clay County,TX,Dallas Office
76352,Bluegrove,Clay County,TX,Dallas Office
76357,Byers,Clay County,TX,Dallas Office
76365,Henrietta,Clay County,TX,Dallas Office
76377,Petrolia,Clay County,TX,Dallas Office
79314,Bledsoe,Cochran County,TX,Dallas Office
79346,Morton,Cochran County,TX,Dallas Office
79379,Whiteface,Cochran County,TX,Dallas Office
76933,Bronte,Coke County,TX,Dallas Office
76945,Robert Lee,Coke County,TX,Dallas Office
76949,Silver,Coke County,TX,Dallas Office
76953,Tennyson,Coke County,TX,Dallas Office
76828,Burkett,Coleman County,TX,Dallas Office
76834,Coleman,Coleman County,TX,Dallas Office
76845,Gouldbusk,Coleman County,TX,Dallas Office
76873,Rockwood,Coleman County,TX,Dallas Office
76878,Santa Anna,Coleman County,TX,Dallas Office
76882,Talpa,Coleman County,TX,Dallas Office
76884,Valera,Coleman County,TX,Dallas Office
76888,Voss,Coleman County,TX,Dallas Office
79519,Goldsboro,Coleman County,TX,Dallas Office
79538,Novice,Coleman County,TX,Dallas Office
75002,Allen,Collin County,TX,Dallas Office
75009,Celina,Collin County,TX,Dallas Office
75013,Allen,Collin County,TX,Dallas Office
75023,Plano,Collin County,TX,Dallas Office
75024,Plano,Collin County,TX,Dallas Office
75025,Plano,Collin County,TX,Dallas Office
75026,Plano,Collin County,TX,Dallas Office
75035,Frisco,Collin County,TX,Dallas Office
75069,Mckinney,Collin County,TX,Dallas Office
75070,Mckinney,Collin County,TX,Dallas Office
75071,Mckinney,Collin County,TX,Dallas Office
75072,Mckinney,Collin County,TX,Dallas Office
75074,Plano,Collin County,TX,Dallas Office
75075,Plano,Collin County,TX,Dallas Office
75078,Prosper,Collin County,TX,Dallas Office
75082,Richardson,Collin County,TX,Dallas Office
75086,Plano,Collin County,TX,Dallas Office
75093,Plano,Collin County,TX,Dallas Office
75094,Plano,Collin County,TX,Dallas Office
75097,Weston,Collin County,TX,Dallas Office
75098,Wylie,Collin County,TX,Dallas Office
75121,Copeville,Collin County,TX,Dallas Office
75164,Josephine,Collin County,TX,Dallas Office
75166,Lavon,Collin County,TX,Dallas Office
75173,Nevada,Collin County,TX,Dallas Office
75252,Dallas,Collin County,TX,Dallas Office
75407,Princeton,Collin County,TX,Dallas Office
75409,Anna,Collin County,TX,Dallas Office
75424,Blue Ridge,Collin County,TX,Dallas Office
75442,Farmersville,Collin County,TX,Dallas Office
75454,Melissa,Collin County,TX,Dallas Office
75485,Westminster,Collin County,TX,Dallas Office
79077,Samnorwood,Collingsworth County,TX,Dallas Office
79095,Wellington,Collingsworth County,TX,Dallas Office
79230,Dodson,Collingsworth County,TX,Dallas Office
79251,Quail,Collingsworth County,TX,Dallas Office
77412,Altair,Colorado County,TX,Houston Office
77434,Eagle Lake,Colorado County,TX,Houston Office
77442,Garwood,Colorado County,TX,Houston Office
77460,Nada,Colorado County,TX,Houston Office
77470,Rock Island,Colorado County,TX,Houston Office
77475,Sheridan,Colorado County,TX,Houston Office
78933,Cat Spring,Colorado County,TX,Houston Office
78934,Columbus,Colorado County,TX,Houston Office
78935,Alleyton,Colorado County,TX,Houston Office
78943,Glidden,Colorado County,TX,Houston Office
78951,Oakland,Colorado County,TX,Houston Office
78962,Weimar,Colorado County,TX,Houston Office
78070,Spring Branch,Comal County,TX,Austin Office
78130,New Braunfels,Comal County,TX,Austin Office
78131,New Braunfels,Comal County,TX,Austin Office
78132,New Braunfels,Comal County,TX,Austin Office
78133,Canyon Lake,Comal County,TX,Austin Office
78135,New Braunfels,Comal County,TX,Austin Office
78163,Bulverde,Comal County,TX,Austin Office
78266,San Antonio,Comal County,TX,Austin Office
78623,Fischer,Comal County,TX,Austin Office
76442,Comanche,Comanche County,TX,Dallas Office
76444,De Leon,Comanche County,TX,Dallas Office
76452,Energy,Comanche County,TX,Dallas Office
76455,Gustine,Comanche County,TX,Dallas Office
76468,Proctor,Comanche County,TX,Dallas Office
76474,Sidney,Comanche County,TX,Dallas Office
76837,Eden,Concho County,TX,Austin Office
76855,Lowake,Concho County,TX,Austin Office
76862,Millersview,Concho County,TX,Austin Office
76866,Paint Rock,Concho County,TX,Austin Office
76238,Era,Cooke County,TX,Dallas Office
76240,Gainesville,Cooke County,TX,Dallas Office
76241,Gainesville,Cooke County,TX,Dallas Office
76250,Lindsay,Cooke County,TX,Dallas Office
76252,Muenster,Cooke County,TX,Dallas Office
76253,Myra,Cooke County,TX,Dallas Office
76263,Rosston,Cooke County,TX,Dallas Office
76272,Valley View,Cooke County,TX,Dallas Office
76522,Copperas Cove,Coryell County,TX,Dallas Office
76525,Evant,Coryell County,TX,Dallas Office
76526,Flat,Coryell County,TX,Dallas Office
76528,Gatesville,Coryell County,TX,Dallas Office
76538,Jonesboro,Coryell County,TX,Dallas Office
76558,Mound,Coryell County,TX,Dallas Office
76561,Oglesby,Coryell County,TX,Dallas Office
76566,Purmela,Coryell County,TX,Dallas Office
76596,Gatesville,Coryell County,TX,Dallas Office
76597,Gatesville,Coryell County,TX,Dallas Office
76598,Gatesville,Coryell County,TX,Dallas Office
76599,Gatesville,Coryell County,TX,Dallas Office
79223,Cee Vee,Cottle County,TX,Dallas Office
79248,Paducah,Cottle County,TX,Dallas Office
79731,Crane,Crane County,TX,Dallas Office
79740,Girvin,Crane County,TX,Dallas Office
76943,Ozona,Crockett County,TX,Austin Office
79942,El Paso,Crockett County,TX,Austin Office
79322,Crosbyton,Crosby County,TX,Dallas Office
79343,Lorenzo,Crosby County,TX,Dallas Office
79357,Ralls,Crosby County,TX,Dallas Office
79855,Van Horn,Culberson County,TX,Dallas Office
79022,Dalhart,Dallam County,TX,Dallas Office
79051,Kerrick,Dallam County,TX,Dallas Office
79087,Texline,Dallam County,TX,Dallas Office
75001,Addison,Dallas County,TX,Dallas Office
75006,Carrollton,Dallas County,TX,Dallas Office
75011,Carrollton,Dallas County,TX,Dallas Office
75014,Irving,Dallas County,TX,Dallas Office
75015,Irving,Dallas County,TX,Dallas Office
75016,Irving,Dallas County,TX,Dallas Office
75017,Irving,Dallas County,TX,Dallas Office
75019,Coppell,Dallas County,TX,Dallas Office
75030,Rowlett,Dallas County,TX,Dallas Office
75037,Irving,Dallas County,TX,Dallas Office
75038,Irving,Dallas County,TX,Dallas Office
75039,Irving,Dallas County,TX,Dallas Office
75040,Garland,Dallas County,TX,Dallas Office
75041,Garland,Dallas County,TX,Dallas Office
75042,Garland,Dallas County,TX,Dallas Office
75043,Garland,Dallas County,TX,Dallas Office
75044,Garland,Dallas County,TX,Dallas Office
75045,Garland,Dallas County,TX,Dallas Office
75046,Garland,Dallas County,TX,Dallas Office
75047,Garland,Dallas County,TX,Dallas Office
75048,Sachse,Dallas County,TX,Dallas Office
75049,Garland,Dallas County,TX,Dallas Office
75050,Grand Prairie,Dallas County,TX,Dallas Office
75051,Grand Prairie,Dallas County,TX,Dallas Office
75052,Grand Prairie,Dallas County,TX,Dallas Office
75053,Grand Prairie,Dallas County,TX,Dallas Office
75059,Irving,Dallas County,TX,Dallas Office
75060,Irving,Dallas County,TX,Dallas Office
75061,Irving,Dallas County,TX,Dallas Office
75062,Irving,Dallas County,TX,Dallas Office
75063,Irving,Dallas County,TX,Dallas Office
75064,Irving,Dallas County,TX,Dallas Office
75080,Richardson,Dallas County,TX,Dallas Office
75081,Richardson,Dallas County,TX,Dallas Office
75083,Richardson,Dallas County,TX,Dallas Office
75085,Richardson,Dallas County,TX,Dallas Office
75088,Rowlett,Dallas County,TX,Dallas Office
75089,Rowlett,Dallas County,TX,Dallas Office
75099,Coppell,Dallas County,TX,Dallas Office
75104,Cedar Hill,Dallas County,TX,Dallas Office
75106,Cedar Hill,Dallas County,TX,Dallas Office
75115,Desoto,Dallas County,TX,Dallas Office
75116,Duncanville,Dallas County,TX,Dallas Office
75123,Desoto,Dallas County,TX,Dallas Office
75134,Lancaster,Dallas County,TX,Dallas Office
75137,Duncanville,Dallas County,TX,Dallas Office
75138,Duncanville,Dallas County,TX,Dallas Office
75141,Hutchins,Dallas County,TX,Dallas Office
75146,Lancaster,Dallas County,TX,Dallas Office
75149,Mesquite,Dallas County,TX,Dallas Office
75150,Mesquite,Dallas County,TX,Dallas Office
75159,Seagoville,Dallas County,TX,Dallas Office
75172,Wilmer,Dallas County,TX,Dallas Office
75180,Balch Springs,Dallas County,TX,Dallas Office
75181,Mesquite,Dallas County,TX,Dallas Office
75182,Sunnyvale,Dallas County,TX,Dallas Office
75185,Mesquite,Dallas County,TX,Dallas Office
75187,Mesquite,Dallas County,TX,Dallas Office
75201,Dallas,Dallas County,TX,Dallas Office
75202,Dallas,Dallas County,TX,Dallas Office
75203,Dallas,Dallas County,TX,Dallas Office
75204,Dallas,Dallas County,TX,Dallas Office
75205,Dallas,Dallas County,TX,Dallas Office
75206,Dallas,Dallas County,TX,Dallas Office
75207,Dallas,Dallas County,TX,Dallas Office
75208,Dallas,Dallas County,TX,Dallas Office
75209,Dallas,Dallas County,TX,Dallas Office
75210,Dallas,Dallas County,TX,Dallas Office
75211,Dallas,Dallas County,TX,Dallas Office
75212,Dallas,Dallas County,TX,Dallas Office
75214,Dallas,Dallas County,TX,Dallas Office
75215,Dallas,Dallas County,TX,Dallas Office
75216,Dallas,Dallas County,TX,Dallas Office
75217,Dallas,Dallas County,TX,Dallas Office
75218,Dallas,Dallas County,TX,Dallas Office
75219,Dallas,Dallas County,TX,Dallas Office
75220,Dallas,Dallas County,TX,Dallas Office
75221,Dallas,Dallas County,TX,Dallas Office
75222,Dallas,Dallas County,TX,Dallas Office
75223,Dallas,Dallas County,TX,Dallas Office
75224,Dallas,Dallas County,TX,Dallas Office
75225,Dallas,Dallas County,TX,Dallas Office
75226,Dallas,Dallas County,TX,Dallas Office
75227,Dallas,Dallas County,TX,Dallas Office
75228,Dallas,Dallas County,TX,Dallas Office
75229,Dallas,Dallas County,TX,Dallas Office
75230,Dallas,Dallas County,TX,Dallas Office
75231,Dallas,Dallas County,TX,Dallas Office
75232,Dallas,Dallas County,TX,Dallas Office
75233,Dallas,Dallas County,TX,Dallas Office
75234,Dallas,Dallas County,TX,Dallas Office
75235,Dallas,Dallas County,TX,Dallas Office
75236,Dallas,Dallas County,TX,Dallas Office
75237,Dallas,Dallas County,TX,Dallas Office
75238,Dallas,Dallas County,TX,Dallas Office
75240,Dallas,Dallas County,TX,Dallas Office
75241,Dallas,Dallas County,TX,Dallas Office
75242,Dallas,Dallas County,TX,Dallas Office
75243,Dallas,Dallas County,TX,Dallas Office
75244,Dallas,Dallas County,TX,Dallas Office
75245,Dallas,Dallas County,TX,Dallas Office
75246,Dallas,Dallas County,TX,Dallas Office
75247,Dallas,Dallas County,TX,Dallas Office
75248,Dallas,Dallas County,TX,Dallas Office
75249,Dallas,Dallas County,TX,Dallas Office
75250,Dallas,Dallas County,TX,Dallas Office
75251,Dallas,Dallas County,TX,Dallas Office
75253,Dallas,Dallas County,TX,Dallas Office
75254,Dallas,Dallas County,TX,Dallas Office
75258,Dallas,Dallas County,TX,Dallas Office
75260,Dallas,Dallas County,TX,Dallas Office
75262,Dallas,Dallas County,TX,Dallas Office
75263,Dallas,Dallas County,TX,Dallas Office
75264,Dallas,Dallas County,TX,Dallas Office
75265,Dallas,Dallas County,TX,Dallas Office
75266,Dallas,Dallas County,TX,Dallas Office
75267,Dallas,Dallas County,TX,Dallas Office
75270,Dallas,Dallas County,TX,Dallas Office
75275,Dallas,Dallas County,TX,Dallas Office
75277,Dallas,Dallas County,TX,Dallas Office
75283,Dallas,Dallas County,TX,Dallas Office
75284,Dallas,Dallas County,TX,Dallas Office
75285,Dallas,Dallas County,TX,Dallas Office
75286,Dallas,Dallas County,TX,Dallas Office
75301,Dallas,Dallas County,TX,Dallas Office
75303,Dallas,Dallas County,TX,Dallas Office
75310,Dallas,Dallas County,TX,Dallas Office
75312,Dallas,Dallas County,TX,Dallas Office
75313,Dallas,Dallas County,TX,Dallas Office
75315,Dallas,Dallas County,TX,Dallas Office
75320,Dallas,Dallas County,TX,Dallas Office
75323,Dallas,Dallas County,TX,Dallas Office
75326,Dallas,Dallas County,TX,Dallas Office
75334,Dallas,Dallas County,TX,Dallas Office
75336,Dallas,Dallas County,TX,Dallas Office
75339,Dallas,Dallas County,TX,Dallas Office
75340,Dallas,Dallas County,TX,Dallas Office
75342,Dallas,Dallas County,TX,Dallas Office
75343,Dallas,Dallas County,TX,Dallas Office
75344,Dallas,Dallas County,TX,Dallas Office
75353,Dallas,Dallas County,TX,Dallas Office
75354,Dallas,Dallas County,TX,Dallas Office
75355,Dallas,Dallas County,TX,Dallas Office
75356,Dallas,Dallas County,TX,Dallas Office
75357,Dallas,Dallas County,TX,Dallas Office
75358,Dallas,Dallas County,TX,Dallas Office
75359,Dallas,Dallas County,TX,Dallas Office
75360,Dallas,Dallas County,TX,Dallas Office
75363,Dallas,Dallas County,TX,Dallas Office
75364,Dallas,Dallas County,TX,Dallas Office
75367,Dallas,Dallas County,TX,Dallas Office
75368,Dallas,Dallas County,TX,Dallas Office
75370,Dallas,Dallas County,TX,Dallas Office
75371,Dallas,Dallas County,TX,Dallas Office
75372,Dallas,Dallas County,TX,Dallas Office
75373,Dallas,Dallas County,TX,Dallas Office
75374,Dallas,Dallas County,TX,Dallas Office
75376,Dallas,Dallas County,TX,Dallas Office
75378,Dallas,Dallas County,TX,Dallas Office
75379,Dallas,Dallas County,TX,Dallas Office
75380,Dallas,Dallas County,TX,Dallas Office
75381,Dallas,Dallas County,TX,Dallas Office
75382,Dallas,Dallas County,TX,Dallas Office
75386,Dallas,Dallas County,TX,Dallas Office
75387,Dallas,Dallas County,TX,Dallas Office
75388,Dallas,Dallas County,TX,Dallas Office
75389,Dallas,Dallas County,TX,Dallas Office
75390,Dallas,Dallas County,TX,Dallas Office
75391,Dallas,Dallas County,TX,Dallas Office
75392,Dallas,Dallas County,TX,Dallas Office
75393,Dallas,Dallas County,TX,Dallas Office
75394,Dallas,Dallas County,TX,Dallas Office
75395,Dallas,Dallas County,TX,Dallas Office
75396,Dallas,Dallas County,TX,Dallas Office
75397,Dallas,Dallas County,TX,Dallas Office
75398,Dallas,Dallas County,TX,Dallas Office
79331,Lamesa,Dawson County,TX,Dallas Office
79377,Welch,Dawson County,TX,Dallas Office
77967,Hochheim,De Witt County,TX,Dallas Office
77989,Thomaston,De Witt County,TX,Dallas Office
79025,Dawn,Deaf Smith County,TX,Dallas Office
79045,Hereford,Deaf Smith County,TX,Dallas Office
75415,Ben Franklin,Delta County,TX,Dallas Office
75432,Cooper,Delta County,TX,Dallas Office
75441,Enloe,Delta County,TX,Dallas Office
75448,Klondike,Delta County,TX,Dallas Office
75450,Lake Creek,Delta County,TX,Dallas Office
75469,Pecan Gap,Delta County,TX,Dallas Office
75007,Carrollton,Denton County,TX,Dallas Office
75010,Carrollton,Denton County,TX,Dallas Office
75022,Flower Mound,Denton County,TX,Dallas Office
75027,Flower Mound,Denton County,TX,Dallas Office
75028,Flower Mound,Denton County,TX,Dallas Office
75029,Lewisville,Denton County,TX,Dallas Office
75033,Frisco,Denton County,TX,Dallas Office
75034,Frisco,Denton County,TX,Dallas Office
75036,Frisco,Denton County,TX,Dallas Office
75056,The Colony,Denton County,TX,Dallas Office
75057,Lewisville,Denton County,TX,Dallas Office
75065,Lake Dallas,Denton County,TX,Dallas Office
75067,Lewisville,Denton County,TX,Dallas Office
75068,Little Elm,Denton County,TX,Dallas Office
75077,Lewisville,Denton County,TX,Dallas Office
75287,Dallas,Denton County,TX,Dallas Office
76201,Denton,Denton County,TX,Dallas Office
76202,Denton,Denton County,TX,Dallas Office
76203,Denton,Denton County,TX,Dallas Office
76204,Denton,Denton County,TX,Dallas Office
76205,Denton,Denton County,TX,Dallas Office
76206,Denton,Denton County,TX,Dallas Office
76207,Denton,Denton County,TX,Dallas Office
76208,Denton,Denton County,TX,Dallas Office
76209,Denton,Denton County,TX,Dallas Office
76210,Denton,Denton County,TX,Dallas Office
76226,Argyle,Denton County,TX,Dallas Office
76227,Aubrey,Denton County,TX,Dallas Office
76247,Justin,Denton County,TX,Dallas Office
76249,Krum,Denton County,TX,Dallas Office
76258,Pilot Point,Denton County,TX,Dallas Office
76259,Ponder,Denton County,TX,Dallas Office
76262,Roanoke,Denton County,TX,Dallas Office
76266,Sanger,Denton County,TX,Dallas Office
76299,Roanoke,Denton County,TX,Dallas Office
77954,Cuero,DeWitt County,TX,Houston Office
77994,Westhoff,DeWitt County,TX,Houston Office
78141,Nordheim,DeWitt County,TX,Houston Office
78164,Yorktown,DeWitt County,TX,Houston Office
79220,Afton,Dickens County,TX,Dallas Office
79229,Dickens,Dickens County,TX,Dallas Office
79243,Mcadoo,Dickens County,TX,Dallas Office
79370,Spur,Dickens County,TX,Dallas Office
78827,Asherton,Dimmit County,TX,Houston Office
78830,Big Wells,Dimmit County,TX,Houston Office
78834,Carrizo Springs,Dimmit County,TX,Houston Office
78836,Catarina,Dimmit County,TX,Houston Office
79226,Clarendon,Donley County,TX,Dallas Office
79237,Hedley,Donley County,TX,Dallas Office
79240,Lelia Lake,Donley County,TX,Dallas Office
78341,Benavides,Duval County,TX,Houston Office
78349,Concepcion,Duval County,TX,Houston Office
78357,Freer,Duval County,TX,Houston Office
78376,Realitos,Duval County,TX,Houston Office
78384,San Diego,Duval County,TX,Houston Office
76435,Carbon,Eastland County,TX,Dallas Office
76437,Cisco,Eastland County,TX,Dallas Office
76445,Desdemona,Eastland County,TX,Dallas Office
76448,Eastland,Eastland County,TX,Dallas Office
76454,Gorman,Eastland County,TX,Dallas Office
76466,Olden,Eastland County,TX,Dallas Office
76470,Ranger,Eastland County,TX,Dallas Office
76471,Rising Star,Eastland County,TX,Dallas Office
79741,Goldsmith,Ector County,TX,Dallas Office
79758,Gardendale,Ector County,TX,Dallas Office
79759,Notrees,Ector County,TX,Dallas Office
79760,Odessa,Ector County,TX,Dallas Office
79761,Odessa,Ector County,TX,Dallas Office
79762,Odessa,Ector County,TX,Dallas Office
79763,Odessa,Ector County,TX,Dallas Office
79764,Odessa,Ector County,TX,Dallas Office
79765,Odessa,Ector County,TX,Dallas Office
79766,Odessa,Ector County,TX,Dallas Office
79768,Odessa,Ector County,TX,Dallas Office
79769,Odessa,Ector County,TX,Dallas Office
79776,Penwell,Ector County,TX,Dallas Office
78828,Barksdale,Edwards County,TX,Austin Office
78880,Rocksprings,Edwards County,TX,Austin Office
79821,Anthony,El Paso County,TX,Dallas Office
79835,Canutillo,El Paso County,TX,Dallas Office
79836,Clint,El Paso County,TX,Dallas Office
79838,Fabens,El Paso County,TX,Dallas Office
79849,San Elizario,El Paso County,TX,Dallas Office
79853,Tornillo,El Paso County,TX,Dallas Office
79901,El Paso,El Paso County,TX,Dallas Office
79902,El Paso,El Paso County,TX,Dallas Office
79903,El Paso,El Paso County,TX,Dallas Office
79904,El Paso,El Paso County,TX,Dallas Office
79905,El Paso,El Paso County,TX,Dallas Office
79906,El Paso,El Paso County,TX,Dallas Office
79907,El Paso,El Paso County,TX,Dallas Office
79908,El Paso,El Paso County,TX,Dallas Office
79910,El Paso,El Paso County,TX,Dallas Office
79911,El Paso,El Paso County,TX,Dallas Office
79912,El Paso,El Paso County,TX,Dallas Office
79913,El Paso,El Paso County,TX,Dallas Office
79914,El Paso,El Paso County,TX,Dallas Office
79915,El Paso,El Paso County,TX,Dallas Office
79916,Fort Bliss,El Paso County,TX,Dallas Office
79917,El Paso,El Paso County,TX,Dallas Office
79918,Fort Bliss,El Paso County,TX,Dallas Office
79920,El Paso,El Paso County,TX,Dallas Office
79922,El Paso,El Paso County,TX,Dallas Office
79923,El Paso,El Paso County,TX,Dallas Office
79924,El Paso,El Paso County,TX,Dallas Office
79925,El Paso,El Paso County,TX,Dallas Office
79926,El Paso,El Paso County,TX,Dallas Office
79927,El Paso,El Paso County,TX,Dallas Office
79928,El Paso,El Paso County,TX,Dallas Office
79929,El Paso,El Paso County,TX,Dallas Office
79930,El Paso,El Paso County,TX,Dallas Office
79931,El Paso,El Paso County,TX,Dallas Office
79932,El Paso,El Paso County,TX,Dallas Office
79934,El Paso,El Paso County,TX,Dallas Office
79935,El Paso,El Paso County,TX,Dallas Office
79936,El Paso,El Paso County,TX,Dallas Office
79937,El Paso,El Paso County,TX,Dallas Office
79938,El Paso,El Paso County,TX,Dallas Office
79940,El Paso,El Paso County,TX,Dallas Office
79941,El Paso,El Paso County,TX,Dallas Office
79943,El Paso,El Paso County,TX,Dallas Office
79944,El Paso,El Paso County,TX,Dallas Office
79945,El Paso,El Paso County,TX,Dallas Office
79946,El Paso,El Paso County,TX,Dallas Office
79947,El Paso,El Paso County,TX,Dallas Office
79948,El Paso,El Paso County,TX,Dallas Office
79949,El Paso,El Paso County,TX,Dallas Office
79950,El Paso,El Paso County,TX,Dallas Office
79951,El Paso,El Paso County,TX,Dallas Office
79952,El Paso,El Paso County,TX,Dallas Office
79953,El Paso,El Paso County,TX,Dallas Office
79954,El Paso,El Paso County,TX,Dallas Office
79955,El Paso,El Paso County,TX,Dallas Office
79958,El Paso,El Paso County,TX,Dallas Office
79960,El Paso,El Paso County,TX,Dallas Office
79961,El Paso,El Paso County,TX,Dallas Office
79968,El Paso,El Paso County,TX,Dallas Office
79976,El Paso,El Paso County,TX,Dallas Office
79978,El Paso,El Paso County,TX,Dallas Office
79980,El Paso,El Paso County,TX,Dallas Office
79990,El Paso,El Paso County,TX,Dallas Office
79995,El Paso,El Paso County,TX,Dallas Office
79996,El Paso,El Paso County,TX,Dallas Office
79997,El Paso,El Paso County,TX,Dallas Office
79998,El Paso,El Paso County,TX,Dallas Office
79999,El Paso,El Paso County,TX,Dallas Office
88510,El Paso,El Paso County,TX,Dallas Office
88511,El Paso,El Paso County,TX,Dallas Office
88512,El Paso,El Paso County,TX,Dallas Office
88513,El Paso,El Paso County,TX,Dallas Office
88514,El Paso,El Paso County,TX,Dallas Office
88515,El Paso,El Paso County,TX,Dallas Office
88516,El Paso,El Paso County,TX,Dallas Office
88517,El Paso,El Paso County,TX,Dallas Office
88518,El Paso,El Paso County,TX,Dallas Office
88519,El Paso,El Paso County,TX,Dallas Office
88520,El Paso,El Paso County,TX,Dallas Office
88521,El Paso,El Paso County,TX,Dallas Office
88523,El Paso,El Paso County,TX,Dallas Office
88524,El Paso,El Paso County,TX,Dallas Office
88525,El Paso,El Paso County,TX,Dallas Office
88526,El Paso,El Paso County,TX,Dallas Office
88527,El Paso,El Paso County,TX,Dallas Office
88528,El Paso,El Paso County,TX,Dallas Office
88529,El Paso,El Paso County,TX,Dallas Office
88530,El Paso,El Paso County,TX,Dallas Office
88531,El Paso,El Paso County,TX,Dallas Office
88532,El Paso,El Paso County,TX,Dallas Office
88533,El Paso,El Paso County,TX,Dallas Office
88534,El Paso,El Paso County,TX,Dallas Office
88535,El Paso,El Paso County,TX,Dallas Office
88536,El Paso,El Paso County,TX,Dallas Office
88538,El Paso,El Paso County,TX,Dallas Office
88539,El Paso,El Paso County,TX,Dallas Office
88540,El Paso,El Paso County,TX,Dallas Office
88541,El Paso,El Paso County,TX,Dallas Office
88542,El Paso,El Paso County,TX,Dallas Office
88543,El Paso,El Paso County,TX,Dallas Office
88544,El Paso,El Paso County,TX,Dallas Office
88545,El Paso,El Paso County,TX,Dallas Office
88546,El Paso,El Paso County,TX,Dallas Office
88547,El Paso,El Paso County,TX,Dallas Office
88548,El Paso,El Paso County,TX,Dallas Office
88549,El Paso,El Paso County,TX,Dallas Office
88550,El Paso,El Paso County,TX,Dallas Office
88553,El Paso,El Paso County,TX,Dallas Office
88554,El Paso,El Paso County,TX,Dallas Office
88555,El Paso,El Paso County,TX,Dallas Office
88556,El Paso,El Paso County,TX,Dallas Office
88557,El Paso,El Paso County,TX,Dallas Office
88558,El Paso,El Paso County,TX,Dallas Office
88559,El Paso,El Paso County,TX,Dallas Office
88560,El Paso,El Paso County,TX,Dallas Office
88561,El Paso,El Paso County,TX,Dallas Office
88562,El Paso,El Paso County,TX,Dallas Office
88563,El Paso,El Paso County,TX,Dallas Office
88565,El Paso,El Paso County,TX,Dallas Office
88566,El Paso,El Paso County,TX,Dallas Office
88567,El Paso,El Paso County,TX,Dallas Office
88568,El Paso,El Paso County,TX,Dallas Office
88569,El Paso,El Paso County,TX,Dallas Office
88570,El Paso,El Paso County,TX,Dallas Office
88571,El Paso,El Paso County,TX,Dallas Office
88572,El Paso,El Paso County,TX,Dallas Office
88573,El Paso,El Paso County,TX,Dallas Office
88574,El Paso,El Paso County,TX,Dallas Office
88575,El Paso,El Paso County,TX,Dallas Office
88576,El Paso,El Paso County,TX,Dallas Office
88577,El Paso,El Paso County,TX,Dallas Office
88578,El Paso,El Paso County,TX,Dallas Office
88579,El Paso,El Paso County,TX,Dallas Office
88580,El Paso,El Paso County,TX,Dallas Office
88581,El Paso,El Paso County,TX,Dallas Office
88582,El Paso,El Paso County,TX,Dallas Office
88583,El Paso,El Paso County,TX,Dallas Office
88584,El Paso,El Paso County,TX,Dallas Office
88585,El Paso,El Paso County,TX,Dallas Office
88586,El Paso,El Paso County,TX,Dallas Office
88587,El Paso,El Paso County,TX,Dallas Office
88588,El Paso,El Paso County,TX,Dallas Office
88589,El Paso,El Paso County,TX,Dallas Office
88590,El Paso,El Paso County,TX,Dallas Office
88595,El Paso,El Paso County,TX,Dallas Office
75101,Bardwell,Ellis County,TX,Dallas Office
75119,Ennis,Ellis County,TX,Dallas Office
75120,Ennis,Ellis County,TX,Dallas Office
75125,Ferris,Ellis County,TX,Dallas Office
75152,Palmer,Ellis County,TX,Dallas Office
75154,Red Oak,Ellis County,TX,Dallas Office
75165,Waxahachie,Ellis County,TX,Dallas Office
75167,Waxahachie,Ellis County,TX,Dallas Office
75168,Waxahachie,Ellis County,TX,Dallas Office
76041,Forreston,Ellis County,TX,Dallas Office
76064,Maypearl,Ellis County,TX,Dallas Office
76065,Midlothian,Ellis County,TX,Dallas Office
76623,Avalon,Ellis County,TX,Dallas Office
76651,Italy,Ellis County,TX,Dallas Office
76670,Milford,Ellis County,TX,Dallas Office
76401,Stephenville,Erath County,TX,Dallas Office
76402,Stephenville,Erath County,TX,Dallas Office
76433,Bluff Dale,Erath County,TX,Dallas Office
76446,Dublin,Erath County,TX,Dallas Office
76461,Lingleville,Erath County,TX,Dallas Office
76465,Morgan Mill,Erath County,TX,Dallas Office
76570,Rosebud,Falls County,TX,Dallas Office
76632,Chilton,Falls County,TX,Dallas Office
76656,Lott,Falls County,TX,Dallas Office
76661,Marlin,Falls County,TX,Dallas Office
76680,Reagan,Falls County,TX,Dallas Office
76685,Satin,Falls County,TX,Dallas Office
75413,Bailey,Fannin County,TX,Dallas Office
75418,Bonham,Fannin County,TX,Dallas Office
75438,Dodd City,Fannin County,TX,Dallas Office
75439,Ector,Fannin County,TX,Dallas Office
75443,Gober,Fannin County,TX,Dallas Office
75446,Honey Grove,Fannin County,TX,Dallas Office
75447,Ivanhoe,Fannin County,TX,Dallas Office
75449,Ladonia,Fannin County,TX,Dallas Office
75452,Leonard,Fannin County,TX,Dallas Office
75475,Randolph,Fannin County,TX,Dallas Office
75476,Ravenna,Fannin County,TX,Dallas Office
75479,Savoy,Fannin County,TX,Dallas Office
75488,Telephone,Fannin County,TX,Dallas Office
75490,Trenton,Fannin County,TX,Dallas Office
75492,Windom,Fannin County,TX,Dallas Office
78932,Carmine,Fayette County,TX,Houston Office
78938,Ellinger,Fayette County,TX,Houston Office
78940,Fayetteville,Fayette County,TX,Houston Office
78941,Flatonia,Fayette County,TX,Houston Office
78945,La Grange,Fayette County,TX,Houston Office
78949,Muldoon,Fayette County,TX,Houston Office
78952,Plum,Fayette County,TX,Houston Office
78954,Round Top,Fayette County,TX,Houston Office
78956,Schulenburg,Fayette County,TX,Houston Office
78960,Warda,Fayette County,TX,Houston Office
78961,Warrenton,Fayette County,TX,Houston Office
78963,West Point,Fayette County,TX,Houston Office
79534,Mc Caulley,Fisher County,TX,Dallas Office
79543,Roby,Fisher County,TX,Dallas Office
79546,Rotan,Fisher County,TX,Dallas Office
79560,Sylvester,Fisher County,TX,Dallas Office
79221,Aiken,Floyd County,TX,Dallas Office
79231,Dougherty,Floyd County,TX,Dallas Office
79235,Floydada,Floyd County,TX,Dallas Office
79241,Lockney,Floyd County,TX,Dallas Office
79258,South Plains,Floyd County,TX,Dallas Office
79227,Crowell,Foard County,TX,Dallas Office
77053,Houston,Fort Bend County,TX,Houston Office
77406,Richmond,Fort Bend County,TX,Houston Office
77407,Richmond,Fort Bend County,TX,Houston Office
77417,Beasley,Fort Bend County,TX,Houston Office
77441,Fulshear,Fort Bend County,TX,Houston Office
77444,Guy,Fort Bend County,TX,Houston Office
77451,Kendleton,Fort Bend County,TX,Houston Office
77459,Missouri City,Fort Bend County,TX,Houston Office
77461,Needville,Fort Bend County,TX,Houston Office
77464,Orchard,Fort Bend County,TX,Houston Office
77469,Richmond,Fort Bend County,TX,Houston Office
77471,Rosenberg,Fort Bend County,TX,Houston Office
77476,Simonton,Fort Bend County,TX,Houston Office
77477,Stafford,Fort Bend County,TX,Houston Office
77478,Sugar Land,Fort Bend County,TX,Houston Office
77479,Sugar Land,Fort Bend County,TX,Houston Office
77481,Thompsons,Fort Bend County,TX,Houston Office
77487,Sugar Land,Fort Bend County,TX,Houston Office
77489,Missouri City,Fort Bend County,TX,Houston Office
77494,Katy,Fort Bend County,TX,Houston Office
77496,Sugar Land,Fort Bend County,TX,Houston Office
77497,Stafford,Fort Bend County,TX,Houston Office
77498,Sugar Land,Fort Bend County,TX,Houston Office
77545,Fresno,Fort Bend County,TX,Houston Office
75457,Mount Vernon,Franklin County,TX,Dallas Office
75480,Scroggins,Franklin County,TX,Dallas Office
75838,Donie,Freestone County,TX,Dallas Office
75840,Fairfield,Freestone County,TX,Dallas Office
75848,Kirvin,Freestone County,TX,Dallas Office
75859,Streetman,Freestone County,TX,Dallas Office
75860,Teague,Freestone County,TX,Dallas Office
76693,Wortham,Freestone County,TX,Dallas Office
78005,Bigfoot,Frio County,TX,Austin Office
78017,Dilley,Frio County,TX,Austin Office
78057,Moore,Frio County,TX,Austin Office
78061,Pearsall,Frio County,TX,Austin Office
79342,Loop,Gaines County,TX,Dallas Office
79359,Seagraves,Gaines County,TX,Dallas Office
79360,Seminole,Gaines County,TX,Dallas Office
77510,Santa Fe,Galveston County,TX,Houston Office
77517,Santa Fe,Galveston County,TX,Houston Office
77518,Bacliff,Galveston County,TX,Houston Office
77539,Dickinson,Galveston County,TX,Houston Office
77546,Friendswood,Galveston County,TX,Houston Office
77549,Friendswood,Galveston County,TX,Houston Office
77550,Galveston,Galveston County,TX,Houston Office
77551,Galveston,Galveston County,TX,Houston Office
77552,Galveston,Galveston County,TX,Houston Office
77553,Galveston,Galveston County,TX,Houston Office
77554,Galveston,Galveston County,TX,Houston Office
77555,Galveston,Galveston County,TX,Houston Office
77563,Hitchcock,Galveston County,TX,Houston Office
77565,Kemah,Galveston County,TX,Houston Office
77568,La Marque,Galveston County,TX,Houston Office
77573,League City,Galveston County,TX,Houston Office
77574,League City,Galveston County,TX,Houston Office
77590,Texas City,Galveston County,TX,Houston Office
77591,Texas City,Galveston County,TX,Houston Office
77592,Texas City,Galveston County,TX,Houston Office
77617,Gilchrist,Galveston County,TX,Houston Office
77623,High Island,Galveston County,TX,Houston Office
77650,Port Bolivar,Galveston County,TX,Houston Office
79330,Justiceburg,Garza County,TX,Dallas Office
79356,Post,Garza County,TX,Dallas Office
78618,Doss,Gillespie County,TX,Austin Office
78624,Fredericksburg,Gillespie County,TX,Austin Office
78631,Harper,Gillespie County,TX,Austin Office
78671,Stonewall,Gillespie County,TX,Austin Office
78675,Willow City,Gillespie County,TX,Austin Office
79739,Garden City,Glasscock County,TX,Dallas Office
77960,Fannin,Goliad County,TX,Houston Office
77963,Goliad,Goliad County,TX,Houston Office
77993,Weesatche,Goliad County,TX,Houston Office
78107,Berclair,Goliad County,TX,Houston Office
78122,Leesville,Gonzales County,TX,Houston Office
78140,Nixon,Gonzales County,TX,Houston Office
78159,Smiley,Gonzales County,TX,Houston Office
78604,Belmont,Gonzales County,TX,Houston Office
78614,Cost,Gonzales County,TX,Houston Office
78629,Gonzales,Gonzales County,TX,Houston Office
78632,Harwood,Gonzales County,TX,Houston Office
78658,Ottine,Gonzales County,TX,Houston Office
78677,Wrightsboro,Gonzales County,TX,Houston Office
78959,Waelder,Gonzales County,TX,Houston Office
79002,Alanreed,Gray County,TX,Dallas Office
79054,Lefors,Gray County,TX,Dallas Office
79057,Mclean,Gray County,TX,Dallas Office
79065,Pampa,Gray County,TX,Dallas Office
79066,Pampa,Gray County,TX,Dallas Office
75020,Denison,Grayson County,TX,Dallas Office
75021,Denison,Grayson County,TX,Dallas Office
75058,Gunter,Grayson County,TX,Dallas Office
75076,Pottsboro,Grayson County,TX,Dallas Office
75090,Sherman,Grayson County,TX,Dallas Office
75091,Sherman,Grayson County,TX,Dallas Office
75092,Sherman,Grayson County,TX,Dallas Office
75414,Bells,Grayson County,TX,Dallas Office
75459,Howe,Grayson County,TX,Dallas Office
75489,Tom Bean,Grayson County,TX,Dallas Office
75491,Whitewright,Grayson County,TX,Dallas Office
75495,Van Alstyne,Grayson County,TX,Dallas Office
76233,Collinsville,Grayson County,TX,Dallas Office
76245,Gordonville,Grayson County,TX,Dallas Office
76264,Sadler,Grayson County,TX,Dallas Office
76268,Southmayd,Grayson County,TX,Dallas Office
76271,Tioga,Grayson County,TX,Dallas Office
76273,Whitesboro,Grayson County,TX,Dallas Office
75601,Longview,Gregg County,TX,Dallas Office
75602,Longview,Gregg County,TX,Dallas Office
75603,Longview,Gregg County,TX,Dallas Office
75604,Longview,Gregg County,TX,Dallas Office
75605,Longview,Gregg County,TX,Dallas Office
75606,Longview,Gregg County,TX,Dallas Office
75607,Longview,Gregg County,TX,Dallas Office
75608,Longview,Gregg County,TX,Dallas Office
75615,Longview,Gregg County,TX,Dallas Office
75641,Easton,Gregg County,TX,Dallas Office
75647,Gladewater,Gregg County,TX,Dallas Office
75660,Judson,Gregg County,TX,Dallas Office
75662,Kilgore,Gregg County,TX,Dallas Office
75663,Kilgore,Gregg County,TX,Dallas Office
75693,White Oak,Gregg County,TX,Dallas Office
77363,Plantersville,Grimes County,TX,Houston Office
77830,Anderson,Grimes County,TX,Houston Office
77831,Bedias,Grimes County,TX,Houston Office
77861,Iola,Grimes County,TX,Houston Office
77868,Navasota,Grimes County,TX,Houston Office
77869,Navasota,Grimes County,TX,Houston Office
77873,Richards,Grimes County,TX,Houston Office
77875,Roans Prairie,Grimes County,TX,Houston Office
77876,Shiro,Grimes County,TX,Houston Office
78108,Cibolo,Guadalupe County,TX,Austin Office
78115,Geronimo,Guadalupe County,TX,Austin Office
78123,Mc Queeney,Guadalupe County,TX,Austin Office
78124,Marion,Guadalupe County,TX,Austin Office
78154,Schertz,Guadalupe County,TX,Austin Office
78155,Seguin,Guadalupe County,TX,Austin Office
78156,Seguin,Guadalupe County,TX,Austin Office
78638,Kingsbury,Guadalupe County,TX,Austin Office
78670,Staples,Guadalupe County,TX,Austin Office
79021,Cotton Center,Hale County,TX,Dallas Office
79032,Edmonson,Hale County,TX,Dallas Office
79041,Hale Center,Hale County,TX,Dallas Office
79072,Plainview,Hale County,TX,Dallas Office
79073,Plainview,Hale County,TX,Dallas Office
79250,Petersburg,Hale County,TX,Dallas Office
79311,Abernathy,Hale County,TX,Dallas Office
79233,Estelline,Hall County,TX,Dallas Office
79239,Lakeview,Hall County,TX,Dallas Office
79245,Memphis,Hall County,TX,Dallas Office
79261,Turkey,Hall County,TX,Dallas Office
76436,Carlton,Hamilton County,TX,Dallas Office
76457,Hico,Hamilton County,TX,Dallas Office
76531,Hamilton,Hamilton County,TX,Dallas Office
76565,Pottsville,Hamilton County,TX,Dallas Office
79040,Gruver,Hansford County,TX,Dallas Office
79062,Morse,Hansford County,TX,Dallas Office
79081,Spearman,Hansford County,TX,Dallas Office
79225,Chillicothe,Hardeman County,TX,Dallas Office
79252,Quanah,Hardeman County,TX,Dallas Office
77374,Thicket,Hardin County,TX,Houston Office
77376,Votaw,Hardin County,TX,Houston Office
77519,Batson,Hardin County,TX,Houston Office
77585,Saratoga,Hardin County,TX,Houston Office
77625,Kountze,Hardin County,TX,Houston Office
77656,Silsbee,Hardin County,TX,Houston Office
77657,Lumberton,Hardin County,TX,Houston Office
77659,Sour Lake,Hardin County,TX,Houston Office
77663,Village Mills,Hardin County,TX,Houston Office
77001,Houston,Harris County,TX,Houston Office
77002,Houston,Harris County,TX,Houston Office
77003,Houston,Harris County,TX,Houston Office
77004,Houston,Harris County,TX,Houston Office
77005,Houston,Harris County,TX,Houston Office
77006,Houston,Harris County,TX,Houston Office
77007,Houston,Harris County,TX,Houston Office
77008,Houston,Harris County,TX,Houston Office
77009,Houston,Harris County,TX,Houston Office
77010,Houston,Harris County,TX,Houston Office
77011,Houston,Harris County,TX,Houston Office
77012,Houston,Harris County,TX,Houston Office
77013,Houston,Harris County,TX,Houston Office
77014,Houston,Harris County,TX,Houston Office
77015,Houston,Harris County,TX,Houston Office
77016,Houston,Harris County,TX,Houston Office
77017,Houston,Harris County,TX,Houston Office
77018,Houston,Harris County,TX,Houston Office
77019,Houston,Harris County,TX,Houston Office
77020,Houston,Harris County,TX,Houston Office
77021,Houston,Harris County,TX,Houston Office
77022,Houston,Harris County,TX,Houston Office
77023,Houston,Harris County,TX,Houston Office
77024,Houston,Harris County,TX,Houston Office
77025,Houston,Harris County,TX,Houston Office
77026,Houston,Harris County,TX,Houston Office
77027,Houston,Harris County,TX,Houston Office
77028,Houston,Harris County,TX,Houston Office
77029,Houston,Harris County,TX,Houston Office
77030,Houston,Harris County,TX,Houston Office
77031,Houston,Harris County,TX,Houston Office
77032,Houston,Harris County,TX,Houston Office
77033,Houston,Harris County,TX,Houston Office
77034,Houston,Harris County,TX,Houston Office
77035,Houston,Harris County,TX,Houston Office
77036,Houston,Harris County,TX,Houston Office
77037,Houston,Harris County,TX,Houston Office
77038,Houston,Harris County,TX,Houston Office
77039,Houston,Harris County,TX,Houston Office
77040,Houston,Harris County,TX,Houston Office
77041,Houston,Harris County,TX,Houston Office
77042,Houston,Harris County,TX,Houston Office
77043,Houston,Harris County,TX,Houston Office
77044,Houston,Harris County,TX,Houston Office
77045,Houston,Harris County,TX,Houston Office
77046,Houston,Harris County,TX,Houston Office
77047,Houston,Harris County,TX,Houston Office
77048,Houston,Harris County,TX,Houston Office
77049,Houston,Harris County,TX,Houston Office
77050,Houston,Harris County,TX,Houston Office
77051,Houston,Harris County,TX,Houston Office
77052,Houston,Harris County,TX,Houston Office
77054,Houston,Harris County,TX,Houston Office
77055,Houston,Harris County,TX,Houston Office
77056,Houston,Harris County,TX,Houston Office
77057,Houston,Harris County,TX,Houston Office
77058,Houston,Harris County,TX,Houston Office
77059,Houston,Harris County,TX,Houston Office
77060,Houston,Harris County,TX,Houston Office
77061,Houston,Harris County,TX,Houston Office
77062,Houston,Harris County,TX,Houston Office
77063,Houston,Harris County,TX,Houston Office
77064,Houston,Harris County,TX,Houston Office
77065,Houston,Harris County,TX,Houston Office
77066,Houston,Harris County,TX,Houston Office
77067,Houston,Harris County,TX,Houston Office
77068,Houston,Harris County,TX,Houston Office
77069,Houston,Harris County,TX,Houston Office
77070,Houston,Harris County,TX,Houston Office
77071,Houston,Harris County,TX,Houston Office
77072,Houston,Harris County,TX,Houston Office
77073,Houston,Harris County,TX,Houston Office
77074,Houston,Harris County,TX,Houston Office
77075,Houston,Harris County,TX,Houston Office
77076,Houston,Harris County,TX,Houston Office
77077,Houston,Harris County,TX,Houston Office
77078,Houston,Harris County,TX,Houston Office
77079,Houston,Harris County,TX,Houston Office
77080,Houston,Harris County,TX,Houston Office
77081,Houston,Harris County,TX,Houston Office
77082,Houston,Harris County,TX,Houston Office
77083,Houston,Harris County,TX,Houston Office
77084,Houston,Harris County,TX,Houston Office
77085,Houston,Harris County,TX,Houston Office
77086,Houston,Harris County,TX,Houston Office
77087,Houston,Harris County,TX,Houston Office
77088,Houston,Harris County,TX,Houston Office
77089,Houston,Harris County,TX,Houston Office
77090,Houston,Harris County,TX,Houston Office
77091,Houston,Harris County,TX,Houston Office
77092,Houston,Harris County,TX,Houston Office
77093,Houston,Harris County,TX,Houston Office
77094,Houston,Harris County,TX,Houston Office
77095,Houston,Harris County,TX,Houston Office
77096,Houston,Harris County,TX,Houston Office
77097,Houston,Harris County,TX,Houston Office
77098,Houston,Harris County,TX,Houston Office
77099,Houston,Harris County,TX,Houston Office
77201,Houston,Harris County,TX,Houston Office
77202,Houston,Harris County,TX,Houston Office
77203,Houston,Harris County,TX,Houston Office
77204,Houston,Harris County,TX,Houston Office
77205,Houston,Harris County,TX,Houston Office
77206,Houston,Harris County,TX,Houston Office
77207,Houston,Harris County,TX,Houston Office
77208,Houston,Harris County,TX,Houston Office
77209,Houston,Harris County,TX,Houston Office
77210,Houston,Harris County,TX,Houston Office
77212,Houston,Harris County,TX,Houston Office
77213,Houston,Harris County,TX,Houston Office
77215,Houston,Harris County,TX,Houston Office
77216,Houston,Harris County,TX,Houston Office
77217,Houston,Harris County,TX,Houston Office
77218,Houston,Harris County,TX,Houston Office
77219,Houston,Harris County,TX,Houston Office
77220,Houston,Harris County,TX,Houston Office
77221,Houston,Harris County,TX,Houston Office
77222,Houston,Harris County,TX,Houston Office
77223,Houston,Harris County,TX,Houston Office
77224,Houston,Harris County,TX,Houston Office
77225,Houston,Harris County,TX,Houston Office
77226,Houston,Harris County,TX,Houston Office
77227,Houston,Harris County,TX,Houston Office
77228,Houston,Harris County,TX,Houston Office
77229,Houston,Harris County,TX,Houston Office
77230,Houston,Harris County,TX,Houston Office
77231,Houston,Harris County,TX,Houston Office
77233,Houston,Harris County,TX,Houston Office
77234,Houston,Harris County,TX,Houston Office
77235,Houston,Harris County,TX,Houston Office
77236,Houston,Harris County,TX,Houston Office
77237,Houston,Harris County,TX,Houston Office
77238,Houston,Harris County,TX,Houston Office
77240,Houston,Harris County,TX,Houston Office
77241,Houston,Harris County,TX,Houston Office
77242,Houston,Harris County,TX,Houston Office
77243,Houston,Harris County,TX,Houston Office
77244,Houston,Harris County,TX,Houston Office
77245,Houston,Harris County,TX,Houston Office
77246,Houston,Harris County,TX,Houston Office
77247,Houston,Harris County,TX,Houston Office
77248,Houston,Harris County,TX,Houston Office
77249,Houston,Harris County,TX,Houston Office
77250,Houston,Harris County,TX,Houston Office
77251,Houston,Harris County,TX,Houston Office
77252,Houston,Harris County,TX,Houston Office
77253,Houston,Harris County,TX,Houston Office
77254,Houston,Harris County,TX,Houston Office
77255,Houston,Harris County,TX,Houston Office
77256,Houston,Harris County,TX,Houston Office
77257,Houston,Harris County,TX,Houston Office
77258,Houston,Harris County,TX,Houston Office
77259,Houston,Harris County,TX,Houston Office
77260,Houston,Harris County,TX,Houston Office
77261,Houston,Harris County,TX,Houston Office
77262,Houston,Harris County,TX,Houston Office
77263,Houston,Harris County,TX,Houston Office
77265,Houston,Harris County,TX,Houston Office
77266,Houston,Harris County,TX,Houston Office
77267,Houston,Harris County,TX,Houston Office
77268,Houston,Harris County,TX,Houston Office
77269,Houston,Harris County,TX,Houston Office
77270,Houston,Harris County,TX,Houston Office
77271,Houston,Harris County,TX,Houston Office
77272,Houston,Harris County,TX,Houston Office
77273,Houston,Harris County,TX,Houston Office
77274,Houston,Harris County,TX,Houston Office
77275,Houston,Harris County,TX,Houston Office
77276,Houston,Harris County,TX,Houston Office
77277,Houston,Harris County,TX,Houston Office
77278,Houston,Harris County,TX,Houston Office
77279,Houston,Harris County,TX,Houston Office
77280,Houston,Harris County,TX,Houston Office
77282,Houston,Harris County,TX,Houston Office
77284,Houston,Harris County,TX,Houston Office
77285,Houston,Harris County,TX,Houston Office
77286,Houston,Harris County,TX,Houston Office
77287,Houston,Harris County,TX,Houston Office
77288,Houston,Harris County,TX,Houston Office
77289,Houston,Harris County,TX,Houston Office
77290,Houston,Harris County,TX,Houston Office
77291,Houston,Harris County,TX,Houston Office
77292,Houston,Harris County,TX,Houston Office
77293,Houston,Harris County,TX,Houston Office
77294,Houston,Harris County,TX,Houston Office
77296,Houston,Harris County,TX,Houston Office
77297,Houston,Harris County,TX,Houston Office
77298,Houston,Harris County,TX,Houston Office
77299,Houston,Harris County,TX,Houston Office
77315,North Houston,Harris County,TX,Houston Office
77325,Kingwood,Harris County,TX,Houston Office
77336,Huffman,Harris County,TX,Houston Office
77337,Hufsmith,Harris County,TX,Houston Office
77338,Humble,Harris County,TX,Houston Office
77339,Kingwood,Harris County,TX,Houston Office
77345,Kingwood,Harris County,TX,Houston Office
77346,Humble,Harris County,TX,Houston Office
77347,Humble,Harris County,TX,Houston Office
77373,Spring,Harris County,TX,Houston Office
77375,Tomball,Harris County,TX,Houston Office
77377,Tomball,Harris County,TX,Houston Office
77379,Spring,Harris County,TX,Houston Office
77383,Spring,Harris County,TX,Houston Office
77387,Spring,Harris County,TX,Houston Office
77388,Spring,Harris County,TX,Houston Office
77389,Spring,Harris County,TX,Houston Office
77391,Spring,Harris County,TX,Houston Office
77393,Spring,Harris County,TX,Houston Office
77396,Humble,Harris County,TX,Houston Office
77401,Bellaire,Harris County,TX,Houston Office
77402,Bellaire,Harris County,TX,Houston Office
77410,Cypress,Harris County,TX,Houston Office
77411,Alief,Harris County,TX,Houston Office
77413,Barker,Harris County,TX,Houston Office
77429,Cypress,Harris County,TX,Houston Office
77433,Cypress,Harris County,TX,Houston Office
77447,Hockley,Harris County,TX,Houston Office
77449,Katy,Harris County,TX,Houston Office
77450,Katy,Harris County,TX,Houston Office
77493,Katy,Harris County,TX,Houston Office
77501,Pasadena,Harris County,TX,Houston Office
77502,Pasadena,Harris County,TX,Houston Office
77503,Pasadena,Harris County,TX,Houston Office
77504,Pasadena,Harris County,TX,Houston Office
77505,Pasadena,Harris County,TX,Houston Office
77506,Pasadena,Harris County,TX,Houston Office
77507,Pasadena,Harris County,TX,Houston Office
77508,Pasadena,Harris County,TX,Houston Office
77520,Baytown,Harris County,TX,Houston Office
77521,Baytown,Harris County,TX,Houston Office
77522,Baytown,Harris County,TX,Houston Office
77530,Channelview,Harris County,TX,Houston Office
77532,Crosby,Harris County,TX,Houston Office
77536,Deer Park,Harris County,TX,Houston Office
77547,Galena Park,Harris County,TX,Houston Office
77562,Highlands,Harris County,TX,Houston Office
77571,La Porte,Harris County,TX,Houston Office
77572,La Porte,Harris County,TX,Houston Office
77586,Seabrook,Harris County,TX,Houston Office
77587,South Houston,Harris County,TX,Houston Office
77598,Webster,Harris County,TX,Houston Office
75642,Elysian Fields,Harrison County,TX,Dallas Office
75650,Hallsville,Harrison County,TX,Dallas Office
75651,Harleton,Harrison County,TX,Dallas Office
75659,Jonesville,Harrison County,TX,Dallas Office
75661,Karnack,Harrison County,TX,Dallas Office
75670,Marshall,Harrison County,TX,Dallas Office
75671,Marshall,Harrison County,TX,Dallas Office
75672,Marshall,Harrison County,TX,Dallas Office
75688,Scottsville,Harrison County,TX,Dallas Office
75692,Waskom,Harrison County,TX,Dallas Office
75694,Woodlawn,Harrison County,TX,Dallas Office
79018,Channing,Hartley County,TX,Dallas Office
79044,Hartley,Hartley County,TX,Dallas Office
76388,Weinert,Haskell County,TX,Dallas Office
79521,Haskell,Haskell County,TX,Dallas Office
79539,O Brien,Haskell County,TX,Dallas Office
79544,Rochester,Haskell County,TX,Dallas Office
79547,Rule,Haskell County,TX,Dallas Office
79548,Rule,Haskell County,TX,Dallas Office
78610,Buda,Hays County,TX,Austin Office
78619,Driftwood,Hays County,TX,Austin Office
78620,Dripping Springs,Hays County,TX,Austin Office
78640,Kyle,Hays County,TX,Austin Office
78666,San Marcos,Hays County,TX,Austin Office
78667,San Marcos,Hays County,TX,Austin Office
78676,Wimberley,Hays County,TX,Austin Office
78737,Austin,Hays County,TX,Austin Office
79014,Canadian,Hemphill County,TX,Dallas Office
75124,Eustace,Henderson County,TX,Dallas Office
75143,Kemp,Henderson County,TX,Dallas Office
75148,Malakoff,Henderson County,TX,Dallas Office
75156,Mabank,Henderson County,TX,Dallas Office
75163,Trinidad,Henderson County,TX,Dallas Office
75751,Athens,Henderson County,TX,Dallas Office
75752,Athens,Henderson County,TX,Dallas Office
75756,Brownsboro,Henderson County,TX,Dallas Office
75758,Chandler,Henderson County,TX,Dallas Office
75770,Larue,Henderson County,TX,Dallas Office
75778,Murchison,Henderson County,TX,Dallas Office
75782,Poynor,Henderson County,TX,Dallas Office
78501,Mcallen,Hidalgo County,TX,Houston Office
78502,Mcallen,Hidalgo County,TX,Houston Office
78503,Mcallen,Hidalgo County,TX,Houston Office
78504,Mcallen,Hidalgo County,TX,Houston Office
78505,Mcallen,Hidalgo County,TX,Houston Office
78516,Alamo,Hidalgo County,TX,Houston Office
78537,Donna,Hidalgo County,TX,Houston Office
78538,Edcouch,Hidalgo County,TX,Houston Office
78539,Edinburg,Hidalgo County,TX,Houston Office
78540,Edinburg,Hidalgo County,TX,Houston Office
78541,Edinburg,Hidalgo County,TX,Houston Office
78542,Edinburg,Hidalgo County,TX,Houston Office
78543,Elsa,Hidalgo County,TX,Houston Office
78549,Hargill,Hidalgo County,TX,Houston Office
78557,Hidalgo,Hidalgo County,TX,Houston Office
78558,La Blanca,Hidalgo County,TX,Houston Office
78560,La Joya,Hidalgo County,TX,Houston Office
78562,La Villa,Hidalgo County,TX,Houston Office
78563,Linn,Hidalgo County,TX,Houston Office
78565,Los Ebanos,Hidalgo County,TX,Houston Office
78570,Mercedes,Hidalgo County,TX,Houston Office
78572,Mission,Hidalgo County,TX,Houston Office
78573,Mission,Hidalgo County,TX,Houston Office
78574,Mission,Hidalgo County,TX,Houston Office
78576,Penitas,Hidalgo County,TX,Houston Office
78577,Pharr,Hidalgo County,TX,Houston Office
78579,Progreso,Hidalgo County,TX,Houston Office
78589,San Juan,Hidalgo County,TX,Houston Office
78595,Sullivan City,Hidalgo County,TX,Houston Office
78596,Weslaco,Hidalgo County,TX,Houston Office
78599,Weslaco,Hidalgo County,TX,Houston Office
76055,Itasca,Hill County,TX,Dallas Office
76621,Abbott,Hill County,TX,Dallas Office
76622,Aquilla,Hill County,TX,Dallas Office
76627,Blum,Hill County,TX,Dallas Office
76628,Brandon,Hill County,TX,Dallas Office
76631,Bynum,Hill County,TX,Dallas Office
76636,Covington,Hill County,TX,Dallas Office
76645,Hillsboro,Hill County,TX,Dallas Office
76648,Hubbard,Hill County,TX,Dallas Office
76650,Irene,Hill County,TX,Dallas Office
76660,Malone,Hill County,TX,Dallas Office
76666,Mertens,Hill County,TX,Dallas Office
76673,Mount Calm,Hill County,TX,Dallas Office
76676,Penelope,Hill County,TX,Dallas Office
76692,Whitney,Hill County,TX,Dallas Office
79313,Anton,Hockley County,TX,Dallas Office
79336,Levelland,Hockley County,TX,Dallas Office
79338,Levelland,Hockley County,TX,Dallas Office
79353,Pep,Hockley County,TX,Dallas Office
79358,Ropesville,Hockley County,TX,Dallas Office
79367,Smyer,Hockley County,TX,Dallas Office
79372,Sundown,Hockley County,TX,Dallas Office
79380,Whitharral,Hockley County,TX,Dallas Office
76048,Granbury,Hood County,TX,Dallas Office
76049,Granbury,Hood County,TX,Dallas Office
76462,Lipan,Hood County,TX,Dallas Office
76467,Paluxy,Hood County,TX,Dallas Office
76476,Tolar,Hood County,TX,Dallas Office
75420,Brashear,Hopkins County,TX,Dallas Office
75431,Como,Hopkins County,TX,Dallas Office
75433,Cumby,Hopkins County,TX,Dallas Office
75437,Dike,Hopkins County,TX,Dallas Office
75471,Pickton,Hopkins County,TX,Dallas Office
75478,Saltillo,Hopkins County,TX,Dallas Office
75481,Sulphur Bluff,Hopkins County,TX,Dallas Office
75482,Sulphur Springs,Hopkins County,TX,Dallas Office
75483,Sulphur Springs,Hopkins County,TX,Dallas Office
75835,Crockett,Houston County,TX,Houston Office
75844,Grapeland,Houston County,TX,Houston Office
75847,Kennard,Houston County,TX,Houston Office
75849,Latexo,Houston County,TX,Houston Office
75851,Lovelady,Houston County,TX,Houston Office
75858,Ratcliff,Houston County,TX,Houston Office
79511,Coahoma,Howard County,TX,Dallas Office
79720,Big Spring,Howard County,TX,Dallas Office
79721,Big Spring,Howard County,TX,Dallas Office
79733,Forsan,Howard County,TX,Dallas Office
79748,Knott,Howard County,TX,Dallas Office
79837,Dell City,Hudspeth County,TX,Dallas Office
79839,Fort Hancock,Hudspeth County,TX,Dallas Office
79847,Salt Flat,Hudspeth County,TX,Dallas Office
79851,Sierra Blanca,Hudspeth County,TX,Dallas Office
75135,Caddo Mills,Hunt County,TX,Dallas Office
75401,Greenville,Hunt County,TX,Dallas Office
75402,Greenville,Hunt County,TX,Dallas Office
75403,Greenville,Hunt County,TX,Dallas Office
75404,Greenville,Hunt County,TX,Dallas Office
75422,Campbell,Hunt County,TX,Dallas Office
75423,Celeste,Hunt County,TX,Dallas Office
75428,Commerce,Hunt County,TX,Dallas Office
75429,Commerce,Hunt County,TX,Dallas Office
75453,Lone Oak,Hunt County,TX,Dallas Office
75458,Merit,Hunt County,TX,Dallas Office
75474,Quinlan,Hunt County,TX,Dallas Office
75496,Wolfe City,Hunt County,TX,Dallas Office
79007,Borger,Hutchinson County,TX,Dallas Office
79008,Borger,Hutchinson County,TX,Dallas Office
79036,Fritch,Hutchinson County,TX,Dallas Office
79078,Sanford,Hutchinson County,TX,Dallas Office
79083,Stinnett,Hutchinson County,TX,Dallas Office
76930,Barnhart,Irion County,TX,Austin Office
76941,Mertzon,Irion County,TX,Austin Office
76427,Bryson,Jack County,TX,Dallas Office
76458,Jacksboro,Jack County,TX,Dallas Office
76459,Jermyn,Jack County,TX,Dallas Office
76486,Perrin,Jack County,TX,Dallas Office
77957,Edna,Jackson County,TX,Houston Office
77961,Francitas,Jackson County,TX,Houston Office
77962,Ganado,Jackson County,TX,Houston Office
77969,La Salle,Jackson County,TX,Houston Office
77970,La Ward,Jackson County,TX,Houston Office
77971,Lolita,Jackson County,TX,Houston Office
77991,Vanderbilt,Jackson County,TX,Houston Office
75931,Brookeland,Jasper County,TX,Houston Office
75951,Jasper,Jasper County,TX,Houston Office
75956,Kirbyville,Jasper County,TX,Houston Office
77612,Buna,Jasper County,TX,Houston Office
77615,Evadale,Jasper County,TX,Houston Office
79734,Fort Davis,Jeff Davis County,TX,Dallas Office
79854,Valentine,Jeff Davis County,TX,Dallas Office
77613,China,Jefferson County,TX,Houston Office
77619,Groves,Jefferson County,TX,Houston Office
77622,Hamshire,Jefferson County,TX,Houston Office
77627,Nederland,Jefferson County,TX,Houston Office
77629,Nome,Jefferson County,TX,Houston Office
77640,Port Arthur,Jefferson County,TX,Houston Office
77641,Port Arthur,Jefferson County,TX,Houston Office
77642,Port Arthur,Jefferson County,TX,Houston Office
77643,Port Arthur,Jefferson County,TX,Houston Office
77651,Port Neches,Jefferson County,TX,Houston Office
77655,Sabine Pass,Jefferson County,TX,Houston Office
77701,Beaumont,Jefferson County,TX,Houston Office
77702,Beaumont,Jefferson County,TX,Houston Office
77703,Beaumont,Jefferson County,TX,Houston Office
77704,Beaumont,Jefferson County,TX,Houston Office
77705,Beaumont,Jefferson County,TX,Houston Office
77706,Beaumont,Jefferson County,TX,Houston Office
77707,Beaumont,Jefferson County,TX,Houston Office
77708,Beaumont,Jefferson County,TX,Houston Office
77709,Beaumont,Jefferson County,TX,Houston Office
77710,Beaumont,Jefferson County,TX,Houston Office
77713,Beaumont,Jefferson County,TX,Houston Office
77720,Beaumont,Jefferson County,TX,Houston Office
77725,Beaumont,Jefferson County,TX,Houston Office
77726,Beaumont,Jefferson County,TX,Houston Office
78360,Guerra,Jim Hogg County,TX,Houston Office
78361,Hebbronville,Jim Hogg County,TX,Houston Office
78332,Alice,Jim Wells County,TX,Houston Office
78333,Alice,Jim Wells County,TX,Houston Office
78342,Ben Bolt,Jim Wells County,TX,Houston Office
78372,Orange Grove,Jim Wells County,TX,Houston Office
78375,Premont,Jim Wells County,TX,Houston Office
78383,Sandia,Jim Wells County,TX,Houston Office
76009,Alvarado,Johnson County,TX,Dallas Office
76028,Burleson,Johnson County,TX,Dallas Office
76031,Cleburne,Johnson County,TX,Dallas Office
76033,Cleburne,Johnson County,TX,Dallas Office
76044,Godley,Johnson County,TX,Dallas Office
76050,Grandview,Johnson County,TX,Dallas Office
76058,Joshua,Johnson County,TX,Dallas Office
76059,Keene,Johnson County,TX,Dallas Office
76061,Lillian,Johnson County,TX,Dallas Office
76084,Venus,Johnson County,TX,Dallas Office
76093,Rio Vista,Johnson County,TX,Dallas Office
76097,Burleson,Johnson County,TX,Dallas Office
79501,Anson,Jones County,TX,Dallas Office
79503,Avoca,Jones County,TX,Dallas Office
79520,Hamlin,Jones County,TX,Dallas Office
79525,Hawley,Jones County,TX,Dallas Office
79533,Lueders,Jones County,TX,Dallas Office
79553,Stamford,Jones County,TX,Dallas Office
78111,Ecleto,Karnes County,TX,Houston Office
78113,Falls City,Karnes County,TX,Houston Office
78116,Gillett,Karnes County,TX,Houston Office
78117,Hobson,Karnes County,TX,Houston Office
78118,Karnes City,Karnes County,TX,Houston Office
78119,Kenedy,Karnes County,TX,Houston Office
78144,Panna Maria,Karnes County,TX,Houston Office
78151,Runge,Karnes County,TX,Houston Office
75114,Crandall,Kaufman County,TX,Dallas Office
75118,Elmo,Kaufman County,TX,Dallas Office
75126,Forney,Kaufman County,TX,Dallas Office
75142,Kaufman,Kaufman County,TX,Dallas Office
75147,Mabank,Kaufman County,TX,Dallas Office
75157,Rosser,Kaufman County,TX,Dallas Office
75158,Scurry,Kaufman County,TX,Dallas Office
75160,Terrell,Kaufman County,TX,Dallas Office
75161,Terrell,Kaufman County,TX,Dallas Office
78004,Bergheim,Kendall County,TX,Austin Office
78006,Boerne,Kendall County,TX,Austin Office
78013,Comfort,Kendall County,TX,Austin Office
78027,Kendalia,Kendall County,TX,Austin Office
78074,Waring,Kendall County,TX,Austin Office
78338,Armstrong,Kenedy County,TX,Houston Office
78385,Sarita,Kenedy County,TX,Houston Office
79518,Girard,Kent County,TX,Dallas Office
79528,Jayton,Kent County,TX,Dallas Office
78010,Center Point,Kerr County,TX,Austin Office
78024,Hunt,Kerr County,TX,Austin Office
78025,Ingram,Kerr County,TX,Austin Office
78028,Kerrville,Kerr County,TX,Austin Office
78029,Kerrville,Kerr County,TX,Austin Office
78058,Mountain Home,Kerr County,TX,Austin Office
76849,Junction,Kimble County,TX,Austin Office
76854,London,Kimble County,TX,Austin Office
76874,Roosevelt,Kimble County,TX,Austin Office
76883,Telegraph,Kimble County,TX,Austin Office
79236,Guthrie,King County,TX,Dallas Office
78832,Brackettville,Kinney County,TX,Austin Office
78363,Kingsville,Kleberg County,TX,Houston Office
78364,Kingsville,Kleberg County,TX,Houston Office
78379,Riviera,Kleberg County,TX,Houston Office
76363,Goree,Knox County,TX,Dallas Office
76371,Munday,Knox County,TX,Dallas Office
79505,Benjamin,Knox County,TX,Dallas Office
79529,Knox City,Knox County,TX,Dallas Office
78001,Artesia Wells,La Salle County,TX,Houston Office
78014,Cotulla,La Salle County,TX,Houston Office
78019,Encinal,La Salle County,TX,Houston Office
78021,Fowlerton,La Salle County,TX,Houston Office
75411,Arthur City,Lamar County,TX,Dallas Office
75416,Blossom,Lamar County,TX,Dallas Office
75421,Brookston,Lamar County,TX,Dallas Office
75425,Chicota,Lamar County,TX,Dallas Office
75434,Cunningham,Lamar County,TX,Dallas Office
75435,Deport,Lamar County,TX,Dallas Office
75460,Paris,Lamar County,TX,Dallas Office
75461,Paris,Lamar County,TX,Dallas Office
75462,Paris,Lamar County,TX,Dallas Office
75468,Pattonville,Lamar County,TX,Dallas Office
75470,Petty,Lamar County,TX,Dallas Office
75473,Powderly,Lamar County,TX,Dallas Office
75477,Roxton,Lamar County,TX,Dallas Office
75486,Sumner,Lamar County,TX,Dallas Office
79031,Earth,Lamb County,TX,Dallas Office
79064,Olton,Lamb County,TX,Dallas Office
79082,Springlake,Lamb County,TX,Dallas Office
79312,Amherst,Lamb County,TX,Dallas Office
79326,Fieldton,Lamb County,TX,Dallas Office
79339,Littlefield,Lamb County,TX,Dallas Office
79369,Spade,Lamb County,TX,Dallas Office
79371,Sudan,Lamb County,TX,Dallas Office
76539,Kempner,Lampasas County,TX,Austin Office
76550,Lampasas,Lampasas County,TX,Austin Office
76853,Lometa,Lampasas County,TX,Austin Office
77964,Hallettsville,Lavaca County,TX,Houston Office
77975,Moulton,Lavaca County,TX,Houston Office
77984,Shiner,Lavaca County,TX,Houston Office
77986,Sublime,Lavaca County,TX,Houston Office
77987,Sweet Home,Lavaca County,TX,Houston Office
77995,Yoakum,Lavaca County,TX,Houston Office
77853,Dime Box,Lee County,TX,Houston Office
78942,Giddings,Lee County,TX,Houston Office
78946,Ledbetter,Lee County,TX,Houston Office
78947,Lexington,Lee County,TX,Houston Office
78948,Lincoln,Lee County,TX,Houston Office
75831,Buffalo,Leon County,TX,Dallas Office
75833,Centerville,Leon County,TX,Dallas Office
75846,Jewett,Leon County,TX,Dallas Office
75850,Leona,Leon County,TX,Dallas Office
75855,Oakwood,Leon County,TX,Dallas Office
77850,Concord,Leon County,TX,Dallas Office
77855,Flynn,Leon County,TX,Dallas Office
77865,Marquez,Leon County,TX,Dallas Office
77871,Normangee,Leon County,TX,Dallas Office
77327,Cleveland,Liberty County,TX,Houston Office
77368,Romayor,Liberty County,TX,Houston Office
77369,Rye,Liberty County,TX,Houston Office
77533,Daisetta,Liberty County,TX,Houston Office
77535,Dayton,Liberty County,TX,Houston Office
77538,Devers,Liberty County,TX,Houston Office
77561,Hardin,Liberty County,TX,Houston Office
77564,Hull,Liberty County,TX,Houston Office
77575,Liberty,Liberty County,TX,Houston Office
77582,Raywood,Liberty County,TX,Houston Office
76635,Coolidge,Limestone County,TX,Dallas Office
76642,Groesbeck,Limestone County,TX,Dallas Office
76653,Kosse,Limestone County,TX,Dallas Office
76667,Mexia,Limestone County,TX,Dallas Office
76678,Prairie Hill,Limestone County,TX,Dallas Office
76686,Tehuacana,Limestone County,TX,Dallas Office
76687,Thornton,Limestone County,TX,Dallas Office
79005,Booker,Lipscomb County,TX,Dallas Office
79024,Darrouzett,Lipscomb County,TX,Dallas Office
79034,Follett,Lipscomb County,TX,Dallas Office
79046,Higgins,Lipscomb County,TX,Dallas Office
79056,Lipscomb,Lipscomb County,TX,Dallas Office
78022,George West,Live Oak County,TX,Houston Office
78060,Oakville,Live Oak County,TX,Houston Office
78071,Three Rivers,Live Oak County,TX,Houston Office
78075,Whitsett,Live Oak County,TX,Houston Office
78350,Dinero,Live Oak County,TX,Houston Office
76831,Castell,Llano County,TX,Austin Office
76885,Valley Spring,Llano County,TX,Austin Office
78607,Bluffton,Llano County,TX,Austin Office
78609,Buchanan Dam,Llano County,TX,Austin Office
78639,Kingsland,Llano County,TX,Austin Office
78643,Llano,Llano County,TX,Austin Office
78657,Horseshoe Bay,Llano County,TX,Austin Office
78672,Tow,Llano County,TX,Austin Office
79754,Mentone,Loving County,TX,Dallas Office
79329,Idalou,Lubbock County,TX,Dallas Office
79350,New Deal,Lubbock County,TX,Dallas Office
79363,Shallowater,Lubbock County,TX,Dallas Office
79364,Slaton,Lubbock County,TX,Dallas Office
79366,Ransom Canyon,Lubbock County,TX,Dallas Office
79382,Wolfforth,Lubbock County,TX,Dallas Office
79401,Lubbock,Lubbock County,TX,Dallas Office
79402,Lubbock,Lubbock County,TX,Dallas Office
79403,Lubbock,Lubbock County,TX,Dallas Office
79404,Lubbock,Lubbock County,TX,Dallas Office
79405,Lubbock,Lubbock County,TX,Dallas Office
79406,Lubbock,Lubbock County,TX,Dallas Office
79407,Lubbock,Lubbock County,TX,Dallas Office
79408,Lubbock,Lubbock County,TX,Dallas Office
79409,Lubbock,Lubbock County,TX,Dallas Office
79410,Lubbock,Lubbock County,TX,Dallas Office
79411,Lubbock,Lubbock County,TX,Dallas Office
79412,Lubbock,Lubbock County,TX,Dallas Office
79413,Lubbock,Lubbock County,TX,Dallas Office
79414,Lubbock,Lubbock County,TX,Dallas Office
79415,Lubbock,Lubbock County,TX,Dallas Office
79416,Lubbock,Lubbock County,TX,Dallas Office
79423,Lubbock,Lubbock County,TX,Dallas Office
79424,Lubbock,Lubbock County,TX,Dallas Office
79430,Lubbock,Lubbock County,TX,Dallas Office
79452,Lubbock,Lubbock County,TX,Dallas Office
79453,Lubbock,Lubbock County,TX,Dallas Office
79457,Lubbock,Lubbock County,TX,Dallas Office
79464,Lubbock,Lubbock County,TX,Dallas Office
79490,Lubbock,Lubbock County,TX,Dallas Office
79491,Lubbock,Lubbock County,TX,Dallas Office
79493,Lubbock,Lubbock County,TX,Dallas Office
79499,Lubbock,Lubbock County,TX,Dallas Office
79351,Odonnell,Lynn County,TX,Dallas Office
79373,Tahoka,Lynn County,TX,Dallas Office
79381,Wilson,Lynn County,TX,Dallas Office
79383,New Home,Lynn County,TX,Dallas Office
75852,Midway,Madison County,TX,Houston Office
77864,Madisonville,Madison County,TX,Houston Office
77872,North Zulch,Madison County,TX,Houston Office
75564,Lodi,Marion County,TX,Dallas Office
75630,Avinger,Marion County,TX,Dallas Office
75657,Jefferson,Marion County,TX,Dallas Office
79713,Ackerly,Martin County,TX,Dallas Office
79749,Lenorah,Martin County,TX,Dallas Office
79782,Stanton,Martin County,TX,Dallas Office
79783,Tarzan,Martin County,TX,Dallas Office
76820,Art,Mason County,TX,Austin Office
76842,Fredonia,Mason County,TX,Austin Office
76856,Mason,Mason County,TX,Austin Office
76869,Pontotoc,Mason County,TX,Austin Office
77404,Bay City,Matagorda County,TX,Houston Office
77414,Bay City,Matagorda County,TX,Houston Office
77415,Cedar Lane,Matagorda County,TX,Houston Office
77419,Blessing,Matagorda County,TX,Houston Office
77428,Collegeport,Matagorda County,TX,Houston Office
77440,Elmaton,Matagorda County,TX,Houston Office
77456,Markham,Matagorda County,TX,Houston Office
77457,Matagorda,Matagorda County,TX,Houston Office
77458,Midfield,Matagorda County,TX,Houston Office
77465,Palacios,Matagorda County,TX,Houston Office
77468,Pledger,Matagorda County,TX,Houston Office
77482,Van Vleck,Matagorda County,TX,Houston Office
77483,Wadsworth,Matagorda County,TX,Houston Office
78852,Eagle Pass,Maverick County,TX,Austin Office
78853,Eagle Pass,Maverick County,TX,Austin Office
78860,El Indio,Maverick County,TX,Austin Office
78877,Quemado,Maverick County,TX,Austin Office
76825,Brady,McCulloch County,TX,Austin Office
76836,Doole,McCulloch County,TX,Austin Office
76852,Lohn,McCulloch County,TX,Austin Office
76858,Melvin,McCulloch County,TX,Austin Office
76872,Rochelle,McCulloch County,TX,Austin Office
76887,Voca,McCulloch County,TX,Austin Office
76524,Eddy,McLennan County,TX,Dallas Office
76557,Moody,McLennan County,TX,Dallas Office
76624,Axtell,McLennan County,TX,Dallas Office
76630,Bruceville,McLennan County,TX,Dallas Office
76633,China Spring,McLennan County,TX,Dallas Office
76638,Crawford,McLennan County,TX,Dallas Office
76640,Elm Mott,McLennan County,TX,Dallas Office
76643,Hewitt,McLennan County,TX,Dallas Office
76654,Leroy,McLennan County,TX,Dallas Office
76655,Lorena,McLennan County,TX,Dallas Office
76657,Mc Gregor,McLennan County,TX,Dallas Office
76664,Mart,McLennan County,TX,Dallas Office
76682,Riesel,McLennan County,TX,Dallas Office
76684,Ross,McLennan County,TX,Dallas Office
76691,West,McLennan County,TX,Dallas Office
76701,Waco,McLennan County,TX,Dallas Office
76702,Waco,Mclennan County,TX,Dallas Office
76703,Waco,Mclennan County,TX,Dallas Office
76704,Waco,McLennan County,TX,Dallas Office
76705,Waco,McLennan County,TX,Dallas Office
76706,Waco,McLennan County,TX,Dallas Office
76707,Waco,McLennan County,TX,Dallas Office
76708,Waco,McLennan County,TX,Dallas Office
76710,Waco,McLennan County,TX,Dallas Office
76711,Waco,McLennan County,TX,Dallas Office
76712,Woodway,McLennan County,TX,Dallas Office
76714,Waco,Mclennan County,TX,Dallas Office
76715,Waco,Mclennan County,TX,Dallas Office
76716,Waco,Mclennan County,TX,Dallas Office
76795,Waco,Mclennan County,TX,Dallas Office
76797,Waco,Mclennan County,TX,Dallas Office
76798,Waco,McLennan County,TX,Dallas Office
76799,Waco,Mclennan County,TX,Dallas Office
78007,Calliham,McMullen County,TX,Houston Office
78072,Tilden,McMullen County,TX,Houston Office
78009,Castroville,Medina County,TX,Austin Office
78016,Devine,Medina County,TX,Austin Office
78039,La Coste,Medina County,TX,Austin Office
78056,Mico,Medina County,TX,Austin Office
78059,Natalia,Medina County,TX,Austin Office
78066,Rio Medina,Medina County,TX,Austin Office
78850,D Hanis,Medina County,TX,Austin Office
78861,Hondo,Medina County,TX,Austin Office
78886,Yancey,Medina County,TX,Austin Office
76841,Fort Mc Kavett,Menard County,TX,Austin Office
76848,Hext,Menard County,TX,Austin Office
76859,Menard,Menard County,TX,Austin Office
79701,Midland,Midland County,TX,Dallas Office
79702,Midland,Midland County,TX,Dallas Office
79703,Midland,Midland County,TX,Dallas Office
79704,Midland,Midland County,TX,Dallas Office
79705,Midland,Midland County,TX,Dallas Office
79706,Midland,Midland County,TX,Dallas Office
79707,Midland,Midland County,TX,Dallas Office
79708,Midland,Midland County,TX,Dallas Office
79710,Midland,Midland County,TX,Dallas Office
79711,Midland,Midland County,TX,Dallas Office
79712,Midland,Midland County,TX,Dallas Office
76518,Buckholts,Milam County,TX,Dallas Office
76520,Cameron,Milam County,TX,Dallas Office
76523,Davilla,Milam County,TX,Dallas Office
76556,Milano,Milam County,TX,Dallas Office
76567,Rockdale,Milam County,TX,Dallas Office
76577,Thorndale,Milam County,TX,Dallas Office
77857,Gause,Milam County,TX,Dallas Office
76844,Goldthwaite,Mills County,TX,Austin Office
76864,Mullin,Mills County,TX,Austin Office
76870,Priddy,Mills County,TX,Austin Office
76880,Star,Mills County,TX,Austin Office
79512,Colorado City,Mitchell County,TX,Dallas Office
79532,Loraine,Mitchell County,TX,Dallas Office
79565,Westbrook,Mitchell County,TX,Dallas Office
76230,Bowie,Montague County,TX,Dallas Office
76239,Forestburg,Montague County,TX,Dallas Office
76251,Montague,Montague County,TX,Dallas Office
76255,Nocona,Montague County,TX,Dallas Office
76261,Ringgold,Montague County,TX,Dallas Office
76265,Saint Jo,Montague County,TX,Dallas Office
76270,Sunset,Montague County,TX,Dallas Office
77301,Conroe,Montgomery County,TX,Houston Office
77302,Conroe,Montgomery County,TX,Houston Office
77303,Conroe,Montgomery County,TX,Houston Office
77304,Conroe,Montgomery County,TX,Houston Office
77305,Conroe,Montgomery County,TX,Houston Office
77306,Conroe,Montgomery County,TX,Houston Office
77316,Montgomery,Montgomery County,TX,Houston Office
77318,Willis,Montgomery County,TX,Houston Office
77333,Dobbin,Montgomery County,TX,Houston Office
77353,Magnolia,Montgomery County,TX,Houston Office
77354,Magnolia,Montgomery County,TX,Houston Office
77355,Magnolia,Montgomery County,TX,Houston Office
77356,Montgomery,Montgomery County,TX,Houston Office
77357,New Caney,Montgomery County,TX,Houston Office
77362,Pinehurst,Montgomery County,TX,Houston Office
77365,Porter,Montgomery County,TX,Houston Office
77372,Splendora,Montgomery County,TX,Houston Office
77378,Willis,Montgomery County,TX,Houston Office
77380,Spring,Montgomery County,TX,Houston Office
77381,Spring,Montgomery County,TX,Houston Office
77382,Spring,Montgomery County,TX,Houston Office
77384,Conroe,Montgomery County,TX,Houston Office
77385,Conroe,Montgomery County,TX,Houston Office
77386,Spring,Montgomery County,TX,Houston Office
79013,Cactus,Moore County,TX,Dallas Office
79029,Dumas,Moore County,TX,Dallas Office
79086,Sunray,Moore County,TX,Dallas Office
79105,Amarillo,Moore County,TX,Dallas Office
75568,Naples,Morris County,TX,Dallas Office
75571,Omaha,Morris County,TX,Dallas Office
75636,Cason,Morris County,TX,Dallas Office
75638,Daingerfield,Morris County,TX,Dallas Office
75668,Lone Star,Morris County,TX,Dallas Office
79234,Flomot,Motley County,TX,Dallas Office
79244,Matador,Motley County,TX,Dallas Office
79256,Roaring Springs,Motley County,TX,Dallas Office
75760,Cushing,Nacogdoches County,TX,Dallas Office
75788,Sacul,Nacogdoches County,TX,Dallas Office
75937,Chireno,Nacogdoches County,TX,Dallas Office
75943,Douglass,Nacogdoches County,TX,Dallas Office
75944,Etoile,Nacogdoches County,TX,Dallas Office
75946,Garrison,Nacogdoches County,TX,Dallas Office
75958,Martinsville,Nacogdoches County,TX,Dallas Office
75961,Nacogdoches,Nacogdoches County,TX,Dallas Office
75962,Nacogdoches,Nacogdoches County,TX,Dallas Office
75963,Nacogdoches,Nacogdoches County,TX,Dallas Office
75964,Nacogdoches,Nacogdoches County,TX,Dallas Office
75965,Nacogdoches,Nacogdoches County,TX,Dallas Office
75978,Woden,Nacogdoches County,TX,Dallas Office
75102,Barry,Navarro County,TX,Dallas Office
75105,Chatfield,Navarro County,TX,Dallas Office
75109,Corsicana,Navarro County,TX,Dallas Office
75110,Corsicana,Navarro County,TX,Dallas Office
75144,Kerens,Navarro County,TX,Dallas Office
75151,Corsicana,Navarro County,TX,Dallas Office
75153,Powell,Navarro County,TX,Dallas Office
75155,Rice,Navarro County,TX,Dallas Office
76626,Blooming Grove,Navarro County,TX,Dallas Office
76639,Dawson,Navarro County,TX,Dallas Office
76641,Frost,Navarro County,TX,Dallas Office
76679,Purdon,Navarro County,TX,Dallas Office
76681,Richland,Navarro County,TX,Dallas Office
75928,Bon Wier,Newton County,TX,Houston Office
75932,Burkeville,Newton County,TX,Houston Office
75933,Call,Newton County,TX,Houston Office
75966,Newton,Newton County,TX,Houston Office
75977,Wiergate,Newton County,TX,Houston Office
77614,Deweyville,Newton County,TX,Houston Office
79506,Blackwell,Nolan County,TX,Dallas Office
79535,Maryneal,Nolan County,TX,Dallas Office
79537,Nolan,Nolan County,TX,Dallas Office
79545,Roscoe,Nolan County,TX,Dallas Office
79556,Sweetwater,Nolan County,TX,Dallas Office
78330,Agua Dulce,Nueces County,TX,Houston Office
78335,Aransas Pass,Nueces County,TX,Houston Office
78339,Banquete,Nueces County,TX,Houston Office
78343,Bishop,Nueces County,TX,Houston Office
78347,Chapman Ranch,Nueces County,TX,Houston Office
78351,Driscoll,Nueces County,TX,Houston Office
78373,Port Aransas,Nueces County,TX,Houston Office
78380,Robstown,Nueces County,TX,Houston Office
78401,Corpus Christi,Nueces County,TX,Houston Office
78402,Corpus Christi,Nueces County,TX,Houston Office
78403,Corpus Christi,Nueces County,TX,Houston Office
78404,Corpus Christi,Nueces County,TX,Houston Office
78405,Corpus Christi,Nueces County,TX,Houston Office
78406,Corpus Christi,Nueces County,TX,Houston Office
78407,Corpus Christi,Nueces County,TX,Houston Office
78408,Corpus Christi,Nueces County,TX,Houston Office
78409,Corpus Christi,Nueces County,TX,Houston Office
78410,Corpus Christi,Nueces County,TX,Houston Office
78411,Corpus Christi,Nueces County,TX,Houston Office
78412,Corpus Christi,Nueces County,TX,Houston Office
78413,Corpus Christi,Nueces County,TX,Houston Office
78414,Corpus Christi,Nueces County,TX,Houston Office
78415,Corpus Christi,Nueces County,TX,Houston Office
78416,Corpus Christi,Nueces County,TX,Houston Office
78417,Corpus Christi,Nueces County,TX,Houston Office
78418,Corpus Christi,Nueces County,TX,Houston Office
78419,Corpus Christi,Nueces County,TX,Houston Office
78426,Corpus Christi,Nueces County,TX,Houston Office
78427,Corpus Christi,Nueces County,TX,Houston Office
78460,Corpus Christi,Nueces County,TX,Houston Office
78461,Corpus Christi,Nueces County,TX,Houston Office
78463,Corpus Christi,Nueces County,TX,Houston Office
78465,Corpus Christi,Nueces County,TX,Houston Office
78466,Corpus Christi,Nueces County,TX,Houston Office
78467,Corpus Christi,Nueces County,TX,Houston Office
78468,Corpus Christi,Nueces County,TX,Houston Office
78469,Corpus Christi,Nueces County,TX,Houston Office
78470,Corpus Christi,Nueces County,TX,Houston Office
78471,Corpus Christi,Nueces County,TX,Houston Office
78472,Corpus Christi,Nueces County,TX,Houston Office
78473,Corpus Christi,Nueces County,TX,Houston Office
78474,Corpus Christi,Nueces County,TX,Houston Office
78475,Corpus Christi,Nueces County,TX,Houston Office
78476,Corpus Christi,Nueces County,TX,Houston Office
78477,Corpus Christi,Nueces County,TX,Houston Office
78478,Corpus Christi,Nueces County,TX,Houston Office
78480,Corpus Christi,Nueces County,TX,Houston Office
79033,Farnsworth,Ochiltree County,TX,Dallas Office
79070,Perryton,Ochiltree County,TX,Dallas Office
79093,Waka,Ochiltree County,TX,Dallas Office
79001,Adrian,Oldham County,TX,Dallas Office
79010,Boys Ranch,Oldham County,TX,Dallas Office
79092,Vega,Oldham County,TX,Dallas Office
79098,Wildorado,Oldham County,TX,Dallas Office
77611,Bridge City,Orange County,TX,Houston Office
77626,Mauriceville,Orange County,TX,Houston Office
77630,Orange,Orange County,TX,Houston Office
77631,Orange,Orange County,TX,Houston Office
77632,Orange,Orange County,TX,Houston Office
77639,Orangefield,Orange County,TX,Houston Office
77662,Vidor,Orange County,TX,Houston Office
77670,Vidor,Orange County,TX,Houston Office
76067,Mineral Wells,Palo Pinto County,TX,Dallas Office
76449,Graford,Palo Pinto County,TX,Dallas Office
76453,Gordon,Palo Pinto County,TX,Dallas Office
76463,Mingus,Palo Pinto County,TX,Dallas Office
76472,Santo,Palo Pinto County,TX,Dallas Office
76475,Strawn,Palo Pinto County,TX,Dallas Office
76484,Palo Pinto,Palo Pinto County,TX,Dallas Office
75631,Beckville,Panola County,TX,Dallas Office
75633,Carthage,Panola County,TX,Dallas Office
75637,Clayton,Panola County,TX,Dallas Office
75639,De Berry,Panola County,TX,Dallas Office
75643,Gary,Panola County,TX,Dallas Office
75669,Long Branch,Panola County,TX,Dallas Office
75685,Panola,Panola County,TX,Dallas Office
76008,Aledo,Parker County,TX,Dallas Office
76035,Cresson,Parker County,TX,Dallas Office
76066,Millsap,Parker County,TX,Dallas Office
76068,Mineral Wells,Parker County,TX,Dallas Office
76082,Springtown,Parker County,TX,Dallas Office
76085,Weatherford,Parker County,TX,Dallas Office
76086,Weatherford,Parker County,TX,Dallas Office
76087,Weatherford,Parker County,TX,Dallas Office
76088,Weatherford,Parker County,TX,Dallas Office
76439,Dennis,Parker County,TX,Dallas Office
76485,Peaster,Parker County,TX,Dallas Office
76487,Poolville,Parker County,TX,Dallas Office
76490,Whitt,Parker County,TX,Dallas Office
79009,Bovina,Parmer County,TX,Dallas Office
79035,Friona,Parmer County,TX,Dallas Office
79053,Lazbuddie,Parmer County,TX,Dallas Office
79325,Farwell,Parmer County,TX,Dallas Office
79730,Coyanosa,Pecos County,TX,Dallas Office
79735,Fort Stockton,Pecos County,TX,Dallas Office
79743,Imperial,Pecos County,TX,Dallas Office
79744,Iraan,Pecos County,TX,Dallas Office
79781,Sheffield,Pecos County,TX,Dallas Office
75934,Camden,Polk County,TX,Houston Office
75939,Corrigan,Polk County,TX,Houston Office
75960,Moscow,Polk County,TX,Houston Office
77326,Ace,Polk County,TX,Houston Office
77332,Dallardsville,Polk County,TX,Houston Office
77335,Goodrich,Polk County,TX,Houston Office
77350,Leggett,Polk County,TX,Houston Office
77351,Livingston,Polk County,TX,Houston Office
77360,Onalaska,Polk County,TX,Houston Office
77399,Livingston,Polk County,TX,Houston Office
79012,Bushland,Potter County,TX,Dallas Office
79058,Masterson,Potter County,TX,Dallas Office
79101,Amarillo,Potter County,TX,Dallas Office
79102,Amarillo,Potter County,TX,Dallas Office
79103,Amarillo,Potter County,TX,Dallas Office
79104,Amarillo,Potter County,TX,Dallas Office
79106,Amarillo,Potter County,TX,Dallas Office
79107,Amarillo,Potter County,TX,Dallas Office
79108,Amarillo,Potter County,TX,Dallas Office
79111,Amarillo,Potter County,TX,Dallas Office
79114,Amarillo,Potter County,TX,Dallas Office
79116,Amarillo,Potter County,TX,Dallas Office
79117,Amarillo,Potter County,TX,Dallas Office
79120,Amarillo,Potter County,TX,Dallas Office
79124,Amarillo,Potter County,TX,Dallas Office
79159,Amarillo,Potter County,TX,Dallas Office
79166,Amarillo,Potter County,TX,Dallas Office
79168,Amarillo,Potter County,TX,Dallas Office
79172,Amarillo,Potter County,TX,Dallas Office
79174,Amarillo,Potter County,TX,Dallas Office
79178,Amarillo,Potter County,TX,Dallas Office
79185,Amarillo,Potter County,TX,Dallas Office
79187,Amarillo,Potter County,TX,Dallas Office
79189,Amarillo,Potter County,TX,Dallas Office
79843,Marfa,Presidio County,TX,Dallas Office
79845,Presidio,Presidio County,TX,Dallas Office
79846,Redford,Presidio County,TX,Dallas Office
75440,Emory,Rains County,TX,Dallas Office
75472,Point,Rains County,TX,Dallas Office
79015,Canyon,Randall County,TX,Dallas Office
79016,Canyon,Randall County,TX,Dallas Office
79091,Umbarger,Randall County,TX,Dallas Office
79109,Amarillo,Randall County,TX,Dallas Office
79110,Amarillo,Randall County,TX,Dallas Office
79118,Amarillo,Randall County,TX,Dallas Office
79119,Amarillo,Randall County,TX,Dallas Office
79121,Amarillo,Randall County,TX,Dallas Office
76932,Big Lake,Reagan County,TX,Austin Office
78833,Camp Wood,Real County,TX,Austin Office
78873,Leakey,Real County,TX,Austin Office
78879,Rio Frio,Real County,TX,Austin Office
75412,Bagwell,Red River County,TX,Dallas Office
75417,Bogata,Red River County,TX,Dallas Office
75426,Clarksville,Red River County,TX,Dallas Office
75436,Detroit,Red River County,TX,Dallas Office
75550,Annona,Red River County,TX,Dallas Office
75554,Avery,Red River County,TX,Dallas Office
79718,Balmorhea,Reeves County,TX,Dallas Office
79770,Orla,Reeves County,TX,Dallas Office
79772,Pecos,Reeves County,TX,Dallas Office
79780,Saragosa,Reeves County,TX,Dallas Office
79785,Toyah,Reeves County,TX,Dallas Office
79786,Toyahvale,Reeves County,TX,Dallas Office
77950,Austwell,Refugio County,TX,Houston Office
77990,Tivoli,Refugio County,TX,Houston Office
78340,Bayside,Refugio County,TX,Houston Office
78377,Refugio,Refugio County,TX,Houston Office
78393,Woodsboro,Refugio County,TX,Houston Office
79059,Miami,Roberts County,TX,Dallas Office
76629,Bremond,Robertson County,TX,Dallas Office
77837,Calvert,Robertson County,TX,Dallas Office
77856,Franklin,Robertson County,TX,Dallas Office
77859,Hearne,Robertson County,TX,Dallas Office
77867,Mumford,Robertson County,TX,Dallas Office
77870,New Baden,Robertson County,TX,Dallas Office
77882,Wheelock,Robertson County,TX,Dallas Office
75032,Rockwall,Rockwall County,TX,Dallas Office
75087,Rockwall,Rockwall County,TX,Dallas Office
75132,Fate,Rockwall County,TX,Dallas Office
75189,Royse City,Rockwall County,TX,Dallas Office
76821,Ballinger,Runnels County,TX,Dallas Office
76861,Miles,Runnels County,TX,Dallas Office
76865,Norton,Runnels County,TX,Dallas Office
76875,Rowena,Runnels County,TX,Dallas Office
79567,Winters,Runnels County,TX,Dallas Office
75652,Henderson,Rusk County,TX,Dallas Office
75653,Henderson,Rusk County,TX,Dallas Office
75654,Henderson,Rusk County,TX,Dallas Office
75658,Joinerville,Rusk County,TX,Dallas Office
75666,Laird Hill,Rusk County,TX,Dallas Office
75667,Laneville,Rusk County,TX,Dallas Office
75680,Minden,Rusk County,TX,Dallas Office
75681,Mount Enterprise,Rusk County,TX,Dallas Office
75682,New London,Rusk County,TX,Dallas Office
75684,Overton,Rusk County,TX,Dallas Office
75687,Price,Rusk County,TX,Dallas Office
75689,Selman City,Rusk County,TX,Dallas Office
75691,Tatum,Rusk County,TX,Dallas Office
75930,Bronson,Sabine County,TX,Houston Office
75948,Hemphill,Sabine County,TX,Houston Office
75959,Milam,Sabine County,TX,Houston Office
75968,Pineland,Sabine County,TX,Houston Office
75929,Broaddus,San Augustine County,TX,Houston Office
75972,San Augustine,San Augustine County,TX,Houston Office
77328,Cleveland,San Jacinto County,TX,Houston Office
77331,Coldspring,San Jacinto County,TX,Houston Office
77359,Oakhurst,San Jacinto County,TX,Houston Office
77364,Pointblank,San Jacinto County,TX,Houston Office
77371,Shepherd,San Jacinto County,TX,Houston Office
78336,Aransas Pass,San Patricio County,TX,Houston Office
78352,Edroy,San Patricio County,TX,Houston Office
78359,Gregory,San Patricio County,TX,Houston Office
78362,Ingleside,San Patricio County,TX,Houston Office
78368,Mathis,San Patricio County,TX,Houston Office
78370,Odem,San Patricio County,TX,Houston Office
78374,Portland,San Patricio County,TX,Houston Office
78387,Sinton,San Patricio County,TX,Houston Office
78390,Taft,San Patricio County,TX,Houston Office
76824,Bend,San Saba County,TX,Austin Office
76832,Cherokee,San Saba County,TX,Austin Office
76871,Richland Springs,San Saba County,TX,Austin Office
76877,San Saba,San Saba County,TX,Austin Office
76936,Eldorado,Schleicher County,TX,Austin Office
79516,Dunn,Scurry County,TX,Dallas Office
79517,Fluvanna,Scurry County,TX,Dallas Office
79526,Hermleigh,Scurry County,TX,Dallas Office
79527,Ira,Scurry County,TX,Dallas Office
79549,Snyder,Scurry County,TX,Dallas Office
79550,Snyder,Scurry County,TX,Dallas Office
76430,Albany,Shackelford County,TX,Dallas Office
76464,Moran,Shackelford County,TX,Dallas Office
75935,Center,Shelby County,TX,Dallas Office
75954,Joaquin,Shelby County,TX,Dallas Office
75973,Shelbyville,Shelby County,TX,Dallas Office
75974,Tenaha,Shelby County,TX,Dallas Office
75975,Timpson,Shelby County,TX,Dallas Office
73960,Texhoma,Sherman County,TX,Dallas Office
79084,Stratford,Sherman County,TX,Dallas Office
75701,Tyler,Smith County,TX,Dallas Office
75702,Tyler,Smith County,TX,Dallas Office
75703,Tyler,Smith County,TX,Dallas Office
75704,Tyler,Smith County,TX,Dallas Office
75705,Tyler,Smith County,TX,Dallas Office
75706,Tyler,Smith County,TX,Dallas Office
75707,Tyler,Smith County,TX,Dallas Office
75708,Tyler,Smith County,TX,Dallas Office
75709,Tyler,Smith County,TX,Dallas Office
75710,Tyler,Smith County,TX,Dallas Office
75711,Tyler,Smith County,TX,Dallas Office
75712,Tyler,Smith County,TX,Dallas Office
75713,Tyler,Smith County,TX,Dallas Office
75750,Arp,Smith County,TX,Dallas Office
75757,Bullard,Smith County,TX,Dallas Office
75762,Flint,Smith County,TX,Dallas Office
75771,Lindale,Smith County,TX,Dallas Office
75789,Troup,Smith County,TX,Dallas Office
75791,Whitehouse,Smith County,TX,Dallas Office
75792,Winona,Smith County,TX,Dallas Office
75798,Tyler,Smith County,TX,Dallas Office
75799,Tyler,Smith County,TX,Dallas Office
76043,Glen Rose,Somervell County,TX,Dallas Office
76070,Nemo,Somervell County,TX,Dallas Office
76077,Rainbow,Somervell County,TX,Dallas Office
78536,Delmita,Starr County,TX,Houston Office
78545,Falcon Heights,Starr County,TX,Houston Office
78547,Garciasville,Starr County,TX,Houston Office
78548,Grulla,Starr County,TX,Houston Office
78582,Rio Grande City,Starr County,TX,Houston Office
78584,Roma,Starr County,TX,Houston Office
78585,Salineno,Starr County,TX,Houston Office
78588,San Isidro,Starr County,TX,Houston Office
78591,Santa Elena,Starr County,TX,Houston Office
76424,Breckenridge,Stephens County,TX,Dallas Office
76429,Caddo,Stephens County,TX,Dallas Office
76951,Sterling City,Sterling County,TX,Dallas Office
79502,Aspermont,Stonewall County,TX,Dallas Office
79540,Old Glory,Stonewall County,TX,Dallas Office
76950,Sonora,Sutton County,TX,Austin Office
79042,Happy,Swisher County,TX,Dallas Office
79052,Kress,Swisher County,TX,Dallas Office
79088,Tulia,Swisher County,TX,Dallas Office
75054,Grand Prairie,Tarrant County,TX,Dallas Office
75261,Dallas,Tarrant County,TX,Dallas Office
76001,Arlington,Tarrant County,TX,Dallas Office
76002,Arlington,Tarrant County,TX,Dallas Office
76003,Arlington,Tarrant County,TX,Dallas Office
76004,Arlington,Tarrant County,TX,Dallas Office
76005,Arlington,Tarrant County,TX,Dallas Office
76006,Arlington,Tarrant County,TX,Dallas Office
76007,Arlington,Tarrant County,TX,Dallas Office
76010,Arlington,Tarrant County,TX,Dallas Office
76011,Arlington,Tarrant County,TX,Dallas Office
76012,Arlington,Tarrant County,TX,Dallas Office
76013,Arlington,Tarrant County,TX,Dallas Office
76014,Arlington,Tarrant County,TX,Dallas Office
76015,Arlington,Tarrant County,TX,Dallas Office
76016,Arlington,Tarrant County,TX,Dallas Office
76017,Arlington,Tarrant County,TX,Dallas Office
76018,Arlington,Tarrant County,TX,Dallas Office
76019,Arlington,Tarrant County,TX,Dallas Office
76020,Azle,Tarrant County,TX,Dallas Office
76021,Bedford,Tarrant County,TX,Dallas Office
76022,Bedford,Tarrant County,TX,Dallas Office
76034,Colleyville,Tarrant County,TX,Dallas Office
76036,Crowley,Tarrant County,TX,Dallas Office
76039,Euless,Tarrant County,TX,Dallas Office
76040,Euless,Tarrant County,TX,Dallas Office
76051,Grapevine,Tarrant County,TX,Dallas Office
76052,Haslet,Tarrant County,TX,Dallas Office
76053,Hurst,Tarrant County,TX,Dallas Office
76054,Hurst,Tarrant County,TX,Dallas Office
76060,Kennedale,Tarrant County,TX,Dallas Office
76063,Mansfield,Tarrant County,TX,Dallas Office
76092,Southlake,Tarrant County,TX,Dallas Office
76094,Arlington,Tarrant County,TX,Dallas Office
76095,Bedford,Tarrant County,TX,Dallas Office
76096,Arlington,Tarrant County,TX,Dallas Office
76098,Azle,Tarrant County,TX,Dallas Office
76099,Grapevine,Tarrant County,TX,Dallas Office
76101,Fort Worth,Tarrant County,TX,Dallas Office
76102,Fort Worth,Tarrant County,TX,Dallas Office
76103,Fort Worth,Tarrant County,TX,Dallas Office
76104,Fort Worth,Tarrant County,TX,Dallas Office
76105,Fort Worth,Tarrant County,TX,Dallas Office
76106,Fort Worth,Tarrant County,TX,Dallas Office
76107,Fort Worth,Tarrant County,TX,Dallas Office
76108,Fort Worth,Tarrant County,TX,Dallas Office
76109,Fort Worth,Tarrant County,TX,Dallas Office
76110,Fort Worth,Tarrant County,TX,Dallas Office
76111,Fort Worth,Tarrant County,TX,Dallas Office
76112,Fort Worth,Tarrant County,TX,Dallas Office
76113,Fort Worth,Tarrant County,TX,Dallas Office
76114,Fort Worth,Tarrant County,TX,Dallas Office
76115,Fort Worth,Tarrant County,TX,Dallas Office
76116,Fort Worth,Tarrant County,TX,Dallas Office
76117,Haltom City,Tarrant County,TX,Dallas Office
76118,Fort Worth,Tarrant County,TX,Dallas Office
76119,Fort Worth,Tarrant County,TX,Dallas Office
76120,Fort Worth,Tarrant County,TX,Dallas Office
76121,Fort Worth,Tarrant County,TX,Dallas Office
76122,Fort Worth,Tarrant County,TX,Dallas Office
76123,Fort Worth,Tarrant County,TX,Dallas Office
76124,Fort Worth,Tarrant County,TX,Dallas Office
76126,Fort Worth,Tarrant County,TX,Dallas Office
76127,Naval Air Station Jrb,Tarrant County,TX,Dallas Office
76129,Fort Worth,Tarrant County,TX,Dallas Office
76130,Fort Worth,Tarrant County,TX,Dallas Office
76131,Fort Worth,Tarrant County,TX,Dallas Office
76132,Fort Worth,Tarrant County,TX,Dallas Office
76133,Fort Worth,Tarrant County,TX,Dallas Office
76134,Fort Worth,Tarrant County,TX,Dallas Office
76135,Fort Worth,Tarrant County,TX,Dallas Office
76136,Fort Worth,Tarrant County,TX,Dallas Office
76137,Fort Worth,Tarrant County,TX,Dallas Office
76140,Fort Worth,Tarrant County,TX,Dallas Office
76147,Fort Worth,Tarrant County,TX,Dallas Office
76148,Fort Worth,Tarrant County,TX,Dallas Office
76150,Fort Worth,Tarrant County,TX,Dallas Office
76155,Fort Worth,Tarrant County,TX,Dallas Office
76161,Fort Worth,Tarrant County,TX,Dallas Office
76162,Fort Worth,Tarrant County,TX,Dallas Office
76163,Fort Worth,Tarrant County,TX,Dallas Office
76164,Fort Worth,Tarrant County,TX,Dallas Office
76166,Fort Worth,Tarrant County,TX,Dallas Office
76177,Fort Worth,Tarrant County,TX,Dallas Office
76179,Fort Worth,Tarrant County,TX,Dallas Office
76180,North Richland Hills,Tarrant County,TX,Dallas Office
76181,Fort Worth,Tarrant County,TX,Dallas Office
76182,North Richland Hills,Tarrant County,TX,Dallas Office
76185,Fort Worth,Tarrant County,TX,Dallas Office
76190,Fort Worth,Tarrant County,TX,Dallas Office
76191,Fort Worth,Tarrant County,TX,Dallas Office
76192,Fort Worth,Tarrant County,TX,Dallas Office
76193,Fort Worth,Tarrant County,TX,Dallas Office
76195,Fort Worth,Tarrant County,TX,Dallas Office
76196,Fort Worth,Tarrant County,TX,Dallas Office
76197,Fort Worth,Tarrant County,TX,Dallas Office
76198,Fort Worth,Tarrant County,TX,Dallas Office
76199,Fort Worth,Tarrant County,TX,Dallas Office
76244,Keller,Tarrant County,TX,Dallas Office
76248,Keller,Tarrant County,TX,Dallas Office
79508,Buffalo Gap,Taylor County,TX,Dallas Office
79530,Lawn,Taylor County,TX,Dallas Office
79536,Merkel,Taylor County,TX,Dallas Office
79541,Ovalo,Taylor County,TX,Dallas Office
79561,Trent,Taylor County,TX,Dallas Office
79562,Tuscola,Taylor County,TX,Dallas Office
79563,Tye,Taylor County,TX,Dallas Office
79566,Wingate,Taylor County,TX,Dallas Office
79601,Abilene,Taylor County,TX,Dallas Office
79602,Abilene,Taylor County,TX,Dallas Office
79603,Abilene,Taylor County,TX,Dallas Office
79604,Abilene,Taylor County,TX,Dallas Office
79605,Abilene,Taylor County,TX,Dallas Office
79606,Abilene,Taylor County,TX,Dallas Office
79607,Dyess AFB,Taylor County,TX,Dallas Office
79608,Abilene,Taylor County,TX,Dallas Office
79697,Abilene,Taylor County,TX,Dallas Office
79698,Abilene,Taylor County,TX,Dallas Office
79699,Abilene,Taylor County,TX,Dallas Office
78851,Dryden,Terrell County,TX,Dallas Office
79848,Sanderson,Terrell County,TX,Dallas Office
79316,Brownfield,Terry County,TX,Dallas Office
79345,Meadow,Terry County,TX,Dallas Office
79378,Wellman,Terry County,TX,Dallas Office
76483,Throckmorton,Throckmorton County,TX,Dallas Office
76491,Woodson,Throckmorton County,TX,Dallas Office
75455,Mount Pleasant,Titus County,TX,Dallas Office
75456,Mount Pleasant,Titus County,TX,Dallas Office
75487,Talco,Titus County,TX,Dallas Office
75493,Winfield,Titus County,TX,Dallas Office
75558,Cookville,Titus County,TX,Dallas Office
76886,Veribest,Tom Green County,TX,Austin Office
76901,San Angelo,Tom Green County,TX,Austin Office
76902,San Angelo,Tom Green County,TX,Austin Office
76903,San Angelo,Tom Green County,TX,Austin Office
76904,San Angelo,Tom Green County,TX,Austin Office
76905,San Angelo,Tom Green County,TX,Austin Office
76906,San Angelo,Tom Green County,TX,Austin Office
76908,Goodfellow AFB,Tom Green County,TX,Austin Office
76909,San Angelo,Tom Green County,TX,Austin Office
76934,Carlsbad,Tom Green County,TX,Austin Office
76935,Christoval,Tom Green County,TX,Austin Office
76937,Eola,Tom Green County,TX,Austin Office
76939,Knickerbocker,Tom Green County,TX,Austin Office
76940,Mereta,Tom Green County,TX,Austin Office
76955,Vancourt,Tom Green County,TX,Austin Office
76957,Wall,Tom Green County,TX,Austin Office
76958,Water Valley,Tom Green County,TX,Austin Office
73301,Austin,Travis County,TX,Austin Office
73344,Austin,Travis County,TX,Austin Office
78617,Del Valle,Travis County,TX,Austin Office
78645,Leander,Travis County,TX,Austin Office
78652,Manchaca,Travis County,TX,Austin Office
78653,Manor,Travis County,TX,Austin Office
78660,Pflugerville,Travis County,TX,Austin Office
78669,Spicewood,Travis County,TX,Austin Office
78691,Pflugerville,Travis County,TX,Austin Office
78701,Austin,Travis County,TX,Austin Office
78702,Austin,Travis County,TX,Austin Office
78703,Austin,Travis County,TX,Austin Office
78704,Austin,Travis County,TX,Austin Office
78705,Austin,Travis County,TX,Austin Office
78708,Austin,Travis County,TX,Austin Office
78709,Austin,Travis County,TX,Austin Office
78710,Austin,Travis County,TX,Austin Office
78711,Austin,Travis County,TX,Austin Office
78712,Austin,Travis County,TX,Austin Office
78713,Austin,Travis County,TX,Austin Office
78714,Austin,Travis County,TX,Austin Office
78715,Austin,Travis County,TX,Austin Office
78716,Austin,Travis County,TX,Austin Office
78718,Austin,Travis County,TX,Austin Office
78719,Austin,Travis County,TX,Austin Office
78720,Austin,Travis County,TX,Austin Office
78721,Austin,Travis County,TX,Austin Office
78722,Austin,Travis County,TX,Austin Office
78723,Austin,Travis County,TX,Austin Office
78724,Austin,Travis County,TX,Austin Office
78725,Austin,Travis County,TX,Austin Office
78726,Austin,Travis County,TX,Austin Office
78727,Austin,Travis County,TX,Austin Office
78728,Austin,Travis County,TX,Austin Office
78730,Austin,Travis County,TX,Austin Office
78731,Austin,Travis County,TX,Austin Office
78732,Austin,Travis County,TX,Austin Office
78733,Austin,Travis County,TX,Austin Office
78734,Austin,Travis County,TX,Austin Office
78735,Austin,Travis County,TX,Austin Office
78736,Austin,Travis County,TX,Austin Office
78738,Austin,Travis County,TX,Austin Office
78739,Austin,Travis County,TX,Austin Office
78741,Austin,Travis County,TX,Austin Office
78742,Austin,Travis County,TX,Austin Office
78744,Austin,Travis County,TX,Austin Office
78745,Austin,Travis County,TX,Austin Office
78746,Austin,Travis County,TX,Austin Office
78747,Austin,Travis County,TX,Austin Office
78748,Austin,Travis County,TX,Austin Office
78749,Austin,Travis County,TX,Austin Office
78750,Austin,Travis County,TX,Austin Office
78751,Austin,Travis County,TX,Austin Office
78752,Austin,Travis County,TX,Austin Office
78753,Austin,Travis County,TX,Austin Office
78754,Austin,Travis County,TX,Austin Office
78755,Austin,Travis County,TX,Austin Office
78756,Austin,Travis County,TX,Austin Office
78757,Austin,Travis County,TX,Austin Office
78758,Austin,Travis County,TX,Austin Office
78759,Austin,Travis County,TX,Austin Office
78760,Austin,Travis County,TX,Austin Office
78761,Austin,Travis County,TX,Austin Office
78762,Austin,Travis County,TX,Austin Office
78763,Austin,Travis County,TX,Austin Office
78764,Austin,Travis County,TX,Austin Office
78765,Austin,Travis County,TX,Austin Office
78766,Austin,Travis County,TX,Austin Office
78767,Austin,Travis County,TX,Austin Office
78768,Austin,Travis County,TX,Austin Office
78769,Austin,Travis County,TX,Austin Office
78772,Austin,Travis County,TX,Austin Office
78773,Austin,Travis County,TX,Austin Office
78774,Austin,Travis County,TX,Austin Office
78778,Austin,Travis County,TX,Austin Office
78779,Austin,Travis County,TX,Austin Office
78780,Austin,Travis County,TX,Austin Office
78781,Austin,Travis County,TX,Austin Office
78783,Austin,Travis County,TX,Austin Office
78785,Austin,Travis County,TX,Austin Office
78786,Austin,Travis County,TX,Austin Office
78788,Austin,Travis County,TX,Austin Office
78789,Austin,Travis County,TX,Austin Office
78798,Austin,Travis County,TX,Austin Office
78799,Austin,Travis County,TX,Austin Office
75834,Centralia,Trinity County,TX,Houston Office
75845,Groveton,Trinity County,TX,Houston Office
75856,Pennington,Trinity County,TX,Houston Office
75862,Trinity,Trinity County,TX,Houston Office
75865,Woodlake,Trinity County,TX,Houston Office
75926,Apple Springs,Trinity County,TX,Houston Office
75936,Chester,Tyler County,TX,Houston Office
75938,Colmesneil,Tyler County,TX,Houston Office
75942,Doucette,Tyler County,TX,Houston Office
75979,Woodville,Tyler County,TX,Houston Office
75990,Woodville,Tyler County,TX,Houston Office
77616,Fred,Tyler County,TX,Houston Office
77624,Hillister,Tyler County,TX,Houston Office
77660,Spurger,Tyler County,TX,Houston Office
77664,Warren,Tyler County,TX,Houston Office
75640,Diana,Upshur County,TX,Dallas Office
75644,Gilmer,Upshur County,TX,Dallas Office
75645,Gilmer,Upshur County,TX,Dallas Office
75683,Ore City,Upshur County,TX,Dallas Office
75755,Big Sandy,Upshur County,TX,Dallas Office
75797,Big Sandy,Upshur County,TX,Dallas Office
79752,Mc Camey,Upton County,TX,Dallas Office
79755,Midkiff,Upton County,TX,Dallas Office
79778,Rankin,Upton County,TX,Dallas Office
78801,Uvalde,Uvalde County,TX,Austin Office
78802,Uvalde,Uvalde County,TX,Austin Office
78838,Concan,Uvalde County,TX,Austin Office
78870,Knippa,Uvalde County,TX,Austin Office
78881,Sabinal,Uvalde County,TX,Austin Office
78884,Utopia,Uvalde County,TX,Austin Office
78837,Comstock,Val Verde County,TX,Austin Office
78840,Del Rio,Val Verde County,TX,Austin Office
78841,Del Rio,Val Verde County,TX,Austin Office
78842,Del Rio,Val Verde County,TX,Austin Office
78843,Laughlin AFB,Val Verde County,TX,Austin Office
78847,Del Rio,Val Verde County,TX,Austin Office
78871,Langtry,Val Verde County,TX,Austin Office
75103,Canton,Van Zandt County,TX,Dallas Office
75117,Edgewood,Van Zandt County,TX,Dallas Office
75127,Fruitvale,Van Zandt County,TX,Dallas Office
75140,Grand Saline,Van Zandt County,TX,Dallas Office
75169,Wills Point,Van Zandt County,TX,Dallas Office
75754,Ben Wheeler,Van Zandt County,TX,Dallas Office
75790,Van,Van Zandt County,TX,Dallas Office
77901,Victoria,Victoria County,TX,Houston Office
77902,Victoria,Victoria County,TX,Houston Office
77903,Victoria,Victoria County,TX,Houston Office
77904,Victoria,Victoria County,TX,Houston Office
77905,Victoria,Victoria County,TX,Houston Office
77951,Bloomington,Victoria County,TX,Houston Office
77968,Inez,Victoria County,TX,Houston Office
77973,Mcfaddin,Victoria County,TX,Houston Office
77974,Meyersville,Victoria County,TX,Houston Office
77976,Nursery,Victoria County,TX,Houston Office
77977,Placedo,Victoria County,TX,Houston Office
77988,Telferner,Victoria County,TX,Houston Office
77320,Huntsville,Walker County,TX,Houston Office
77334,Dodge,Walker County,TX,Houston Office
77340,Huntsville,Walker County,TX,Houston Office
77341,Huntsville,Walker County,TX,Houston Office
77342,Huntsville,Walker County,TX,Houston Office
77343,Huntsville,Walker County,TX,Houston Office
77344,Huntsville,Walker County,TX,Houston Office
77348,Huntsville,Walker County,TX,Houston Office
77349,Huntsville,Walker County,TX,Houston Office
77358,New Waverly,Walker County,TX,Houston Office
77367,Riverside,Walker County,TX,Houston Office
77423,Brookshire,Waller County,TX,Houston Office
77445,Hempstead,Waller County,TX,Houston Office
77446,Prairie View,Waller County,TX,Houston Office
77466,Pattison,Waller County,TX,Houston Office
77484,Waller,Waller County,TX,Houston Office
77491,Katy,Waller County,TX,Houston Office
77492,Katy,Waller County,TX,Houston Office
79719,Barstow,Ward County,TX,Dallas Office
79742,Grandfalls,Ward County,TX,Dallas Office
79756,Monahans,Ward County,TX,Dallas Office
79777,Pyote,Ward County,TX,Dallas Office
79788,Wickett,Ward County,TX,Dallas Office
77426,Chappell Hill,Washington County,TX,Houston Office
77833,Brenham,Washington County,TX,Houston Office
77834,Brenham,Washington County,TX,Houston Office
77835,Burton,Washington County,TX,Houston Office
77880,Washington,Washington County,TX,Houston Office
78040,Laredo,Webb County,TX,Houston Office
78041,Laredo,Webb County,TX,Houston Office
78042,Laredo,Webb County,TX,Houston Office
78043,Laredo,Webb County,TX,Houston Office
78044,Laredo,Webb County,TX,Houston Office
78045,Laredo,Webb County,TX,Houston Office
78046,Laredo,Webb County,TX,Houston Office
78049,Laredo,Webb County,TX,Houston Office
78344,Bruni,Webb County,TX,Houston Office
78369,Mirando City,Webb County,TX,Houston Office
78371,Oilton,Webb County,TX,Houston Office
77420,Boling,Wharton County,TX,Houston Office
77432,Danevang,Wharton County,TX,Houston Office
77435,East Bernard,Wharton County,TX,Houston Office
77436,Egypt,Wharton County,TX,Houston Office
77437,El Campo,Wharton County,TX,Houston Office
77443,Glen Flora,Wharton County,TX,Houston Office
77448,Hungerford,Wharton County,TX,Houston Office
77453,Lane City,Wharton County,TX,Houston Office
77454,Lissie,Wharton County,TX,Houston Office
77455,Louise,Wharton County,TX,Houston Office
77467,Pierce,Wharton County,TX,Houston Office
77488,Wharton,Wharton County,TX,Houston Office
79003,Allison,Wheeler County,TX,Dallas Office
79011,Briscoe,Wheeler County,TX,Dallas Office
79061,Mobeetie,Wheeler County,TX,Dallas Office
79079,Shamrock,Wheeler County,TX,Dallas Office
79096,Wheeler,Wheeler County,TX,Dallas Office
76301,Wichita Falls,Wichita County,TX,Dallas Office
76302,Wichita Falls,Wichita County,TX,Dallas Office
76305,Wichita Falls,Wichita County,TX,Dallas Office
76306,Wichita Falls,Wichita County,TX,Dallas Office
76307,Wichita Falls,Wichita County,TX,Dallas Office
76308,Wichita Falls,Wichita County,TX,Dallas Office
76309,Wichita Falls,Wichita County,TX,Dallas Office
76310,Wichita Falls,Wichita County,TX,Dallas Office
76311,Sheppard AFB,Wichita County,TX,Dallas Office
76354,Burkburnett,Wichita County,TX,Dallas Office
76360,Electra,Wichita County,TX,Dallas Office
76367,Iowa Park,Wichita County,TX,Dallas Office
76369,Kamay,Wichita County,TX,Dallas Office
76364,Harrold,Wilbarger County,TX,Dallas Office
76373,Oklaunion,Wilbarger County,TX,Dallas Office
76384,Vernon,Wilbarger County,TX,Dallas Office
76385,Vernon,Wilbarger County,TX,Dallas Office
79247,Odell,Wilbarger County,TX,Dallas Office
78561,Lasara,Willacy County,TX,Houston Office
78569,Lyford,Willacy County,TX,Houston Office
78580,Raymondville,Willacy County,TX,Houston Office
78590,San Perlita,Willacy County,TX,Houston Office
78594,Sebastian,Willacy County,TX,Houston Office
78598,Port Mansfield,Willacy County,TX,Houston Office
76511,Bartlett,Williamson County,TX,Austin Office
76527,Florence,Williamson County,TX,Austin Office
76530,Granger,Williamson County,TX,Austin Office
76537,Jarrell,Williamson County,TX,Austin Office
76573,Schwertner,Williamson County,TX,Austin Office
76574,Taylor,Williamson County,TX,Austin Office
76578,Thrall,Williamson County,TX,Austin Office
78613,Cedar Park,Williamson County,TX,Austin Office
78615,Coupland,Williamson County,TX,Austin Office
78626,Georgetown,Williamson County,TX,Austin Office
78627,Georgetown,Williamson County,TX,Austin Office
78628,Georgetown,Williamson County,TX,Austin Office
78630,Cedar Park,Williamson County,TX,Austin Office
78633,Georgetown,Williamson County,TX,Austin Office
78634,Hutto,Williamson County,TX,Austin Office
78641,Leander,Williamson County,TX,Austin Office
78642,Liberty Hill,Williamson County,TX,Austin Office
78646,Leander,Williamson County,TX,Austin Office
78651,Mc Neil,Williamson County,TX,Austin Office
78664,Round Rock,Williamson County,TX,Austin Office
78665,Round Rock,Williamson County,TX,Austin Office
78673,Walburg,Williamson County,TX,Austin Office
78674,Weir,Williamson County,TX,Austin Office
78680,Round Rock,Williamson County,TX,Austin Office
78681,Round Rock,Williamson County,TX,Austin Office
78682,Round Rock,Williamson County,TX,Austin Office
78683,Round Rock,Williamson County,TX,Austin Office
78717,Austin,Williamson County,TX,Austin Office
78729,Austin,Williamson County,TX,Austin Office
78114,Floresville,Wilson County,TX,Austin Office
78121,La Vernia,Wilson County,TX,Austin Office
78143,Pandora,Wilson County,TX,Austin Office
78147,Poth,Wilson County,TX,Austin Office
78160,Stockdale,Wilson County,TX,Austin Office
78161,Sutherland Springs,Wilson County,TX,Austin Office
79745,Kermit,Winkler County,TX,Dallas Office
79789,Wink,Winkler County,TX,Dallas Office
76023,Boyd,Wise County,TX,Dallas Office
76071,Newark,Wise County,TX,Dallas Office
76073,Paradise,Wise County,TX,Dallas Office
76078,Rhome,Wise County,TX,Dallas Office
76225,Alvord,Wise County,TX,Dallas Office
76234,Decatur,Wise County,TX,Dallas Office
76246,Greenwood,Wise County,TX,Dallas Office
76267,Slidell,Wise County,TX,Dallas Office
76426,Bridgeport,Wise County,TX,Dallas Office
76431,Chico,Wise County,TX,Dallas Office
75410,Alba,Wood County,TX,Dallas Office
75444,Golden,Wood County,TX,Dallas Office
75494,Winnsboro,Wood County,TX,Dallas Office
75497,Yantis,Wood County,TX,Dallas Office
75765,Hawkins,Wood County,TX,Dallas Office
75773,Mineola,Wood County,TX,Dallas Office
75783,Quitman,Wood County,TX,Dallas Office
79323,Denver City,Yoakum County,TX,Dallas Office
79355,Plains,Yoakum County,TX,Dallas Office
79376,Tokio,Yoakum County,TX,Dallas Office
76372,Newcastle,Young County,TX,Dallas Office
76374,Olney,Young County,TX,Dallas Office
76450,Graham,Young County,TX,Dallas Office
76460,Loving,Young County,TX,Dallas Office
76481,South Bend,Young County,TX,Dallas Office
78067,San Ygnacio,Zapata County,TX,Houston Office
78076,Zapata,Zapata County,TX,Houston Office
78564,Lopeno,Zapata County,TX,Houston Office
78829,Batesville,Zavala County,TX,Austin Office
78839,Crystal City,Zavala County,TX,Austin Office
78872,La Pryor,Zavala County,TX,Austin Office
32615,Alachua,Alachua County,FL,Tampa Office
32616,Alachua,Alachua County,FL,Tampa Office
32420,Alford,Jackson County,FL,Tampa Office
32701,Altamonte Springs,Seminole County,FL,Orlando Office
32714,Altamonte Springs,Seminole County,FL,Orlando Office
32715,Altamonte Springs,Seminole County,FL,Orlando Office
32716,Altamonte Springs,Seminole County,FL,Orlando Office
32421,Altha,Calhoun County,FL,Tampa Office
32702,Altoona,Lake County,FL,Orlando Office
33820,Alturas,Polk County,FL,Orlando Office
33920,Alva,Lee County,FL,Miami Office
34216,Anna Maria,Manatee County,FL,Tampa Office
32617,Anthony,Marion County,FL,Orlando Office
32320,Apalachicola,Franklin County,FL,Tampa Office
32329,Apalachicola,Franklin County,FL,Tampa Office
33572,Apollo Beach,Hillsborough County,FL,Tampa Office
32703,Apopka,Orange County,FL,Orlando Office
32704,Apopka,Orange County,FL,Orlando Office
32712,Apopka,Orange County,FL,Orlando Office
34265,Arcadia,Desoto County,FL,Tampa Office
34266,Arcadia,DeSoto County,FL,Tampa Office
34269,Arcadia,DeSoto County,FL,Tampa Office
32618,Archer,Alachua County,FL,Tampa Office
32422,Argyle,Walton County,FL,Tampa Office
34679,Aripeka,Pasco County,FL,Tampa Office
34705,Astatula,Lake County,FL,Orlando Office
32102,Astor,Lake County,FL,Orlando Office
32233,Atlantic Beach,Duval County,FL,Orlando Office
33823,Auburndale,Polk County,FL,Orlando Office
33825,Avon Park,Highlands County,FL,Miami Office
33826,Avon Park,Highlands County,FL,Miami Office
33827,Babson Park,Polk County,FL,Orlando Office
32530,Bagdad,Santa Rosa County,FL,Tampa Office
32531,Baker,Okaloosa County,FL,Tampa Office
33503,Balm,Hillsborough County,FL,Tampa Office
32105,Barberville,Volusia County,FL,Orlando Office
33830,Bartow,Polk County,FL,Orlando Office
33831,Bartow,Polk County,FL,Orlando Office
32423,Bascom,Jackson County,FL,Tampa Office
33744,Bay Pines,Pinellas County,FL,Tampa Office
32619,Bell,Gilchrist County,FL,Tampa Office
33430,Belle Glade,Palm Beach County,FL,Miami Office
33786,Belleair Beach,Pinellas County,FL,Tampa Office
34420,Belleview,Marion County,FL,Orlando Office
34421,Belleview,Marion County,FL,Orlando Office
34464,Beverly Hills,Citrus County,FL,Tampa Office
34465,Beverly Hills,Citrus County,FL,Tampa Office
33043,Big Pine Key,Monroe County,FL,Miami Office
32424,Blountstown,Calhoun County,FL,Tampa Office
33921,Boca Grande,Lee County,FL,Miami Office
33427,Boca Raton,Palm Beach County,FL,Miami Office
33428,Boca Raton,Palm Beach County,FL,Miami Office
33429,Boca Raton,Palm Beach County,FL,Miami Office
33431,Boca Raton,Palm Beach County,FL,Miami Office
33432,Boca Raton,Palm Beach County,FL,Miami Office
33433,Boca Raton,Palm Beach County,FL,Miami Office
33434,Boca Raton,Palm Beach County,FL,Miami Office
33464,Boca Raton,Palm Beach County,FL,Miami Office
33481,Boca Raton,Palm Beach County,FL,Miami Office
33486,Boca Raton,Palm Beach County,FL,Miami Office
33487,Boca Raton,Palm Beach County,FL,Miami Office
33488,Boca Raton,Palm Beach County,FL,Miami Office
33496,Boca Raton,Palm Beach County,FL,Miami Office
33497,Boca Raton,Palm Beach County,FL,Miami Office
33498,Boca Raton,Palm Beach County,FL,Miami Office
33499,Boca Raton,Palm Beach County,FL,Miami Office
33922,Bokeelia,Lee County,FL,Miami Office
32425,Bonifay,Holmes County,FL,Tampa Office
34133,Bonita Springs,Lee County,FL,Miami Office
34134,Bonita Springs,Lee County,FL,Miami Office
34135,Bonita Springs,Lee County,FL,Miami Office
34136,Bonita Springs,Lee County,FL,Miami Office
32007,Bostwick,Putnam County,FL,Orlando Office
33834,Bowling Green,Hardee County,FL,Tampa Office
33424,Boynton Beach,Palm Beach County,FL,Miami Office
33425,Boynton Beach,Palm Beach County,FL,Miami Office
33426,Boynton Beach,Palm Beach County,FL,Miami Office
33435,Boynton Beach,Palm Beach County,FL,Miami Office
33436,Boynton Beach,Palm Beach County,FL,Miami Office
33437,Boynton Beach,Palm Beach County,FL,Miami Office
33472,Boynton Beach,Palm Beach County,FL,Miami Office
33473,Boynton Beach,Palm Beach County,FL,Miami Office
33474,Boynton Beach,Palm Beach County,FL,Miami Office
34201,Bradenton,Manatee County,FL,Tampa Office
34202,Bradenton,Manatee County,FL,Tampa Office
34203,Bradenton,Manatee County,FL,Tampa Office
34204,Bradenton,Manatee County,FL,Tampa Office
34205,Bradenton,Manatee County,FL,Tampa Office
34206,Bradenton,Manatee County,FL,Tampa Office
34207,Bradenton,Manatee County,FL,Tampa Office
34208,Bradenton,Manatee County,FL,Tampa Office
34209,Bradenton,Manatee County,FL,Tampa Office
34210,Bradenton,Manatee County,FL,Tampa Office
34211,Bradenton,Manatee County,FL,Tampa Office
34212,Bradenton,Manatee County,FL,Tampa Office
34280,Bradenton,Manatee County,FL,Tampa Office
34281,Bradenton,Manatee County,FL,Tampa Office
34282,Bradenton,Manatee County,FL,Tampa Office
34217,Bradenton Beach,Manatee County,FL,Tampa Office
33835,Bradley,Polk County,FL,Orlando Office
33508,Brandon,Hillsborough County,FL,Tampa Office
33509,Brandon,Hillsborough County,FL,Tampa Office
33510,Brandon,Hillsborough County,FL,Tampa Office
33511,Brandon,Hillsborough County,FL,Tampa Office
32008,Branford,Suwannee County,FL,Tampa Office
32321,Bristol,Liberty County,FL,Tampa Office
32621,Bronson,Levy County,FL,Tampa Office
32622,Brooker,Bradford County,FL,Tampa Office
34601,Brooksville,Hernando County,FL,Tampa Office
34602,Brooksville,Hernando County,FL,Tampa Office
34603,Brooksville,Hernando County,FL,Tampa Office
34604,Brooksville,Hernando County,FL,Tampa Office
34605,Brooksville,Hernando County,FL,Tampa Office
34613,Brooksville,Hernando County,FL,Tampa Office
34614,Brooksville,Hernando County,FL,Tampa Office
32009,Bryceville,Nassau County,FL,Orlando Office
32110,Bunnell,Flagler County,FL,Orlando Office
33513,Bushnell,Sumter County,FL,Tampa Office
32011,Callahan,Nassau County,FL,Orlando Office
32426,Campbellton,Jackson County,FL,Tampa Office
33438,Canal Point,Palm Beach County,FL,Miami Office
33439,Canal Point,Palm Beach County,FL,Miami Office
32111,Candler,Marion County,FL,Orlando Office
32533,Cantonment,Escambia County,FL,Tampa Office
32920,Cape Canaveral,Brevard County,FL,Orlando Office
33904,Cape Coral,Lee County,FL,Miami Office
33909,Cape Coral,Lee County,FL,Miami Office
33910,Cape Coral,Lee County,FL,Miami Office
33914,Cape Coral,Lee County,FL,Miami Office
33915,Cape Coral,Lee County,FL,Miami Office
33990,Cape Coral,Lee County,FL,Miami Office
33991,Cape Coral,Lee County,FL,Miami Office
33993,Cape Coral,Lee County,FL,Miami Office
33924,Captiva,Lee County,FL,Miami Office
32322,Carrabelle,Franklin County,FL,Tampa Office
32427,Caryville,Washington County,FL,Tampa Office
32706,Cassadaga,Volusia County,FL,Orlando Office
32707,Casselberry,Seminole County,FL,Orlando Office
32718,Casselberry,Seminole County,FL,Orlando Office
32730,Casselberry,Seminole County,FL,Orlando Office
32625,Cedar Key,Levy County,FL,Tampa Office
33514,Center Hill,Sumter County,FL,Tampa Office
32535,Century,Escambia County,FL,Tampa Office
32324,Chattahoochee,Gadsden County,FL,Tampa Office
32626,Chiefland,Levy County,FL,Tampa Office
32644,Chiefland,Levy County,FL,Tampa Office
32428,Chipley,Washington County,FL,Tampa Office
34138,Chokoloskee,Collier County,FL,Miami Office
32709,Christmas,Orange County,FL,Orlando Office
32113,Citra,Marion County,FL,Orlando Office
32710,Clarcona,Orange County,FL,Orlando Office
32430,Clarksville,Calhoun County,FL,Tampa Office
33755,Clearwater,Pinellas County,FL,Tampa Office
33756,Clearwater,Pinellas County,FL,Tampa Office
33757,Clearwater,Pinellas County,FL,Tampa Office
33758,Clearwater,Pinellas County,FL,Tampa Office
33759,Clearwater,Pinellas County,FL,Tampa Office
33760,Clearwater,Pinellas County,FL,Tampa Office
33761,Clearwater,Pinellas County,FL,Tampa Office
33762,Clearwater,Pinellas County,FL,Tampa Office
33763,Clearwater,Pinellas County,FL,Tampa Office
33764,Clearwater,Pinellas County,FL,Tampa Office
33765,Clearwater,Pinellas County,FL,Tampa Office
33766,Clearwater,Pinellas County,FL,Tampa Office
33769,Clearwater,Pinellas County,FL,Tampa Office
33767,Clearwater Beach,Pinellas County,FL,Tampa Office
34711,Clermont,Lake County,FL,Orlando Office
34712,Clermont,Lake County,FL,Orlando Office
34713,Clermont,Lake County,FL,Orlando Office
34714,Clermont,Lake County,FL,Orlando Office
34715,Clermont,Lake County,FL,Orlando Office
33440,Clewiston,Hendry County,FL,Miami Office
32922,Cocoa,Brevard County,FL,Orlando Office
32923,Cocoa,Brevard County,FL,Orlando Office
32924,Cocoa,Brevard County,FL,Orlando Office
32926,Cocoa,Brevard County,FL,Orlando Office
32927,Cocoa,Brevard County,FL,Orlando Office
32931,Cocoa Beach,Brevard County,FL,Orlando Office
32932,Cocoa Beach,Brevard County,FL,Orlando Office
33097,Coconut Creek,Broward County,FL,Miami Office
33521,Coleman,Sumter County,FL,Tampa Office
34137,Copeland,Collier County,FL,Miami Office
33114,Coral Gables,Miami-Dade County,FL,Miami Office
33065,Coral Springs,Broward County,FL,Miami Office
33071,Coral Springs,Broward County,FL,Miami Office
33075,Coral Springs,Broward County,FL,Miami Office
34215,Cortez,Manatee County,FL,Tampa Office
32431,Cottondale,Jackson County,FL,Tampa Office
32326,Crawfordville,Wakulla County,FL,Tampa Office
32327,Crawfordville,Wakulla County,FL,Tampa Office
32112,Crescent City,Putnam County,FL,Orlando Office
32536,Crestview,Okaloosa County,FL,Tampa Office
32539,Crestview,Okaloosa County,FL,Tampa Office
32628,Cross City,Dixie County,FL,Tampa Office
34681,Crystal Beach,Pinellas County,FL,Tampa Office
34423,Crystal River,Citrus County,FL,Tampa Office
34428,Crystal River,Citrus County,FL,Tampa Office
34429,Crystal River,Citrus County,FL,Tampa Office
33524,Crystal Springs,Pasco County,FL,Tampa Office
32432,Cypress,Jackson County,FL,Tampa Office
33523,Dade City,Pasco County,FL,Tampa Office
33525,Dade City,Pasco County,FL,Tampa Office
33526,Dade City,Pasco County,FL,Tampa Office
33004,Dania,Broward County,FL,Miami Office
33836,Davenport,Polk County,FL,Orlando Office
33837,Davenport,Polk County,FL,Orlando Office
33896,Davenport,Polk County,FL,Orlando Office
33897,Davenport,Polk County,FL,Orlando Office
32013,Day,Lafayette County,FL,Tampa Office
32114,Daytona Beach,Volusia County,FL,Orlando Office
32115,Daytona Beach,Volusia County,FL,Orlando Office
32116,Daytona Beach,Volusia County,FL,Orlando Office
32117,Daytona Beach,Volusia County,FL,Orlando Office
32118,Daytona Beach,Volusia County,FL,Orlando Office
32119,Daytona Beach,Volusia County,FL,Orlando Office
32120,Daytona Beach,Volusia County,FL,Orlando Office
32121,Daytona Beach,Volusia County,FL,Orlando Office
32122,Daytona Beach,Volusia County,FL,Orlando Office
32124,Daytona Beach,Volusia County,FL,Orlando Office
32125,Daytona Beach,Volusia County,FL,Orlando Office
32126,Daytona Beach,Volusia County,FL,Orlando Office
32198,Daytona Beach,Volusia County,FL,Orlando Office
32130,De Leon Springs,Volusia County,FL,Orlando Office
32713,Debary,Volusia County,FL,Orlando Office
32753,Debary,Volusia County,FL,Orlando Office
33441,Deerfield Beach,Broward County,FL,Miami Office
33442,Deerfield Beach,Broward County,FL,Miami Office
33443,Deerfield Beach,Broward County,FL,Miami Office
32433,Defuniak Springs,Walton County,FL,Tampa Office
32435,Defuniak Springs,Walton County,FL,Tampa Office
32720,Deland,Volusia County,FL,Orlando Office
32721,Deland,Volusia County,FL,Orlando Office
32723,Deland,Volusia County,FL,Orlando Office
32724,Deland,Volusia County,FL,Orlando Office
33444,Delray Beach,Palm Beach County,FL,Miami Office
33445,Delray Beach,Palm Beach County,FL,Miami Office
33446,Delray Beach,Palm Beach County,FL,Miami Office
33447,Delray Beach,Palm Beach County,FL,Miami Office
33448,Delray Beach,Palm Beach County,FL,Miami Office
33482,Delray Beach,Palm Beach County,FL,Miami Office
33483,Delray Beach,Palm Beach County,FL,Miami Office
33484,Delray Beach,Palm Beach County,FL,Miami Office
32725,Deltona,Volusia County,FL,Orlando Office
32728,Deltona,Volusia County,FL,Orlando Office
32738,Deltona,Volusia County,FL,Orlando Office
32739,Deltona,Volusia County,FL,Orlando Office
32540,Destin,Okaloosa County,FL,Tampa Office
32541,Destin,Okaloosa County,FL,Tampa Office
32030,Doctors Inlet,Clay County,FL,Orlando Office
33527,Dover,Hillsborough County,FL,Tampa Office
33838,Dundee,Polk County,FL,Orlando Office
34697,Dunedin,Pinellas County,FL,Tampa Office
34698,Dunedin,Pinellas County,FL,Tampa Office
34430,Dunnellon,Marion County,FL,Orlando Office
34431,Dunnellon,Marion County,FL,Orlando Office
34432,Dunnellon,Marion County,FL,Orlando Office
34433,Dunnellon,Citrus County,FL,Tampa Office
34434,Dunnellon,Citrus County,FL,Tampa Office
33530,Durant,Hillsborough County,FL,Tampa Office
33839,Eagle Lake,Polk County,FL,Orlando Office
32631,Earleton,Alachua County,FL,Tampa Office
32131,East Palatka,Putnam County,FL,Orlando Office
32133,Eastlake Weir,Marion County,FL,Orlando Office
32328,Eastpoint,Franklin County,FL,Tampa Office
33840,Eaton Park,Polk County,FL,Orlando Office
32437,Ebro,Washington County,FL,Tampa Office
32132,Edgewater,Volusia County,FL,Orlando Office
32141,Edgewater,Volusia County,FL,Orlando Office
32542,Eglin AFB,Okaloosa County,FL,Tampa Office
33927,El Jobean,Charlotte County,FL,Miami Office
34680,Elfers,Pasco County,FL,Tampa Office
32033,Elkton,St. Johns County,FL,Orlando Office
34222,Ellenton,Manatee County,FL,Tampa Office
34223,Englewood,Sarasota County,FL,Tampa Office
34224,Englewood,Charlotte County,FL,Miami Office
34295,Englewood,Sarasota County,FL,Tampa Office
33928,Estero,Lee County,FL,Miami Office
33929,Estero,Lee County,FL,Miami Office
32726,Eustis,Lake County,FL,Orlando Office
32727,Eustis,Lake County,FL,Orlando Office
32736,Eustis,Lake County,FL,Orlando Office
34139,Everglades City,Collier County,FL,Miami Office
32633,Evinston,Marion County,FL,Orlando Office
32634,Fairfield,Marion County,FL,Orlando Office
33930,Felda,Hendry County,FL,Miami Office
32948,Fellsmere,Indian River County,FL,Orlando Office
32034,Fernandina Beach,Nassau County,FL,Orlando Office
32035,Fernandina Beach,Nassau County,FL,Orlando Office
34729,Ferndale,Lake County,FL,Orlando Office
32136,Flagler Beach,Flagler County,FL,Orlando Office
32003,Fleming Island,Clay County,FL,Orlando Office
32006,Fleming Island,Clay County,FL,Orlando Office
32140,Florahome,Putnam County,FL,Orlando Office
34436,Floral City,Citrus County,FL,Tampa Office
33301,Fort Lauderdale,Broward County,FL,Miami Office
33302,Fort Lauderdale,Broward County,FL,Miami Office
33303,Fort Lauderdale,Broward County,FL,Miami Office
33304,Fort Lauderdale,Broward County,FL,Miami Office
33305,Fort Lauderdale,Broward County,FL,Miami Office
33306,Fort Lauderdale,Broward County,FL,Miami Office
33307,Fort Lauderdale,Broward County,FL,Miami Office
33308,Fort Lauderdale,Broward County,FL,Miami Office
33309,Fort Lauderdale,Broward County,FL,Miami Office
33310,Fort Lauderdale,Broward County,FL,Miami Office
33311,Fort Lauderdale,Broward County,FL,Miami Office
33312,Fort Lauderdale,Broward County,FL,Miami Office
33313,Fort Lauderdale,Broward County,FL,Miami Office
33314,Fort Lauderdale,Broward County,FL,Miami Office
33315,Fort Lauderdale,Broward County,FL,Miami Office
33316,Fort Lauderdale,Broward County,FL,Miami Office
33317,Fort Lauderdale,Broward County,FL,Miami Office
33318,Fort Lauderdale,Broward County,FL,Miami Office
33319,Fort Lauderdale,Broward County,FL,Miami Office
33320,Fort Lauderdale,Broward County,FL,Miami Office
33321,Fort Lauderdale,Broward County,FL,Miami Office
33322,Fort Lauderdale,Broward County,FL,Miami Office
33323,Fort Lauderdale,Broward County,FL,Miami Office
33324,Fort Lauderdale,Broward County,FL,Miami Office
33325,Fort Lauderdale,Broward County,FL,Miami Office
33326,Fort Lauderdale,Broward County,FL,Miami Office
33327,Fort Lauderdale,Broward County,FL,Miami Office
33328,Fort Lauderdale,Broward County,FL,Miami Office
33329,Fort Lauderdale,Broward County,FL,Miami Office
33330,Fort Lauderdale,Broward County,FL,Miami Office
33331,Fort Lauderdale,Broward County,FL,Miami Office
33332,Fort Lauderdale,Broward County,FL,Miami Office
33334,Fort Lauderdale,Broward County,FL,Miami Office
33335,Fort Lauderdale,Broward County,FL,Miami Office
33336,Fort Lauderdale,Broward County,FL,Miami Office
33337,Fort Lauderdale,Broward County,FL,Miami Office
33338,Fort Lauderdale,Broward County,FL,Miami Office
33339,Fort Lauderdale,Broward County,FL,Miami Office
33340,Fort Lauderdale,Broward County,FL,Miami Office
33345,Fort Lauderdale,Broward County,FL,Miami Office
33346,Fort Lauderdale,Broward County,FL,Miami Office
33348,Fort Lauderdale,Broward County,FL,Miami Office
33349,Fort Lauderdale,Broward County,FL,Miami Office
33351,Fort Lauderdale,Broward County,FL,Miami Office
33355,Fort Lauderdale,Broward County,FL,Miami Office
33359,Fort Lauderdale,Broward County,FL,Miami Office
33394,Fort Lauderdale,Broward County,FL,Miami Office
32134,Fort Mc Coy,Marion County,FL,Orlando Office
33841,Fort Meade,Polk County,FL,Orlando Office
33900,Fort Myers,Lee County,FL,Miami Office
33901,Fort Myers,Lee County,FL,Miami Office
33902,Fort Myers,Lee County,FL,Miami Office
33905,Fort Myers,Lee County,FL,Miami Office
33906,Fort Myers,Lee County,FL,Miami Office
33907,Fort Myers,Lee County,FL,Miami Office
33908,Fort Myers,Lee County,FL,Miami Office
33911,Fort Myers,Lee County,FL,Miami Office
33912,Fort Myers,Lee County,FL,Miami Office
33913,Fort Myers,Lee County,FL,Miami Office
33916,Fort Myers,Lee County,FL,Miami Office
33919,Fort Myers,Lee County,FL,Miami Office
33965,Fort Myers,Lee County,FL,Miami Office
33966,Fort Myers,Lee County,FL,Miami Office
33967,Fort Myers,Lee County,FL,Miami Office
33994,Fort Myers,Lee County,FL,Miami Office
33931,Fort Myers Beach,Lee County,FL,Miami Office
33932,Fort Myers Beach,Lee County,FL,Miami Office
34267,Fort Ogden,Desoto County,FL,Tampa Office
34945,Fort Pierce,St. Lucie County,FL,Miami Office
34946,Fort Pierce,St. Lucie County,FL,Miami Office
34947,Fort Pierce,St. Lucie County,FL,Miami Office
34948,Fort Pierce,St. Lucie County,FL,Miami Office
34949,Fort Pierce,St. Lucie County,FL,Miami Office
34950,Fort Pierce,St. Lucie County,FL,Miami Office
34951,Fort Pierce,St. Lucie County,FL,Miami Office
34954,Fort Pierce,St. Lucie County,FL,Miami Office
34979,Fort Pierce,St. Lucie County,FL,Miami Office
34981,Fort Pierce,St. Lucie County,FL,Miami Office
34982,Fort Pierce,St. Lucie County,FL,Miami Office
32547,Fort Walton Beach,Okaloosa County,FL,Tampa Office
32548,Fort Walton Beach,Okaloosa County,FL,Tampa Office
32549,Fort Walton Beach,Okaloosa County,FL,Tampa Office
32038,Fort White,Columbia County,FL,Tampa Office
32438,Fountain,Bay County,FL,Tampa Office
32439,Freeport,Walton County,FL,Tampa Office
33843,Frostproof,Polk County,FL,Orlando Office
34731,Fruitland Park,Lake County,FL,Orlando Office
32601,Gainesville,Alachua County,FL,Tampa Office
32602,Gainesville,Alachua County,FL,Tampa Office
32603,Gainesville,Alachua County,FL,Tampa Office
32604,Gainesville,Alachua County,FL,Tampa Office
32605,Gainesville,Alachua County,FL,Tampa Office
32606,Gainesville,Alachua County,FL,Tampa Office
32607,Gainesville,Alachua County,FL,Tampa Office
32608,Gainesville,Alachua County,FL,Tampa Office
32609,Gainesville,Alachua County,FL,Tampa Office
32610,Gainesville,Alachua County,FL,Tampa Office
32611,Gainesville,Alachua County,FL,Tampa Office
32612,Gainesville,Alachua County,FL,Tampa Office
32613,Gainesville,Alachua County,FL,Tampa Office
32614,Gainesville,Alachua County,FL,Tampa Office
32627,Gainesville,Alachua County,FL,Tampa Office
32635,Gainesville,Alachua County,FL,Tampa Office
32641,Gainesville,Alachua County,FL,Tampa Office
32653,Gainesville,Alachua County,FL,Tampa Office
32732,Geneva,Seminole County,FL,Orlando Office
32139,Georgetown,Putnam County,FL,Orlando Office
33534,Gibsonton,Hillsborough County,FL,Tampa Office
32040,Glen Saint Mary,Baker County,FL,Tampa Office
32722,Glenwood,Volusia County,FL,Orlando Office
32733,Goldenrod,Orange County,FL,Orlando Office
32560,Gonzalez,Escambia County,FL,Tampa Office
34140,Goodland,Collier County,FL,Miami Office
34734,Gotha,Orange County,FL,Orlando Office
32440,Graceville,Jackson County,FL,Tampa Office
32042,Graham,Bradford County,FL,Tampa Office
32735,Grand Island,Lake County,FL,Orlando Office
32442,Grand Ridge,Jackson County,FL,Tampa Office
32138,Grandin,Putnam County,FL,Orlando Office
32949,Grant,Brevard County,FL,Orlando Office
32043,Green Cove Springs,Clay County,FL,Orlando Office
33454,Greenacres,Palm Beach County,FL,Miami Office
32330,Greensboro,Gadsden County,FL,Tampa Office
32331,Greenville,Madison County,FL,Tampa Office
32443,Greenwood,Jackson County,FL,Tampa Office
32332,Gretna,Gadsden County,FL,Tampa Office
34736,Groveland,Lake County,FL,Orlando Office
32561,Gulf Breeze,Santa Rosa County,FL,Tampa Office
32562,Gulf Breeze,Santa Rosa County,FL,Tampa Office
32563,Gulf Breeze,Santa Rosa County,FL,Tampa Office
32639,Gulf Hammock,Levy County,FL,Tampa Office
33844,Haines City,Polk County,FL,Orlando Office
33845,Haines City,Polk County,FL,Orlando Office
33008,Hallandale,Broward County,FL,Miami Office
33009,Hallandale,Broward County,FL,Miami Office
32044,Hampton,Bradford County,FL,Tampa Office
32145,Hastings,St. Johns County,FL,Orlando Office
32333,Havana,Gadsden County,FL,Tampa Office
32640,Hawthorne,Putnam County,FL,Orlando Office
34441,Hernando,,FL,Miami Office
34442,Hernando,Citrus County,FL,Tampa Office
33002,Hialeah,Miami-Dade County,FL,Miami Office
33010,Hialeah,Miami-Dade County,FL,Miami Office
33011,Hialeah,Miami-Dade County,FL,Miami Office
33012,Hialeah,Miami-Dade County,FL,Miami Office
33013,Hialeah,Miami-Dade County,FL,Miami Office
33014,Hialeah,Miami-Dade County,FL,Miami Office
33015,Hialeah,Miami-Dade County,FL,Miami Office
33016,Hialeah,Miami-Dade County,FL,Miami Office
33017,Hialeah,Miami-Dade County,FL,Miami Office
33018,Hialeah,Miami-Dade County,FL,Miami Office
32643,High Springs,Alachua County,FL,Tampa Office
32655,High Springs,Alachua County,FL,Tampa Office
33846,Highland City,Polk County,FL,Orlando Office
32046,Hilliard,Nassau County,FL,Orlando Office
33455,Hobe Sound,Martin County,FL,Miami Office
33475,Hobe Sound,Martin County,FL,Miami Office
34445,Holder,Citrus County,FL,Tampa Office
34690,Holiday,Pasco County,FL,Tampa Office
34691,Holiday,Pasco County,FL,Tampa Office
34692,Holiday,Pasco County,FL,Tampa Office
32147,Hollister,Putnam County,FL,Orlando Office
33019,Hollywood,Broward County,FL,Miami Office
33020,Hollywood,Broward County,FL,Miami Office
33021,Hollywood,Broward County,FL,Miami Office
33022,Hollywood,Broward County,FL,Miami Office
33023,Hollywood,Broward County,FL,Miami Office
33024,Hollywood,Broward County,FL,Miami Office
33025,Hollywood,Broward County,FL,Miami Office
33026,Hollywood,Broward County,FL,Miami Office
33027,Hollywood,Broward County,FL,Miami Office
33029,Hollywood,Broward County,FL,Miami Office
33081,Hollywood,Broward County,FL,Miami Office
33083,Hollywood,Broward County,FL,Miami Office
33084,Hollywood,Broward County,FL,Miami Office
34218,Holmes Beach,Manatee County,FL,Tampa Office
32564,Holt,Okaloosa County,FL,Tampa Office
33847,Homeland,Polk County,FL,Orlando Office
33030,Homestead,Miami-Dade County,FL,Miami Office
33031,Homestead,Miami-Dade County,FL,Miami Office
33032,Homestead,Miami-Dade County,FL,Miami Office
33033,Homestead,Miami-Dade County,FL,Miami Office
33034,Homestead,Miami-Dade County,FL,Miami Office
33035,Homestead,Miami-Dade County,FL,Miami Office
33039,Homestead,Miami-Dade County,FL,Miami Office
33090,Homestead,Miami-Dade County,FL,Miami Office
33092,Homestead,Miami-Dade County,FL,Miami Office
34446,Homosassa,Citrus County,FL,Tampa Office
34448,Homosassa,Citrus County,FL,Tampa Office
34487,Homosassa,Citrus County,FL,Tampa Office
34447,Homosassa Springs,Citrus County,FL,Tampa Office
32648,Horseshoe Beach,Dixie County,FL,Tampa Office
32334,Hosford,Liberty County,FL,Tampa Office
34737,Howey In The Hills,Lake County,FL,Orlando Office
34667,Hudson,Pasco County,FL,Tampa Office
34669,Hudson,Pasco County,FL,Tampa Office
34674,Hudson,Pasco County,FL,Tampa Office
32544,Hurlburt Field,Okaloosa County,FL,Tampa Office
34142,Immokalee,Collier County,FL,Miami Office
34143,Immokalee,Collier County,FL,Miami Office
32903,Indialantic,Brevard County,FL,Orlando Office
33855,Indian Lake Estates,Polk County,FL,Orlando Office
33785,Indian Rocks Beach,Pinellas County,FL,Tampa Office
34956,Indiantown,Martin County,FL,Miami Office
34449,Inglis,Levy County,FL,Tampa Office
32461,Inlet Beach,Walton County,FL,Tampa Office
33848,Intercession City,Osceola County,FL,Orlando Office
32148,Interlachen,Putnam County,FL,Orlando Office
32149,Interlachen,Putnam County,FL,Orlando Office
34450,Inverness,Citrus County,FL,Tampa Office
34451,Inverness,Citrus County,FL,Tampa Office
34452,Inverness,Citrus County,FL,Tampa Office
34453,Inverness,Citrus County,FL,Tampa Office
33036,Islamorada,Monroe County,FL,Miami Office
32654,Island Grove,Alachua County,FL,Tampa Office
34636,Istachatta,Hernando County,FL,Tampa Office
32099,Jacksonville,Duval County,FL,Orlando Office
32201,Jacksonville,Duval County,FL,Orlando Office
32202,Jacksonville,Duval County,FL,Orlando Office
32203,Jacksonville,Duval County,FL,Orlando Office
32204,Jacksonville,Duval County,FL,Orlando Office
32205,Jacksonville,Duval County,FL,Orlando Office
32206,Jacksonville,Duval County,FL,Orlando Office
32207,Jacksonville,Duval County,FL,Orlando Office
32208,Jacksonville,Duval County,FL,Orlando Office
32209,Jacksonville,Duval County,FL,Orlando Office
32210,Jacksonville,Duval County,FL,Orlando Office
32211,Jacksonville,Duval County,FL,Orlando Office
32212,Jacksonville,Duval County,FL,Orlando Office
32214,Jacksonville,Duval County,FL,Orlando Office
32215,Jacksonville,Duval County,FL,Orlando Office
32216,Jacksonville,Duval County,FL,Orlando Office
32217,Jacksonville,Duval County,FL,Orlando Office
32218,Jacksonville,Duval County,FL,Orlando Office
32219,Jacksonville,Duval County,FL,Orlando Office
32220,Jacksonville,Duval County,FL,Orlando Office
32221,Jacksonville,Duval County,FL,Orlando Office
32222,Jacksonville,Duval County,FL,Orlando Office
32223,Jacksonville,Duval County,FL,Orlando Office
32224,Jacksonville,Duval County,FL,Orlando Office
32225,Jacksonville,Duval County,FL,Orlando Office
32226,Jacksonville,Duval County,FL,Orlando Office
32227,Jacksonville,Duval County,FL,Orlando Office
32228,Jacksonville,Duval County,FL,Orlando Office
32229,Jacksonville,Duval County,FL,Orlando Office
32230,Jacksonville,Duval County,FL,Orlando Office
32231,Jacksonville,Duval County,FL,Orlando Office
32232,Jacksonville,Duval County,FL,Orlando Office
32234,Jacksonville,Duval County,FL,Orlando Office
32235,Jacksonville,Duval County,FL,Orlando Office
32236,Jacksonville,Duval County,FL,Orlando Office
32237,Jacksonville,Duval County,FL,Orlando Office
32238,Jacksonville,Duval County,FL,Orlando Office
32239,Jacksonville,Duval County,FL,Orlando Office
32241,Jacksonville,Duval County,FL,Orlando Office
32244,Jacksonville,Duval County,FL,Orlando Office
32245,Jacksonville,Duval County,FL,Orlando Office
32246,Jacksonville,Duval County,FL,Orlando Office
32247,Jacksonville,Duval County,FL,Orlando Office
32254,Jacksonville,Duval County,FL,Orlando Office
32255,Jacksonville,Duval County,FL,Orlando Office
32256,Jacksonville,Duval County,FL,Orlando Office
32257,Jacksonville,Duval County,FL,Orlando Office
32258,Jacksonville,Duval County,FL,Orlando Office
32260,Jacksonville,Duval County,FL,Orlando Office
32267,Jacksonville,Duval County,FL,Orlando Office
32277,Jacksonville,Duval County,FL,Orlando Office
32290,Jacksonville,Duval County,FL,Orlando Office
32240,Jacksonville Beach,Duval County,FL,Orlando Office
32250,Jacksonville Beach,Duval County,FL,Orlando Office
32052,Jasper,Hamilton County,FL,Tampa Office
32565,Jay,Santa Rosa County,FL,Tampa Office
32053,Jennings,Hamilton County,FL,Tampa Office
34957,Jensen Beach,Martin County,FL,Miami Office
34958,Jensen Beach,Martin County,FL,Miami Office
33458,Jupiter,Palm Beach County,FL,Miami Office
33468,Jupiter,Palm Beach County,FL,Miami Office
33469,Jupiter,Palm Beach County,FL,Miami Office
33477,Jupiter,Palm Beach County,FL,Miami Office
33478,Jupiter,Palm Beach County,FL,Miami Office
33849,Kathleen,Polk County,FL,Orlando Office
34739,Kenansville,Osceola County,FL,Orlando Office
33149,Key Biscayne,Miami-Dade County,FL,Miami Office
33051,Key Colony Beach,Monroe County,FL,Miami Office
33037,Key Largo,Monroe County,FL,Miami Office
33040,Key West,Monroe County,FL,Miami Office
33041,Key West,Monroe County,FL,Miami Office
33045,Key West,Monroe County,FL,Miami Office
32656,Keystone Heights,Clay County,FL,Orlando Office
34740,Killarney,Orange County,FL,Orlando Office
34741,Kissimmee,Osceola County,FL,Orlando Office
34742,Kissimmee,Osceola County,FL,Orlando Office
34743,Kissimmee,Osceola County,FL,Orlando Office
34744,Kissimmee,Osceola County,FL,Orlando Office
34745,Kissimmee,Osceola County,FL,Orlando Office
34746,Kissimmee,Osceola County,FL,Orlando Office
34747,Kissimmee,Osceola County,FL,Orlando Office
34758,Kissimmee,Osceola County,FL,Orlando Office
34759,Kissimmee,Polk County,FL,Orlando Office
32658,La Crosse,Alachua County,FL,Tampa Office
33935,Labelle,Hendry County,FL,Miami Office
33975,Labelle,Hendry County,FL,Miami Office
33537,Lacoochee,Pasco County,FL,Tampa Office
32158,Lady Lake,Lake County,FL,Orlando Office
32159,Lady Lake,Lake County,FL,Orlando Office
33850,Lake Alfred,Polk County,FL,Orlando Office
32054,Lake Butler,Union County,FL,Tampa Office
32024,Lake City,Columbia County,FL,Tampa Office
32025,Lake City,Columbia County,FL,Tampa Office
32055,Lake City,Columbia County,FL,Tampa Office
32056,Lake City,Columbia County,FL,Tampa Office
32157,Lake Como,Putnam County,FL,Orlando Office
32160,Lake Geneva,Clay County,FL,Orlando Office
33851,Lake Hamilton,Polk County,FL,Orlando Office
33459,Lake Harbor,Palm Beach County,FL,Miami Office
32744,Lake Helen,Volusia County,FL,Orlando Office
32746,Lake Mary,Seminole County,FL,Orlando Office
32795,Lake Mary,Seminole County,FL,Orlando Office
32747,Lake Monroe,Seminole County,FL,Orlando Office
33538,Lake Panasoffkee,Sumter County,FL,Tampa Office
33852,Lake Placid,Highlands County,FL,Miami Office
33862,Lake Placid,Highlands County,FL,Miami Office
33853,Lake Wales,Polk County,FL,Orlando Office
33859,Lake Wales,Polk County,FL,Orlando Office
33898,Lake Wales,Polk County,FL,Orlando Office
33449,Lake Worth,Palm Beach County,FL,Miami Office
33461,Lake Worth,Palm Beach County,FL,Miami Office
33462,Lake Worth,Palm Beach County,FL,Miami Office
33463,Lake Worth,Palm Beach County,FL,Miami Office
33465,Lake Worth,Palm Beach County,FL,Miami Office
33466,Lake Worth,Palm Beach County,FL,Miami Office
33467,Lake Worth,Palm Beach County,FL,Miami Office
33460,Lake Worth Beach,Palm Beach County,FL,Miami Office
33801,Lakeland,Polk County,FL,Orlando Office
33802,Lakeland,Polk County,FL,Orlando Office
33803,Lakeland,Polk County,FL,Orlando Office
33804,Lakeland,Polk County,FL,Orlando Office
33805,Lakeland,Polk County,FL,Orlando Office
33806,Lakeland,Polk County,FL,Orlando Office
33807,Lakeland,Polk County,FL,Orlando Office
33809,Lakeland,Polk County,FL,Orlando Office
33810,Lakeland,Polk County,FL,Orlando Office
33811,Lakeland,Polk County,FL,Orlando Office
33812,Lakeland,Polk County,FL,Orlando Office
33813,Lakeland,Polk County,FL,Orlando Office
33815,Lakeland,Polk County,FL,Orlando Office
33854,Lakeshore,Polk County,FL,Orlando Office
32336,Lamont,Jefferson County,FL,Tampa Office
32323,Lanark Village,Franklin County,FL,Tampa Office
34637,Land O Lakes,Pasco County,FL,Tampa Office
34638,Land O Lakes,Pasco County,FL,Tampa Office
34639,Land O Lakes,Pasco County,FL,Tampa Office
33770,Largo,Pinellas County,FL,Tampa Office
33771,Largo,Pinellas County,FL,Tampa Office
33773,Largo,Pinellas County,FL,Tampa Office
33774,Largo,Pinellas County,FL,Tampa Office
33778,Largo,Pinellas County,FL,Tampa Office
33779,Largo,Pinellas County,FL,Tampa Office
34272,Laurel,Sarasota County,FL,Tampa Office
32567,Laurel Hill,Okaloosa County,FL,Tampa Office
32058,Lawtey,Bradford County,FL,Tampa Office
34460,Lecanto,Citrus County,FL,Tampa Office
34461,Lecanto,Citrus County,FL,Tampa Office
32059,Lee,Madison County,FL,Tampa Office
34748,Leesburg,Lake County,FL,Orlando Office
34749,Leesburg,Lake County,FL,Orlando Office
34788,Leesburg,Lake County,FL,Orlando Office
34789,Leesburg,Lake County,FL,Orlando Office
33936,Lehigh Acres,Lee County,FL,Miami Office
33970,Lehigh Acres,Lee County,FL,Miami Office
33971,Lehigh Acres,Lee County,FL,Miami Office
33972,Lehigh Acres,Lee County,FL,Miami Office
33973,Lehigh Acres,Lee County,FL,Miami Office
33974,Lehigh Acres,Lee County,FL,Miami Office
33976,Lehigh Acres,Lee County,FL,Miami Office
33547,Lithia,Hillsborough County,FL,Tampa Office
32060,Live Oak,Suwannee County,FL,Tampa Office
32064,Live Oak,Suwannee County,FL,Tampa Office
32337,Lloyd,Jefferson County,FL,Tampa Office
32662,Lochloosa,Alachua County,FL,Tampa Office
33001,Long Key,Monroe County,FL,Miami Office
34228,Longboat Key,Sarasota County,FL,Tampa Office
32750,Longwood,Seminole County,FL,Orlando Office
32752,Longwood,Seminole County,FL,Orlando Office
32779,Longwood,Seminole County,FL,Orlando Office
32791,Longwood,Seminole County,FL,Orlando Office
33857,Lorida,Highlands County,FL,Miami Office
33858,Loughman,Polk County,FL,Orlando Office
32663,Lowell,Marion County,FL,Orlando Office
33470,Loxahatchee,Palm Beach County,FL,Miami Office
32061,Lulu,Columbia County,FL,Tampa Office
33548,Lutz,Hillsborough County,FL,Tampa Office
33549,Lutz,Hillsborough County,FL,Tampa Office
33558,Lutz,Hillsborough County,FL,Tampa Office
33559,Lutz,Hillsborough County,FL,Tampa Office
32444,Lynn Haven,Bay County,FL,Tampa Office
32063,Macclenny,Baker County,FL,Tampa Office
32340,Madison,Madison County,FL,Tampa Office
32341,Madison,Madison County,FL,Tampa Office
32751,Maitland,Orange County,FL,Orlando Office
32794,Maitland,Orange County,FL,Orlando Office
32950,Malabar,Brevard County,FL,Orlando Office
32445,Malone,Jackson County,FL,Tampa Office
33550,Mango,Hillsborough County,FL,Tampa Office
33050,Marathon,Monroe County,FL,Miami Office
33052,Marathon Shores,Monroe County,FL,Miami Office
34145,Marco Island,Collier County,FL,Miami Office
34146,Marco Island,Collier County,FL,Miami Office
33093,Margate,Broward County,FL,Miami Office
32446,Marianna,Jackson County,FL,Tampa Office
32447,Marianna,Jackson County,FL,Tampa Office
32448,Marianna,Jackson County,FL,Tampa Office
32569,Mary Esther,Okaloosa County,FL,Tampa Office
34753,Mascotte,Lake County,FL,Orlando Office
32066,Mayo,Lafayette County,FL,Tampa Office
32062,Mc Alpin,Suwannee County,FL,Tampa Office
32568,Mc David,Escambia County,FL,Tampa Office
32664,Mc Intosh,Marion County,FL,Orlando Office
32901,Melbourne,Brevard County,FL,Orlando Office
32902,Melbourne,Brevard County,FL,Orlando Office
32904,Melbourne,Brevard County,FL,Orlando Office
32912,Melbourne,Brevard County,FL,Orlando Office
32919,Melbourne,Brevard County,FL,Orlando Office
32934,Melbourne,Brevard County,FL,Orlando Office
32935,Melbourne,Brevard County,FL,Orlando Office
32936,Melbourne,Brevard County,FL,Orlando Office
32940,Melbourne,Brevard County,FL,Orlando Office
32941,Melbourne,Brevard County,FL,Orlando Office
32951,Melbourne Beach,Brevard County,FL,Orlando Office
32666,Melrose,Putnam County,FL,Orlando Office
32952,Merritt Island,Brevard County,FL,Orlando Office
32953,Merritt Island,Brevard County,FL,Orlando Office
32954,Merritt Island,Brevard County,FL,Orlando Office
32410,Mexico Beach,Bay County,FL,Tampa Office
33101,Miami,Miami-Dade County,FL,Miami Office
33102,Miami,Miami-Dade County,FL,Miami Office
33106,Miami,,FL,Miami Office
33107,Miami,Miami-Dade County,FL,Miami Office
33110,Miami,Miami-Dade County,FL,Miami Office
33111,Miami,Miami-Dade County,FL,Miami Office
33112,Miami,Miami-Dade County,FL,Miami Office
33116,Miami,Miami-Dade County,FL,Miami Office
33121,Miami,Miami-Dade County,FL,Miami Office
33122,Miami,Miami-Dade County,FL,Miami Office
33124,Miami,Miami-Dade County,FL,Miami Office
33125,Miami,Miami-Dade County,FL,Miami Office
33126,Miami,Miami-Dade County,FL,Miami Office
33127,Miami,Miami-Dade County,FL,Miami Office
33128,Miami,Miami-Dade County,FL,Miami Office
33129,Miami,Miami-Dade County,FL,Miami Office
33130,Miami,Miami-Dade County,FL,Miami Office
33131,Miami,Miami-Dade County,FL,Miami Office
33132,Miami,Miami-Dade County,FL,Miami Office
33133,Miami,Miami-Dade County,FL,Miami Office
33134,Miami,Miami-Dade County,FL,Miami Office
33135,Miami,Miami-Dade County,FL,Miami Office
33136,Miami,Miami-Dade County,FL,Miami Office
33137,Miami,Miami-Dade County,FL,Miami Office
33138,Miami,Miami-Dade County,FL,Miami Office
33142,Miami,Miami-Dade County,FL,Miami Office
33143,Miami,Miami-Dade County,FL,Miami Office
33144,Miami,Miami-Dade County,FL,Miami Office
33145,Miami,Miami-Dade County,FL,Miami Office
33146,Miami,Miami-Dade County,FL,Miami Office
33147,Miami,Miami-Dade County,FL,Miami Office
33148,Miami,Miami-Dade County,FL,Miami Office
33150,Miami,Miami-Dade County,FL,Miami Office
33151,Miami,Miami-Dade County,FL,Miami Office
33152,Miami,Miami-Dade County,FL,Miami Office
33153,Miami,Miami-Dade County,FL,Miami Office
33155,Miami,Miami-Dade County,FL,Miami Office
33156,Miami,Miami-Dade County,FL,Miami Office
33157,Miami,Miami-Dade County,FL,Miami Office
33158,Miami,Miami-Dade County,FL,Miami Office
33159,Miami,Miami-Dade County,FL,Miami Office
33161,Miami,Miami-Dade County,FL,Miami Office
33162,Miami,Miami-Dade County,FL,Miami Office
33163,Miami,Miami-Dade County,FL,Miami Office
33164,Miami,Miami-Dade County,FL,Miami Office
33165,Miami,Miami-Dade County,FL,Miami Office
33166,Miami,Miami-Dade County,FL,Miami Office
33167,Miami,Miami-Dade County,FL,Miami Office
33168,Miami,Miami-Dade County,FL,Miami Office
33169,Miami,Miami-Dade County,FL,Miami Office
33170,Miami,Miami-Dade County,FL,Miami Office
33172,Miami,Miami-Dade County,FL,Miami Office
33173,Miami,Miami-Dade County,FL,Miami Office
33174,Miami,Miami-Dade County,FL,Miami Office
33175,Miami,Miami-Dade County,FL,Miami Office
33176,Miami,Miami-Dade County,FL,Miami Office
33177,Miami,Miami-Dade County,FL,Miami Office
33178,Miami,Miami-Dade County,FL,Miami Office
33179,Miami,Miami-Dade County,FL,Miami Office
33180,Miami,Miami-Dade County,FL,Miami Office
33181,Miami,Miami-Dade County,FL,Miami Office
33182,Miami,Miami-Dade County,FL,Miami Office
33183,Miami,Miami-Dade County,FL,Miami Office
33184,Miami,Miami-Dade County,FL,Miami Office
33185,Miami,Miami-Dade County,FL,Miami Office
33186,Miami,Miami-Dade County,FL,Miami Office
33187,Miami,Miami-Dade County,FL,Miami Office
33188,Miami,Miami-Dade County,FL,Miami Office
33189,Miami,Miami-Dade County,FL,Miami Office
33190,Miami,Miami-Dade County,FL,Miami Office
33191,Miami,,FL,Miami Office
33192,Miami,,FL,Miami Office
33193,Miami,Miami-Dade County,FL,Miami Office
33194,Miami,Miami-Dade County,FL,Miami Office
33195,Miami,Miami-Dade County,FL,Miami Office
33196,Miami,Miami-Dade County,FL,Miami Office
33197,Miami,Miami-Dade County,FL,Miami Office
33198,Miami,,FL,Miami Office
33199,Miami,Miami-Dade County,FL,Miami Office
33206,Miami,,FL,Miami Office
33222,Miami,Miami-Dade County,FL,Miami Office
33231,Miami,Miami-Dade County,FL,Miami Office
33233,Miami,Miami-Dade County,FL,Miami Office
33234,Miami,Miami-Dade County,FL,Miami Office
33238,Miami,Miami-Dade County,FL,Miami Office
33242,Miami,Miami-Dade County,FL,Miami Office
33243,Miami,Miami-Dade County,FL,Miami Office
33245,Miami,Miami-Dade County,FL,Miami Office
33247,Miami,Miami-Dade County,FL,Miami Office
33255,Miami,Miami-Dade County,FL,Miami Office
33256,Miami,Miami-Dade County,FL,Miami Office
33257,Miami,Miami-Dade County,FL,Miami Office
33261,Miami,Miami-Dade County,FL,Miami Office
33265,Miami,Miami-Dade County,FL,Miami Office
33266,Miami,Miami-Dade County,FL,Miami Office
33269,Miami,Miami-Dade County,FL,Miami Office
33280,Miami,Miami-Dade County,FL,Miami Office
33283,Miami,Miami-Dade County,FL,Miami Office
33296,Miami,Miami-Dade County,FL,Miami Office
33299,Miami,Miami-Dade County,FL,Miami Office
33109,Miami Beach,Miami-Dade County,FL,Miami Office
33119,Miami Beach,Miami-Dade County,FL,Miami Office
33139,Miami Beach,Miami-Dade County,FL,Miami Office
33140,Miami Beach,Miami-Dade County,FL,Miami Office
33141,Miami Beach,Miami-Dade County,FL,Miami Office
33154,Miami Beach,Miami-Dade County,FL,Miami Office
33239,Miami Beach,Miami-Dade County,FL,Miami Office
33056,Miami Gardens,Miami-Dade County,FL,Miami Office
32667,Micanopy,Alachua County,FL,Tampa Office
32745,Mid Florida,Seminole County,FL,Orlando Office
32799,Mid Florida,Seminole County,FL,Orlando Office
32050,Middleburg,Clay County,FL,Orlando Office
32068,Middleburg,Clay County,FL,Orlando Office
32343,Midway,Gadsden County,FL,Tampa Office
32537,Milligan,Okaloosa County,FL,Tampa Office
32570,Milton,Santa Rosa County,FL,Tampa Office
32571,Milton,Santa Rosa County,FL,Tampa Office
32572,Milton,Santa Rosa County,FL,Tampa Office
32583,Milton,Santa Rosa County,FL,Tampa Office
32754,Mims,Brevard County,FL,Orlando Office
34755,Minneola,Lake County,FL,Orlando Office
32550,Miramar Beach,Walton County,FL,Tampa Office
32577,Molino,Escambia County,FL,Tampa Office
32344,Monticello,Jefferson County,FL,Tampa Office
32345,Monticello,Jefferson County,FL,Tampa Office
34756,Montverde,Lake County,FL,Orlando Office
33471,Moore Haven,Glades County,FL,Miami Office
32668,Morriston,Levy County,FL,Tampa Office
32434,Mossy Head,Walton County,FL,Tampa Office
32756,Mount Dora,Lake County,FL,Orlando Office
32757,Mount Dora,Lake County,FL,Orlando Office
33860,Mulberry,Polk County,FL,Orlando Office
33938,Murdock,Charlotte County,FL,Miami Office
34251,Myakka City,Manatee County,FL,Tampa Office
33856,Nalcrest,Polk County,FL,Orlando Office
34101,Naples,Collier County,FL,Miami Office
34102,Naples,Collier County,FL,Miami Office
34103,Naples,Collier County,FL,Miami Office
34104,Naples,Collier County,FL,Miami Office
34105,Naples,Collier County,FL,Miami Office
34106,Naples,Collier County,FL,Miami Office
34107,Naples,Collier County,FL,Miami Office
34108,Naples,Collier County,FL,Miami Office
34109,Naples,Collier County,FL,Miami Office
34110,Naples,Collier County,FL,Miami Office
34112,Naples,Collier County,FL,Miami Office
34113,Naples,Collier County,FL,Miami Office
34114,Naples,Collier County,FL,Miami Office
34116,Naples,Collier County,FL,Miami Office
34117,Naples,Collier County,FL,Miami Office
34119,Naples,Collier County,FL,Miami Office
34120,Naples,Collier County,FL,Miami Office
32566,Navarre,Santa Rosa County,FL,Tampa Office
32266,Neptune Beach,Duval County,FL,Orlando Office
34652,New Port Richey,Pasco County,FL,Tampa Office
34653,New Port Richey,Pasco County,FL,Tampa Office
34654,New Port Richey,Pasco County,FL,Tampa Office
34655,New Port Richey,Pasco County,FL,Tampa Office
34656,New Port Richey,Pasco County,FL,Tampa Office
32168,New Smyrna Beach,Volusia County,FL,Orlando Office
32169,New Smyrna Beach,Volusia County,FL,Orlando Office
32170,New Smyrna Beach,Volusia County,FL,Orlando Office
32669,Newberry,Alachua County,FL,Tampa Office
32578,Niceville,Okaloosa County,FL,Tampa Office
32588,Niceville,Okaloosa County,FL,Tampa Office
33863,Nichols,Polk County,FL,Orlando Office
34661,Nobleton,Hernando County,FL,Tampa Office
34268,Nocatee,DeSoto County,FL,Tampa Office
34274,Nokomis,Sarasota County,FL,Tampa Office
34275,Nokomis,Sarasota County,FL,Tampa Office
32452,Noma,Holmes County,FL,Tampa Office
33903,North Fort Myers,Lee County,FL,Miami Office
33917,North Fort Myers,Lee County,FL,Miami Office
33918,North Fort Myers,Lee County,FL,Miami Office
33160,North Miami Beach,Miami-Dade County,FL,Miami Office
33408,North Palm Beach,Palm Beach County,FL,Miami Office
34286,North Port,Sarasota County,FL,Tampa Office
34287,North Port,Sarasota County,FL,Tampa Office
34288,North Port,Sarasota County,FL,Tampa Office
34289,North Port,Sarasota County,FL,Tampa Office
34290,North Port,Sarasota County,FL,Tampa Office
34291,North Port,Sarasota County,FL,Tampa Office
32071,O Brien,Suwannee County,FL,Tampa Office
32759,Oak Hill,Volusia County,FL,Orlando Office
34760,Oakland,Orange County,FL,Orlando Office
34470,Ocala,Marion County,FL,Orlando Office
34471,Ocala,Marion County,FL,Orlando Office
34472,Ocala,Marion County,FL,Orlando Office
34473,Ocala,Marion County,FL,Orlando Office
34474,Ocala,Marion County,FL,Orlando Office
34475,Ocala,Marion County,FL,Orlando Office
34476,Ocala,Marion County,FL,Orlando Office
34477,Ocala,Marion County,FL,Orlando Office
34478,Ocala,Marion County,FL,Orlando Office
34479,Ocala,Marion County,FL,Orlando Office
34480,Ocala,Marion County,FL,Orlando Office
34481,Ocala,Marion County,FL,Orlando Office
34482,Ocala,Marion County,FL,Orlando Office
34483,Ocala,Marion County,FL,Orlando Office
34141,Ochopee,Collier County,FL,Miami Office
32179,Ocklawaha,Marion County,FL,Orlando Office
32183,Ocklawaha,Marion County,FL,Orlando Office
34761,Ocoee,Orange County,FL,Orlando Office
33556,Odessa,Hillsborough County,FL,Tampa Office
34762,Okahumpka,Lake County,FL,Orlando Office
34972,Okeechobee,Okeechobee County,FL,Miami Office
34973,Okeechobee,Okeechobee County,FL,Miami Office
34974,Okeechobee,Okeechobee County,FL,Miami Office
32680,Old Town,Dixie County,FL,Tampa Office
34677,Oldsmar,Pinellas County,FL,Tampa Office
32072,Olustee,Baker County,FL,Tampa Office
33865,Ona,Hardee County,FL,Tampa Office
34264,Oneco,Manatee County,FL,Tampa Office
33054,Opa Locka,Miami-Dade County,FL,Miami Office
33055,Opa Locka,Miami-Dade County,FL,Miami Office
32763,Orange City,Volusia County,FL,Orlando Office
32774,Orange City,Volusia County,FL,Orlando Office
32681,Orange Lake,Marion County,FL,Orlando Office
32065,Orange Park,Clay County,FL,Orlando Office
32067,Orange Park,Clay County,FL,Orlando Office
32073,Orange Park,Clay County,FL,Orlando Office
32182,Orange Springs,Marion County,FL,Orlando Office
32801,Orlando,Orange County,FL,Orlando Office
32802,Orlando,Orange County,FL,Orlando Office
32803,Orlando,Orange County,FL,Orlando Office
32804,Orlando,Orange County,FL,Orlando Office
32805,Orlando,Orange County,FL,Orlando Office
32806,Orlando,Orange County,FL,Orlando Office
32807,Orlando,Orange County,FL,Orlando Office
32808,Orlando,Orange County,FL,Orlando Office
32809,Orlando,Orange County,FL,Orlando Office
32810,Orlando,Orange County,FL,Orlando Office
32811,Orlando,Orange County,FL,Orlando Office
32812,Orlando,Orange County,FL,Orlando Office
32814,Orlando,Orange County,FL,Orlando Office
32815,Orlando,Brevard County,FL,Orlando Office
32816,Orlando,Orange County,FL,Orlando Office
32817,Orlando,Orange County,FL,Orlando Office
32818,Orlando,Orange County,FL,Orlando Office
32819,Orlando,Orange County,FL,Orlando Office
32820,Orlando,Orange County,FL,Orlando Office
32821,Orlando,Orange County,FL,Orlando Office
32822,Orlando,Orange County,FL,Orlando Office
32824,Orlando,Orange County,FL,Orlando Office
32825,Orlando,Orange County,FL,Orlando Office
32826,Orlando,Orange County,FL,Orlando Office
32827,Orlando,Orange County,FL,Orlando Office
32828,Orlando,Orange County,FL,Orlando Office
32829,Orlando,Orange County,FL,Orlando Office
32830,Orlando,Orange County,FL,Orlando Office
32831,Orlando,Orange County,FL,Orlando Office
32832,Orlando,Orange County,FL,Orlando Office
32833,Orlando,Orange County,FL,Orlando Office
32834,Orlando,Orange County,FL,Orlando Office
32835,Orlando,Orange County,FL,Orlando Office
32836,Orlando,Orange County,FL,Orlando Office
32837,Orlando,Orange County,FL,Orlando Office
32839,Orlando,Orange County,FL,Orlando Office
32853,Orlando,Orange County,FL,Orlando Office
32854,Orlando,Orange County,FL,Orlando Office
32855,Orlando,Orange County,FL,Orlando Office
32856,Orlando,Orange County,FL,Orlando Office
32857,Orlando,Orange County,FL,Orlando Office
32858,Orlando,Orange County,FL,Orlando Office
32859,Orlando,Orange County,FL,Orlando Office
32860,Orlando,Orange County,FL,Orlando Office
32861,Orlando,Orange County,FL,Orlando Office
32862,Orlando,Orange County,FL,Orlando Office
32867,Orlando,Orange County,FL,Orlando Office
32868,Orlando,Orange County,FL,Orlando Office
32869,Orlando,Orange County,FL,Orlando Office
32872,Orlando,Orange County,FL,Orlando Office
32877,Orlando,Orange County,FL,Orlando Office
32878,Orlando,Orange County,FL,Orlando Office
32885,Orlando,Orange County,FL,Orlando Office
32886,Orlando,Orange County,FL,Orlando Office
32887,Orlando,Orange County,FL,Orlando Office
32890,Orlando,Orange County,FL,Orlando Office
32891,Orlando,Orange County,FL,Orlando Office
32893,Orlando,Orange County,FL,Orlando Office
32896,Orlando,Orange County,FL,Orlando Office
32897,Orlando,Orange County,FL,Orlando Office
32898,Orlando,Orange County,FL,Orlando Office
32899,Orlando,Brevard County,FL,Orlando Office
32173,Ormond Beach,Volusia County,FL,Orlando Office
32174,Ormond Beach,Volusia County,FL,Orlando Office
32175,Ormond Beach,Volusia County,FL,Orlando Office
32176,Ormond Beach,Volusia County,FL,Orlando Office
34229,Osprey,Sarasota County,FL,Tampa Office
32764,Osteen,Volusia County,FL,Orlando Office
32683,Otter Creek,Levy County,FL,Tampa Office
32762,Oviedo,Seminole County,FL,Orlando Office
32765,Oviedo,Seminole County,FL,Orlando Office
32766,Oviedo,Seminole County,FL,Orlando Office
34484,Oxford,Sumter County,FL,Tampa Office
34660,Ozona,Pinellas County,FL,Tampa Office
33476,Pahokee,Palm Beach County,FL,Miami Office
32767,Paisley,Lake County,FL,Orlando Office
32177,Palatka,Putnam County,FL,Orlando Office
32178,Palatka,Putnam County,FL,Orlando Office
32905,Palm Bay,Brevard County,FL,Orlando Office
32906,Palm Bay,Brevard County,FL,Orlando Office
32907,Palm Bay,Brevard County,FL,Orlando Office
32908,Palm Bay,Brevard County,FL,Orlando Office
32909,Palm Bay,Brevard County,FL,Orlando Office
32910,Palm Bay,Brevard County,FL,Orlando Office
32911,Palm Bay,Brevard County,FL,Orlando Office
33480,Palm Beach,Palm Beach County,FL,Miami Office
33410,Palm Beach Gardens,Palm Beach County,FL,Miami Office
33418,Palm Beach Gardens,Palm Beach County,FL,Miami Office
34990,Palm City,Martin County,FL,Miami Office
34991,Palm City,Martin County,FL,Miami Office
32135,Palm Coast,Flagler County,FL,Orlando Office
32137,Palm Coast,Flagler County,FL,Orlando Office
32142,Palm Coast,Flagler County,FL,Orlando Office
32143,Palm Coast,Flagler County,FL,Orlando Office
32164,Palm Coast,Flagler County,FL,Orlando Office
34682,Palm Harbor,Pinellas County,FL,Tampa Office
34683,Palm Harbor,Pinellas County,FL,Tampa Office
34684,Palm Harbor,Pinellas County,FL,Tampa Office
34685,Palm Harbor,Pinellas County,FL,Tampa Office
33944,Palmdale,Glades County,FL,Miami Office
34220,Palmetto,Manatee County,FL,Tampa Office
34221,Palmetto,Manatee County,FL,Tampa Office
32346,Panacea,Wakulla County,FL,Tampa Office
32401,Panama City,Bay County,FL,Tampa Office
32402,Panama City,Bay County,FL,Tampa Office
32403,Panama City,Bay County,FL,Tampa Office
32404,Panama City,Bay County,FL,Tampa Office
32405,Panama City,Bay County,FL,Tampa Office
32406,Panama City,Bay County,FL,Tampa Office
32408,Panama City,Bay County,FL,Tampa Office
32409,Panama City,Bay County,FL,Tampa Office
32411,Panama City,Bay County,FL,Tampa Office
32412,Panama City,Bay County,FL,Tampa Office
32417,Panama City,Bay County,FL,Tampa Office
32407,Panama City Beach,Bay County,FL,Tampa Office
32413,Panama City Beach,Bay County,FL,Tampa Office
34219,Parrish,Manatee County,FL,Tampa Office
32925,Patrick AFB,Brevard County,FL,Orlando Office
32538,Paxton,Walton County,FL,Tampa Office
33028,Pembroke Pines,Broward County,FL,Miami Office
33082,Pembroke Pines,Broward County,FL,Miami Office
32079,Penney Farms,Clay County,FL,Orlando Office
32501,Pensacola,Escambia County,FL,Tampa Office
32502,Pensacola,Escambia County,FL,Tampa Office
32503,Pensacola,Escambia County,FL,Tampa Office
32504,Pensacola,Escambia County,FL,Tampa Office
32505,Pensacola,Escambia County,FL,Tampa Office
32506,Pensacola,Escambia County,FL,Tampa Office
32507,Pensacola,Escambia County,FL,Tampa Office
32508,Pensacola,Escambia County,FL,Tampa Office
32509,Pensacola,Escambia County,FL,Tampa Office
32511,Pensacola,Escambia County,FL,Tampa Office
32512,Pensacola,Escambia County,FL,Tampa Office
32513,Pensacola,Escambia County,FL,Tampa Office
32514,Pensacola,Escambia County,FL,Tampa Office
32516,Pensacola,Escambia County,FL,Tampa Office
32520,Pensacola,Escambia County,FL,Tampa Office
32521,Pensacola,Escambia County,FL,Tampa Office
32522,Pensacola,Escambia County,FL,Tampa Office
32523,Pensacola,Escambia County,FL,Tampa Office
32524,Pensacola,Escambia County,FL,Tampa Office
32526,Pensacola,Escambia County,FL,Tampa Office
32534,Pensacola,Escambia County,FL,Tampa Office
32559,Pensacola,Escambia County,FL,Tampa Office
32590,Pensacola,Escambia County,FL,Tampa Office
32591,Pensacola,Escambia County,FL,Tampa Office
32592,Pensacola,Escambia County,FL,Tampa Office
32347,Perry,Taylor County,FL,Tampa Office
32348,Perry,Taylor County,FL,Tampa Office
32180,Pierson,Volusia County,FL,Orlando Office
33945,Pineland,Lee County,FL,Miami Office
33780,Pinellas Park,Pinellas County,FL,Tampa Office
33781,Pinellas Park,Pinellas County,FL,Tampa Office
33782,Pinellas Park,Pinellas County,FL,Tampa Office
32350,Pinetta,Madison County,FL,Tampa Office
33946,Placida,Charlotte County,FL,Miami Office
33563,Plant City,Hillsborough County,FL,Tampa Office
33564,Plant City,Hillsborough County,FL,Tampa Office
33565,Plant City,Hillsborough County,FL,Tampa Office
33566,Plant City,Hillsborough County,FL,Tampa Office
33567,Plant City,Hillsborough County,FL,Tampa Office
33388,Plantation,Broward County,FL,Miami Office
32768,Plymouth,Orange County,FL,Orlando Office
32454,Point Washington,Walton County,FL,Tampa Office
33868,Polk City,Polk County,FL,Orlando Office
32181,Pomona Park,Putnam County,FL,Orlando Office
33060,Pompano Beach,Broward County,FL,Miami Office
33061,Pompano Beach,Broward County,FL,Miami Office
33062,Pompano Beach,Broward County,FL,Miami Office
33063,Pompano Beach,Broward County,FL,Miami Office
33064,Pompano Beach,Broward County,FL,Miami Office
33066,Pompano Beach,Broward County,FL,Miami Office
33067,Pompano Beach,Broward County,FL,Miami Office
33068,Pompano Beach,Broward County,FL,Miami Office
33069,Pompano Beach,Broward County,FL,Miami Office
33072,Pompano Beach,Broward County,FL,Miami Office
33073,Pompano Beach,Broward County,FL,Miami Office
33074,Pompano Beach,Broward County,FL,Miami Office
33076,Pompano Beach,Broward County,FL,Miami Office
33077,Pompano Beach,Broward County,FL,Miami Office
32455,Ponce De Leon,Walton County,FL,Tampa Office
32081,Ponte Vedra,St. Johns County,FL,Orlando Office
32004,Ponte Vedra Beach,St. Johns County,FL,Orlando Office
32082,Ponte Vedra Beach,St. Johns County,FL,Orlando Office
33948,Port Charlotte,Charlotte County,FL,Miami Office
33949,Port Charlotte,Charlotte County,FL,Miami Office
33952,Port Charlotte,Charlotte County,FL,Miami Office
33953,Port Charlotte,Charlotte County,FL,Miami Office
33954,Port Charlotte,Charlotte County,FL,Miami Office
33981,Port Charlotte,Charlotte County,FL,Miami Office
32123,Port Orange,Volusia County,FL,Orlando Office
32127,Port Orange,Volusia County,FL,Orlando Office
32128,Port Orange,Volusia County,FL,Orlando Office
32129,Port Orange,Volusia County,FL,Orlando Office
34668,Port Richey,Pasco County,FL,Tampa Office
34673,Port Richey,Pasco County,FL,Tampa Office
32456,Port Saint Joe,Gulf County,FL,Tampa Office
32457,Port Saint Joe,Gulf County,FL,Tampa Office
34952,Port Saint Lucie,St. Lucie County,FL,Miami Office
34953,Port Saint Lucie,St. Lucie County,FL,Miami Office
34983,Port Saint Lucie,St. Lucie County,FL,Miami Office
34984,Port Saint Lucie,St. Lucie County,FL,Miami Office
34985,Port Saint Lucie,St. Lucie County,FL,Miami Office
34986,Port Saint Lucie,St. Lucie County,FL,Miami Office
34987,Port Saint Lucie,St. Lucie County,FL,Miami Office
34988,Port Saint Lucie,St. Lucie County,FL,Miami Office
34992,Port Salerno,Martin County,FL,Miami Office
33950,Punta Gorda,Charlotte County,FL,Miami Office
33951,Punta Gorda,Charlotte County,FL,Miami Office
33955,Punta Gorda,Charlotte County,FL,Miami Office
33980,Punta Gorda,Charlotte County,FL,Miami Office
33982,Punta Gorda,Charlotte County,FL,Miami Office
33983,Punta Gorda,Charlotte County,FL,Miami Office
32185,Putnam Hall,Putnam County,FL,Orlando Office
32351,Quincy,Gadsden County,FL,Tampa Office
32352,Quincy,Gadsden County,FL,Tampa Office
32353,Quincy,Gadsden County,FL,Tampa Office
32026,Raiford,Bradford County,FL,Tampa Office
32083,Raiford,Union County,FL,Tampa Office
32686,Reddick,Marion County,FL,Orlando Office
33867,River Ranch,Polk County,FL,Orlando Office
33568,Riverview,Hillsborough County,FL,Tampa Office
33569,Riverview,Hillsborough County,FL,Tampa Office
33578,Riverview,Hillsborough County,FL,Tampa Office
33579,Riverview,Hillsborough County,FL,Tampa Office
32955,Rockledge,Brevard County,FL,Orlando Office
32956,Rockledge,Brevard County,FL,Orlando Office
32957,Roseland,Indian River County,FL,Orlando Office
33947,Rotonda West,Charlotte County,FL,Miami Office
33421,Royal Palm Beach,Palm Beach County,FL,Miami Office
33570,Ruskin,Hillsborough County,FL,Tampa Office
33575,Ruskin,Hillsborough County,FL,Tampa Office
34695,Safety Harbor,Pinellas County,FL,Tampa Office
32080,Saint Augustine,St. Johns County,FL,Orlando Office
32084,Saint Augustine,St. Johns County,FL,Orlando Office
32085,Saint Augustine,St. Johns County,FL,Orlando Office
32086,Saint Augustine,St. Johns County,FL,Orlando Office
32092,Saint Augustine,St. Johns County,FL,Orlando Office
32095,Saint Augustine,St. Johns County,FL,Orlando Office
34769,Saint Cloud,Osceola County,FL,Orlando Office
34770,Saint Cloud,Osceola County,FL,Orlando Office
34771,Saint Cloud,Osceola County,FL,Orlando Office
34772,Saint Cloud,Osceola County,FL,Orlando Office
34773,Saint Cloud,Osceola County,FL,Orlando Office
33956,Saint James City,Lee County,FL,Miami Office
32259,Saint Johns,St. Johns County,FL,Orlando Office
33574,Saint Leo,Pasco County,FL,Tampa Office
32355,Saint Marks,Wakulla County,FL,Tampa Office
33701,Saint Petersburg,Pinellas County,FL,Tampa Office
33702,Saint Petersburg,Pinellas County,FL,Tampa Office
33703,Saint Petersburg,Pinellas County,FL,Tampa Office
33704,Saint Petersburg,Pinellas County,FL,Tampa Office
33705,Saint Petersburg,Pinellas County,FL,Tampa Office
33706,Saint Petersburg,Pinellas County,FL,Tampa Office
33707,Saint Petersburg,Pinellas County,FL,Tampa Office
33708,Saint Petersburg,Pinellas County,FL,Tampa Office
33709,Saint Petersburg,Pinellas County,FL,Tampa Office
33710,Saint Petersburg,Pinellas County,FL,Tampa Office
33711,Saint Petersburg,Pinellas County,FL,Tampa Office
33712,Saint Petersburg,Pinellas County,FL,Tampa Office
33713,Saint Petersburg,Pinellas County,FL,Tampa Office
33714,Saint Petersburg,Pinellas County,FL,Tampa Office
33715,Saint Petersburg,Pinellas County,FL,Tampa Office
33716,Saint Petersburg,Pinellas County,FL,Tampa Office
33729,Saint Petersburg,Pinellas County,FL,Tampa Office
33730,Saint Petersburg,Pinellas County,FL,Tampa Office
33731,Saint Petersburg,Pinellas County,FL,Tampa Office
33732,Saint Petersburg,Pinellas County,FL,Tampa Office
33733,Saint Petersburg,Pinellas County,FL,Tampa Office
33734,Saint Petersburg,Pinellas County,FL,Tampa Office
33736,Saint Petersburg,Pinellas County,FL,Tampa Office
33737,Saint Petersburg,Pinellas County,FL,Tampa Office
33738,Saint Petersburg,Pinellas County,FL,Tampa Office
33740,Saint Petersburg,Pinellas County,FL,Tampa Office
33741,Saint Petersburg,Pinellas County,FL,Tampa Office
33742,Saint Petersburg,Pinellas County,FL,Tampa Office
33743,Saint Petersburg,Pinellas County,FL,Tampa Office
33747,Saint Petersburg,Pinellas County,FL,Tampa Office
33784,Saint Petersburg,Pinellas County,FL,Tampa Office
32356,Salem,Taylor County,FL,Tampa Office
33576,San Antonio,Pasco County,FL,Tampa Office
32187,San Mateo,Putnam County,FL,Orlando Office
32087,Sanderson,Baker County,FL,Tampa Office
32771,Sanford,Seminole County,FL,Orlando Office
32772,Sanford,Seminole County,FL,Orlando Office
32773,Sanford,Seminole County,FL,Orlando Office
33957,Sanibel,Lee County,FL,Miami Office
32459,Santa Rosa Beach,Walton County,FL,Tampa Office
34230,Sarasota,Sarasota County,FL,Tampa Office
34231,Sarasota,Sarasota County,FL,Tampa Office
34232,Sarasota,Sarasota County,FL,Tampa Office
34233,Sarasota,Sarasota County,FL,Tampa Office
34234,Sarasota,Sarasota County,FL,Tampa Office
34235,Sarasota,Sarasota County,FL,Tampa Office
34236,Sarasota,Sarasota County,FL,Tampa Office
34237,Sarasota,Sarasota County,FL,Tampa Office
34238,Sarasota,Sarasota County,FL,Tampa Office
34239,Sarasota,Sarasota County,FL,Tampa Office
34240,Sarasota,Sarasota County,FL,Tampa Office
34241,Sarasota,Sarasota County,FL,Tampa Office
34242,Sarasota,Sarasota County,FL,Tampa Office
34243,Sarasota,Manatee County,FL,Tampa Office
34249,Sarasota,Sarasota County,FL,Tampa Office
34260,Sarasota,Sarasota County,FL,Tampa Office
34276,Sarasota,Sarasota County,FL,Tampa Office
34277,Sarasota,Sarasota County,FL,Tampa Office
34278,Sarasota,Sarasota County,FL,Tampa Office
32937,Satellite Beach,Brevard County,FL,Orlando Office
32189,Satsuma,Putnam County,FL,Orlando Office
32775,Scottsmoor,Brevard County,FL,Orlando Office
32958,Sebastian,Indian River County,FL,Orlando Office
32976,Sebastian,Brevard County,FL,Orlando Office
32978,Sebastian,Indian River County,FL,Orlando Office
33870,Sebring,Highlands County,FL,Miami Office
33871,Sebring,Highlands County,FL,Miami Office
33872,Sebring,Highlands County,FL,Miami Office
33875,Sebring,Highlands County,FL,Miami Office
33876,Sebring,Highlands County,FL,Miami Office
33583,Seffner,Hillsborough County,FL,Tampa Office
33584,Seffner,Hillsborough County,FL,Tampa Office
33772,Seminole,Pinellas County,FL,Tampa Office
33775,Seminole,Pinellas County,FL,Tampa Office
33776,Seminole,Pinellas County,FL,Tampa Office
33777,Seminole,Pinellas County,FL,Tampa Office
32190,Seville,Volusia County,FL,Orlando Office
32357,Shady Grove,Taylor County,FL,Tampa Office
32579,Shalimar,Okaloosa County,FL,Tampa Office
32959,Sharpes,Brevard County,FL,Orlando Office
34488,Silver Springs,Marion County,FL,Orlando Office
34489,Silver Springs,Marion County,FL,Orlando Office
32460,Sneads,Jackson County,FL,Tampa Office
32358,Sopchoppy,Wakulla County,FL,Tampa Office
32776,Sorrento,Lake County,FL,Orlando Office
33493,South Bay,Palm Beach County,FL,Miami Office
32192,Sparr,Marion County,FL,Orlando Office
34606,Spring Hill,Hernando County,FL,Tampa Office
34607,Spring Hill,Hernando County,FL,Tampa Office
34608,Spring Hill,Hernando County,FL,Tampa Office
34609,Spring Hill,Hernando County,FL,Tampa Office
34610,Spring Hill,Pasco County,FL,Tampa Office
34611,Spring Hill,Hernando County,FL,Tampa Office
32091,Starke,Bradford County,FL,Tampa Office
32359,Steinhatchee,Taylor County,FL,Tampa Office
34994,Stuart,Martin County,FL,Miami Office
34995,Stuart,Martin County,FL,Miami Office
34996,Stuart,Martin County,FL,Miami Office
34997,Stuart,Martin County,FL,Miami Office
32335,Sumatra,Liberty County,FL,Tampa Office
34491,Summerfield,Marion County,FL,Orlando Office
34492,Summerfield,Marion County,FL,Orlando Office
33042,Summerland Key,Monroe County,FL,Miami Office
33585,Sumterville,Sumter County,FL,Tampa Office
33586,Sun City,Hillsborough County,FL,Tampa Office
33571,Sun City Center,Hillsborough County,FL,Tampa Office
33573,Sun City Center,Hillsborough County,FL,Tampa Office
32692,Suwannee,Dixie County,FL,Tampa Office
33587,Sydney,Hillsborough County,FL,Tampa Office
32301,Tallahassee,Leon County,FL,Tampa Office
32302,Tallahassee,Leon County,FL,Tampa Office
32303,Tallahassee,Leon County,FL,Tampa Office
32304,Tallahassee,Leon County,FL,Tampa Office
32305,Tallahassee,Leon County,FL,Tampa Office
32306,Tallahassee,Leon County,FL,Tampa Office
32307,Tallahassee,Leon County,FL,Tampa Office
32308,Tallahassee,Leon County,FL,Tampa Office
32309,Tallahassee,Leon County,FL,Tampa Office
32310,Tallahassee,Leon County,FL,Tampa Office
32311,Tallahassee,Leon County,FL,Tampa Office
32312,Tallahassee,Leon County,FL,Tampa Office
32313,Tallahassee,Leon County,FL,Tampa Office
32314,Tallahassee,Leon County,FL,Tampa Office
32315,Tallahassee,Leon County,FL,Tampa Office
32316,Tallahassee,Leon County,FL,Tampa Office
32317,Tallahassee,Leon County,FL,Tampa Office
32318,Tallahassee,Leon County,FL,Tampa Office
32395,Tallahassee,Leon County,FL,Tampa Office
32399,Tallahassee,Leon County,FL,Tampa Office
34270,Tallevast,Manatee County,FL,Tampa Office
33601,Tampa,Hillsborough County,FL,Tampa Office
33602,Tampa,Hillsborough County,FL,Tampa Office
33603,Tampa,Hillsborough County,FL,Tampa Office
33604,Tampa,Hillsborough County,FL,Tampa Office
33605,Tampa,Hillsborough County,FL,Tampa Office
33606,Tampa,Hillsborough County,FL,Tampa Office
33607,Tampa,Hillsborough County,FL,Tampa Office
33608,Tampa,Hillsborough County,FL,Tampa Office
33609,Tampa,Hillsborough County,FL,Tampa Office
33610,Tampa,Hillsborough County,FL,Tampa Office
33611,Tampa,Hillsborough County,FL,Tampa Office
33612,Tampa,Hillsborough County,FL,Tampa Office
33613,Tampa,Hillsborough County,FL,Tampa Office
33614,Tampa,Hillsborough County,FL,Tampa Office
33615,Tampa,Hillsborough County,FL,Tampa Office
33616,Tampa,Hillsborough County,FL,Tampa Office
33617,Tampa,Hillsborough County,FL,Tampa Office
33618,Tampa,Hillsborough County,FL,Tampa Office
33619,Tampa,Hillsborough County,FL,Tampa Office
33620,Tampa,Hillsborough County,FL,Tampa Office
33621,Tampa,Hillsborough County,FL,Tampa Office
33622,Tampa,Hillsborough County,FL,Tampa Office
33623,Tampa,Hillsborough County,FL,Tampa Office
33624,Tampa,Hillsborough County,FL,Tampa Office
33625,Tampa,Hillsborough County,FL,Tampa Office
33626,Tampa,Hillsborough County,FL,Tampa Office
33629,Tampa,Hillsborough County,FL,Tampa Office
33630,Tampa,Hillsborough County,FL,Tampa Office
33631,Tampa,Hillsborough County,FL,Tampa Office
33633,Tampa,Hillsborough County,FL,Tampa Office
33634,Tampa,Hillsborough County,FL,Tampa Office
33635,Tampa,Hillsborough County,FL,Tampa Office
33637,Tampa,Hillsborough County,FL,Tampa Office
33646,Tampa,Hillsborough County,FL,Tampa Office
33647,Tampa,Hillsborough County,FL,Tampa Office
33650,Tampa,Hillsborough County,FL,Tampa Office
33651,Tampa,Hillsborough County,FL,Tampa Office
33655,Tampa,Hillsborough County,FL,Tampa Office
33660,Tampa,Hillsborough County,FL,Tampa Office
33661,Tampa,Hillsborough County,FL,Tampa Office
33662,Tampa,Hillsborough County,FL,Tampa Office
33663,Tampa,Hillsborough County,FL,Tampa Office
33664,Tampa,Hillsborough County,FL,Tampa Office
33672,Tampa,Hillsborough County,FL,Tampa Office
33673,Tampa,Hillsborough County,FL,Tampa Office
33674,Tampa,Hillsborough County,FL,Tampa Office
33675,Tampa,Hillsborough County,FL,Tampa Office
33677,Tampa,Hillsborough County,FL,Tampa Office
33679,Tampa,Hillsborough County,FL,Tampa Office
33680,Tampa,Hillsborough County,FL,Tampa Office
33681,Tampa,Hillsborough County,FL,Tampa Office
33682,Tampa,Hillsborough County,FL,Tampa Office
33684,Tampa,Hillsborough County,FL,Tampa Office
33685,Tampa,Hillsborough County,FL,Tampa Office
33686,Tampa,Hillsborough County,FL,Tampa Office
33687,Tampa,Hillsborough County,FL,Tampa Office
33688,Tampa,Hillsborough County,FL,Tampa Office
33689,Tampa,Hillsborough County,FL,Tampa Office
33690,Tampa,Hillsborough County,FL,Tampa Office
33694,Tampa,Hillsborough County,FL,Tampa Office
32777,Tangerine,Orange County,FL,Orlando Office
34688,Tarpon Springs,Pinellas County,FL,Tampa Office
34689,Tarpon Springs,Pinellas County,FL,Tampa Office
32778,Tavares,Lake County,FL,Orlando Office
33070,Tavernier,Monroe County,FL,Miami Office
32360,Telogia,Liberty County,FL,Tampa Office
34250,Terra Ceia,Manatee County,FL,Tampa Office
32162,The Villages,Sumter County,FL,Tampa Office
32163,The Villages,Sumter County,FL,Tampa Office
33592,Thonotosassa,Hillsborough County,FL,Tampa Office
32780,Titusville,Brevard County,FL,Orlando Office
32781,Titusville,Brevard County,FL,Orlando Office
32782,Titusville,Brevard County,FL,Orlando Office
32783,Titusville,Brevard County,FL,Orlando Office
32796,Titusville,Brevard County,FL,Orlando Office
32693,Trenton,Gilchrist County,FL,Tampa Office
33593,Trilby,Pasco County,FL,Tampa Office
32784,Umatilla,Lake County,FL,Orlando Office
32580,Valparaiso,Okaloosa County,FL,Tampa Office
33594,Valrico,Hillsborough County,FL,Tampa Office
33595,Valrico,Hillsborough County,FL,Tampa Office
33596,Valrico,Hillsborough County,FL,Tampa Office
34284,Venice,Sarasota County,FL,Tampa Office
34285,Venice,Sarasota County,FL,Tampa Office
34292,Venice,Sarasota County,FL,Tampa Office
34293,Venice,Sarasota County,FL,Tampa Office
33960,Venus,Highlands County,FL,Miami Office
32462,Vernon,Washington County,FL,Tampa Office
32960,Vero Beach,Indian River County,FL,Orlando Office
32961,Vero Beach,Indian River County,FL,Orlando Office
32962,Vero Beach,Indian River County,FL,Orlando Office
32963,Vero Beach,Indian River County,FL,Orlando Office
32964,Vero Beach,Indian River County,FL,Orlando Office
32965,Vero Beach,Indian River County,FL,Orlando Office
32966,Vero Beach,Indian River County,FL,Orlando Office
32967,Vero Beach,Indian River County,FL,Orlando Office
32968,Vero Beach,Indian River County,FL,Orlando Office
32969,Vero Beach,Indian River County,FL,Orlando Office
32970,Wabasso,Indian River County,FL,Orlando Office
32361,Wacissa,Jefferson County,FL,Tampa Office
32694,Waldo,Alachua County,FL,Tampa Office
33873,Wauchula,Hardee County,FL,Tampa Office
32463,Wausau,Washington County,FL,Tampa Office
33877,Waverly,Polk County,FL,Orlando Office
33597,Webster,Sumter County,FL,Tampa Office
32195,Weirsdale,Marion County,FL,Orlando Office
32193,Welaka,Putnam County,FL,Orlando Office
32094,Wellborn,Suwannee County,FL,Tampa Office
33414,Wellington,Palm Beach County,FL,Miami Office
33543,Wesley Chapel,Pasco County,FL,Tampa Office
33544,Wesley Chapel,Pasco County,FL,Tampa Office
33545,Wesley Chapel,Pasco County,FL,Tampa Office
33401,West Palm Beach,Palm Beach County,FL,Miami Office
33402,West Palm Beach,Palm Beach County,FL,Miami Office
33403,West Palm Beach,Palm Beach County,FL,Miami Office
33404,West Palm Beach,Palm Beach County,FL,Miami Office
33405,West Palm Beach,Palm Beach County,FL,Miami Office
33406,West Palm Beach,Palm Beach County,FL,Miami Office
33407,West Palm Beach,Palm Beach County,FL,Miami Office
33409,West Palm Beach,Palm Beach County,FL,Miami Office
33411,West Palm Beach,Palm Beach County,FL,Miami Office
33412,West Palm Beach,Palm Beach County,FL,Miami Office
33413,West Palm Beach,Palm Beach County,FL,Miami Office
33415,West Palm Beach,Palm Beach County,FL,Miami Office
33416,West Palm Beach,Palm Beach County,FL,Miami Office
33417,West Palm Beach,Palm Beach County,FL,Miami Office
33419,West Palm Beach,Palm Beach County,FL,Miami Office
33420,West Palm Beach,Palm Beach County,FL,Miami Office
33422,West Palm Beach,Palm Beach County,FL,Miami Office
32464,Westville,Holmes County,FL,Tampa Office
32449,Wewahitchka,Calhoun County,FL,Tampa Office
32465,Wewahitchka,Gulf County,FL,Tampa Office
32096,White Springs,Hamilton County,FL,Tampa Office
34785,Wildwood,Sumter County,FL,Tampa Office
32696,Williston,Levy County,FL,Tampa Office
33598,Wimauma,Hillsborough County,FL,Tampa Office
34786,Windermere,Orange County,FL,Orlando Office
32971,Winter Beach,Indian River County,FL,Orlando Office
34777,Winter Garden,Orange County,FL,Orlando Office
34778,Winter Garden,Orange County,FL,Orlando Office
34787,Winter Garden,Orange County,FL,Orlando Office
33880,Winter Haven,Polk County,FL,Orlando Office
33881,Winter Haven,Polk County,FL,Orlando Office
33882,Winter Haven,Polk County,FL,Orlando Office
33883,Winter Haven,Polk County,FL,Orlando Office
33884,Winter Haven,Polk County,FL,Orlando Office
33885,Winter Haven,Polk County,FL,Orlando Office
33888,Winter Haven,Polk County,FL,Orlando Office
32789,Winter Park,Orange County,FL,Orlando Office
32790,Winter Park,Orange County,FL,Orlando Office
32792,Winter Park,Orange County,FL,Orlando Office
32793,Winter Park,Orange County,FL,Orlando Office
32708,Winter Springs,Seminole County,FL,Orlando Office
32719,Winter Springs,Seminole County,FL,Orlando Office
32362,Woodville,Leon County,FL,Tampa Office
32697,Worthington Springs,Union County,FL,Tampa Office
34797,Yalaha,Lake County,FL,Orlando Office
34498,Yankeetown,Levy County,FL,Tampa Office
32466,Youngstown,Bay County,FL,Tampa Office
32041,Yulee,Nassau County,FL,Orlando Office
32097,Yulee,Nassau County,FL,Orlando Office
32798,Zellwood,Orange County,FL,Orlando Office
33539,Zephyrhills,Pasco County,FL,Tampa Office
33540,Zephyrhills,Pasco County,FL,Tampa Office
33541,Zephyrhills,Pasco County,FL,Tampa Office
33542,Zephyrhills,Pasco County,FL,Tampa Office
33890,Zolfo Springs,Hardee County,FL,Tampa Office
23690,Yorktown,York County,VA,Richmond Office
23691,Yorktown,York County,VA,Richmond Office
23692,Yorktown,York County,VA,Richmond Office
23693,Yorktown,York County,VA,Richmond Office
23696,Seaford,York County,VA,Richmond Office
23694,Lackey,York County,VA,Richmond Office
23665,Hampton,York County,VA,Richmond Office
24382,Wytheville,Wythe County,VA,Richmond Office
24374,Speedwell,Wythe County,VA,Richmond Office
24368,Rural Retreat,Wythe County,VA,Richmond Office
24360,Max Meadows,Wythe County,VA,Richmond Office
24350,Ivanhoe,Wythe County,VA,Richmond Office
24323,Crockett,Wythe County,VA,Richmond Office
24322,Cripple Creek,Wythe County,VA,Richmond Office
24313,Barren Springs,Wythe County,VA,Richmond Office
24293,Wise,Wise County,VA,Richmond Office
24283,Saint Paul,Wise County,VA,Richmond Office
24279,Pound,Wise County,VA,Richmond Office
24246,East Stone Gap,Wise County,VA,Richmond Office
24230,Coeburn,Wise County,VA,Richmond Office
24219,Big Stone Gap,Wise County,VA,Richmond Office
24216,Appalachia,Wise County,VA,Richmond Office
24215,Andover,Wise County,VA,Richmond Office
22601,Winchester,Winchester city,VA,Alexandria Office
22604,Winchester,Winchester City,VA,Alexandria Office
23186,Williamsburg,Williamsburg City,VA,Richmond Office
23187,Williamsburg,Williamsburg city,VA,Richmond Office
22581,Zacata,Westmoreland County,VA,Richmond Office
22558,Stratford,Westmoreland County,VA,Richmond Office
22577,Sandy Point,Westmoreland County,VA,Richmond Office
22529,Oldhams,Westmoreland County,VA,Richmond Office
22524,Mount Holly,Westmoreland County,VA,Richmond Office
22520,Montross,Westmoreland County,VA,Richmond Office
22488,Kinsale,Westmoreland County,VA,Richmond Office
22469,Hague,Westmoreland County,VA,Richmond Office
22443,Colonial Beach,Westmoreland County,VA,Richmond Office
22442,Coles Point,Westmoreland County,VA,Richmond Office
22980,Waynesboro,Waynesboro city,VA,Richmond Office
24270,Mendota,Washington County,VA,Richmond Office
24361,Meadowview,Washington County,VA,Richmond Office
24340,Glade Spring,Washington County,VA,Richmond Office
24327,Emory,Washington County,VA,Richmond Office
24236,Damascus,Washington County,VA,Richmond Office
24202,Bristol,Washington County,VA,Richmond Office
24210,Abingdon,Washington County,VA,Richmond Office
24211,Abingdon,Washington County,VA,Richmond Office
24212,Abingdon,Washington County,VA,Richmond Office
22642,Linden,Warren County,VA,Alexandria Office
22630,Front Royal,Warren County,VA,Alexandria Office
22610,Bentonville,Warren County,VA,Alexandria Office
23450,Virginia Beach,Virginia Beach City,VA,Richmond Office
23451,Virginia Beach,Virginia Beach city,VA,Richmond Office
23452,Virginia Beach,Virginia Beach city,VA,Richmond Office
23453,Virginia Beach,Virginia Beach city,VA,Richmond Office
23454,Virginia Beach,Virginia Beach city,VA,Richmond Office
23455,Virginia Beach,Virginia Beach city,VA,Richmond Office
23456,Virginia Beach,Virginia Beach city,VA,Richmond Office
23457,Virginia Beach,Virginia Beach city,VA,Richmond Office
23458,Virginia Beach,Virginia Beach City,VA,Richmond Office
23459,Virginia Beach,Virginia Beach city,VA,Richmond Office
23460,Virginia Beach,Virginia Beach city,VA,Richmond Office
23461,Virginia Beach,Virginia Beach city,VA,Richmond Office
23462,Virginia Beach,Virginia Beach city,VA,Richmond Office
23463,Virginia Beach,Virginia Beach City,VA,Richmond Office
23464,Virginia Beach,Virginia Beach city,VA,Richmond Office
23465,Virginia Beach,Virginia Beach City,VA,Richmond Office
23466,Virginia Beach,Virginia Beach City,VA,Richmond Office
23467,Virginia Beach,Virginia Beach City,VA,Richmond Office
23471,Virginia Beach,Virginia Beach City,VA,Richmond Office
23479,Virginia Beach,Virginia Beach City,VA,Richmond Office
23521,Norfolk,Virginia Beach City,VA,Richmond Office
24651,Tazewell,Tazewell County,VA,Richmond Office
24377,Tannersville,Tazewell County,VA,Richmond Office
24641,Richlands,Tazewell County,VA,Richmond Office
24640,Red Ash,Tazewell County,VA,Richmond Office
24639,Raven,Tazewell County,VA,Richmond Office
24637,Pounding Mill,Tazewell County,VA,Richmond Office
24635,Pocahontas,Tazewell County,VA,Richmond Office
24630,North Tazewell,Tazewell County,VA,Richmond Office
24613,Falls Mills,Tazewell County,VA,Richmond Office
24612,Doran,Tazewell County,VA,Richmond Office
24609,Cedar Bluff,Tazewell County,VA,Richmond Office
24608,Burkes Garden,Tazewell County,VA,Richmond Office
24316,Broadford,Tazewell County,VA,Richmond Office
24606,Boissevain,Tazewell County,VA,Richmond Office
24605,Bluefield,Tazewell County,VA,Richmond Office
24604,Bishop,Tazewell County,VA,Richmond Office
24602,Bandy,Tazewell County,VA,Richmond Office
24601,Amonate,Tazewell County,VA,Richmond Office
23897,Yale,Sussex County,VA,Richmond Office
23890,Waverly,Sussex County,VA,Richmond Office
23891,Waverly,Sussex County,VA,Richmond Office
23888,Wakefield,Sussex County,VA,Richmond Office
23884,Sussex,Sussex County,VA,Richmond Office
23882,Stony Creek,Sussex County,VA,Richmond Office
23870,Jarratt,Sussex County,VA,Richmond Office
23883,Surry,Surry County,VA,Richmond Office
23881,Spring Grove,Surry County,VA,Richmond Office
23846,Elberon,Surry County,VA,Richmond Office
23839,Dendron,Surry County,VA,Richmond Office
23899,Claremont,Surry County,VA,Richmond Office
23432,Suffolk,Suffolk city,VA,Richmond Office
23433,Suffolk,Suffolk city,VA,Richmond Office
23434,Suffolk,Suffolk city,VA,Richmond Office
23435,Suffolk,Suffolk city,VA,Richmond Office
23436,Suffolk,Suffolk city,VA,Richmond Office
23437,Suffolk,Suffolk city,VA,Richmond Office
23438,Suffolk,Suffolk city,VA,Richmond Office
23439,Suffolk,Suffolk City,VA,Richmond Office
24401,Staunton,Staunton city,VA,Richmond Office
24402,Staunton,Staunton City,VA,Richmond Office
22554,Stafford,Stafford County,VA,Alexandria Office
22555,Stafford,Stafford County,VA,Alexandria Office
22556,Stafford,Stafford County,VA,Alexandria Office
22545,Ruby,Stafford County,VA,Alexandria Office
22471,Hartwood,Stafford County,VA,Alexandria Office
22463,Garrisonville,Stafford County,VA,Alexandria Office
22405,Fredericksburg,Stafford County,VA,Alexandria Office
22406,Fredericksburg,Stafford County,VA,Alexandria Office
22430,Brooke,Stafford County,VA,Alexandria Office
22565,Thornburg,Spotsylvania County,VA,Alexandria Office
22551,Spotsylvania,Spotsylvania County,VA,Alexandria Office
22553,Spotsylvania,Spotsylvania County,VA,Alexandria Office
22534,Partlow,Spotsylvania County,VA,Alexandria Office
22407,Fredericksburg,Spotsylvania County,VA,Alexandria Office
22408,Fredericksburg,Spotsylvania County,VA,Alexandria Office
23878,Sedley,Southampton County,VA,Richmond Office
23874,Newsoms,Southampton County,VA,Richmond Office
23866,Ivor,Southampton County,VA,Richmond Office
23844,Drewryville,Southampton County,VA,Richmond Office
23837,Courtland,Southampton County,VA,Richmond Office
23829,Capron,Southampton County,VA,Richmond Office
23828,Branchville,Southampton County,VA,Richmond Office
23827,Boykins,Southampton County,VA,Richmond Office
24375,Sugar Grove,Smyth County,VA,Richmond Office
24370,Saltville,Smyth County,VA,Richmond Office
24354,Marion,Smyth County,VA,Richmond Office
24319,Chilhowie,Smyth County,VA,Richmond Office
24311,Atkins,Smyth County,VA,Richmond Office
22664,Woodstock,Shenandoah County,VA,Alexandria Office
22660,Toms Brook,Shenandoah County,VA,Alexandria Office
22641,Strasburg,Shenandoah County,VA,Alexandria Office
22657,Strasburg,Shenandoah County,VA,Alexandria Office
22847,Quicksburg,Shenandoah County,VA,Alexandria Office
22845,Orkney Springs,Shenandoah County,VA,Alexandria Office
22844,New Market,Shenandoah County,VA,Alexandria Office
22842,Mount Jackson,Shenandoah County,VA,Alexandria Office
22644,Maurertown,Shenandoah County,VA,Alexandria Office
22652,Fort Valley,Shenandoah County,VA,Alexandria Office
22626,Fishers Hill,Shenandoah County,VA,Alexandria Office
22824,Edinburg,Shenandoah County,VA,Alexandria Office
22810,Basye,Shenandoah County,VA,Alexandria Office
24290,Weber City,Scott County,VA,Richmond Office
24271,Nickelsville,Scott County,VA,Richmond Office
24258,Hiltons,Scott County,VA,Richmond Office
24251,Gate City,Scott County,VA,Richmond Office
24250,Fort Blackmore,Scott County,VA,Richmond Office
24245,Dungannon,Scott County,VA,Richmond Office
24244,Duffield,Scott County,VA,Richmond Office
24153,Salem,Salem city,VA,Richmond Office
24649,Swords Creek,Russell County,VA,Richmond Office
24280,Rosedale,Russell County,VA,Richmond Office
24266,Lebanon,Russell County,VA,Richmond Office
24260,Honaker,Russell County,VA,Richmond Office
24225,Cleveland,Russell County,VA,Richmond Office
24224,Castlewood,Russell County,VA,Richmond Office
22853,Timberville,Rockingham County,VA,Richmond Office
22850,Singers Glen,Rockingham County,VA,Richmond Office
24471,Port Republic,Rockingham County,VA,Richmond Office
22848,Pleasant Valley,Rockingham County,VA,Richmond Office
22846,Penn Laird,Rockingham County,VA,Richmond Office
22841,Mount Crawford,Rockingham County,VA,Richmond Office
22840,Mc Gaheysville,Rockingham County,VA,Richmond Office
22834,Linville,Rockingham County,VA,Richmond Office
22833,Lacey Spring,Rockingham County,VA,Richmond Office
22832,Keezletown,Rockingham County,VA,Richmond Office
22831,Hinton,Rockingham County,VA,Richmond Office
24441,Grottoes,Rockingham County,VA,Richmond Office
22830,Fulks Run,Rockingham County,VA,Richmond Office
22827,Elkton,Rockingham County,VA,Richmond Office
22821,Dayton,Rockingham County,VA,Richmond Office
22820,Criders,Rockingham County,VA,Richmond Office
22815,Broadway,Rockingham County,VA,Richmond Office
22812,Bridgewater,Rockingham County,VA,Richmond Office
22811,Bergton,Rockingham County,VA,Richmond Office
24483,Vesuvius,Rockbridge County,VA,Richmond Office
24473,Rockbridge Baths,Rockbridge County,VA,Richmond Office
24472,Raphine,Rockbridge County,VA,Richmond Office
24579,Natural Bridge Station,Rockbridge County,VA,Richmond Office
24578,Natural Bridge,Rockbridge County,VA,Richmond Office
24450,Lexington,Rockbridge County,VA,Richmond Office
24439,Goshen,Rockbridge County,VA,Richmond Office
24555,Glasgow,Rockbridge County,VA,Richmond Office
24435,Fairfield,Rockbridge County,VA,Richmond Office
24415,Brownsburg,Rockbridge County,VA,Richmond Office
24179,Vinton,Roanoke County,VA,Richmond Office
24018,Roanoke,Roanoke County,VA,Richmond Office
24019,Roanoke,Roanoke County,VA,Richmond Office
24020,Roanoke,Roanoke County,VA,Richmond Office
24070,Catawba,Roanoke County,VA,Richmond Office
24059,Bent Mountain,Roanoke County,VA,Richmond Office
24001,Roanoke,Roanoke City,VA,Richmond Office
24002,Roanoke,Roanoke City,VA,Richmond Office
24003,Roanoke,Roanoke City,VA,Richmond Office
24004,Roanoke,Roanoke City,VA,Richmond Office
24005,Roanoke,Roanoke City,VA,Richmond Office
24006,Roanoke,Roanoke City,VA,Richmond Office
24007,Roanoke,Roanoke City,VA,Richmond Office
24008,Roanoke,Roanoke City,VA,Richmond Office
24009,Roanoke,Roanoke City,VA,Richmond Office
24010,Roanoke,Roanoke City,VA,Richmond Office
24011,Roanoke,Roanoke city,VA,Richmond Office
24012,Roanoke,Roanoke city,VA,Richmond Office
24013,Roanoke,Roanoke city,VA,Richmond Office
24014,Roanoke,Roanoke city,VA,Richmond Office
24015,Roanoke,Roanoke city,VA,Richmond Office
24016,Roanoke,Roanoke city,VA,Richmond Office
24017,Roanoke,Roanoke city,VA,Richmond Office
24022,Roanoke,Roanoke City,VA,Richmond Office
24023,Roanoke,Roanoke City,VA,Richmond Office
24024,Roanoke,Roanoke City,VA,Richmond Office
24025,Roanoke,Roanoke City,VA,Richmond Office
24026,Roanoke,Roanoke City,VA,Richmond Office
24027,Roanoke,Roanoke City,VA,Richmond Office
24028,Roanoke,Roanoke City,VA,Richmond Office
24029,Roanoke,Roanoke City,VA,Richmond Office
24030,Roanoke,Roanoke City,VA,Richmond Office
24031,Roanoke,Roanoke City,VA,Richmond Office
24032,Roanoke,Roanoke City,VA,Richmond Office
24033,Roanoke,Roanoke City,VA,Richmond Office
24034,Roanoke,Roanoke City,VA,Richmond Office
24035,Roanoke,Roanoke City,VA,Richmond Office
24036,Roanoke,Roanoke City,VA,Richmond Office
24037,Roanoke,Roanoke City,VA,Richmond Office
24038,Roanoke,Roanoke City,VA,Richmond Office
24040,Roanoke,Roanoke City,VA,Richmond Office
24042,Roanoke,Roanoke City,VA,Richmond Office
24043,Roanoke,Roanoke City,VA,Richmond Office
24044,Roanoke,Roanoke City,VA,Richmond Office
24045,Roanoke,Roanoke City,VA,Richmond Office
24048,Roanoke,Roanoke City,VA,Richmond Office
24050,Roanoke,Roanoke City,VA,Richmond Office
24155,Roanoke,Roanoke City,VA,Richmond Office
24157,Roanoke,Roanoke City,VA,Richmond Office
22572,Warsaw,Richmond County,VA,Richmond Office
22570,Village,Richmond County,VA,Richmond Office
22548,Sharps,Richmond County,VA,Richmond Office
22472,Haynesville,Richmond County,VA,Richmond Office
22460,Farnham,Richmond County,VA,Richmond Office
23173,Richmond,Richmond city,VA,Richmond Office
23218,Richmond,Richmond City,VA,Richmond Office
23219,Richmond,Richmond city,VA,Richmond Office
23220,Richmond,Richmond city,VA,Richmond Office
23221,Richmond,Richmond city,VA,Richmond Office
23222,Richmond,Richmond city,VA,Richmond Office
23224,Richmond,Richmond city,VA,Richmond Office
23225,Richmond,Richmond city,VA,Richmond Office
23226,Richmond,Richmond city,VA,Richmond Office
23232,Richmond,Richmond City,VA,Richmond Office
23240,Richmond,Richmond City,VA,Richmond Office
23241,Richmond,Richmond City,VA,Richmond Office
23249,Richmond,Richmond City,VA,Richmond Office
23260,Richmond,Richmond City,VA,Richmond Office
23261,Richmond,Richmond City,VA,Richmond Office
23269,Richmond,Richmond City,VA,Richmond Office
23274,Richmond,Richmond City,VA,Richmond Office
23276,Richmond,Richmond City,VA,Richmond Office
23278,Richmond,Richmond City,VA,Richmond Office
23279,Richmond,Richmond City,VA,Richmond Office
23282,Richmond,Richmond City,VA,Richmond Office
23284,Richmond,Richmond City,VA,Richmond Office
23285,Richmond,Richmond City,VA,Richmond Office
23286,Richmond,Richmond City,VA,Richmond Office
23289,Richmond,Richmond City,VA,Richmond Office
23290,Richmond,Richmond City,VA,Richmond Office
23291,Richmond,Richmond City,VA,Richmond Office
23292,Richmond,Richmond City,VA,Richmond Office
23293,Richmond,Richmond City,VA,Richmond Office
23295,Richmond,Richmond City,VA,Richmond Office
23297,Richmond,Richmond City,VA,Richmond Office
23298,Richmond,Richmond City,VA,Richmond Office
22749,Woodville,Rappahannock County,VA,Alexandria Office
22747,Washington,Rappahannock County,VA,Alexandria Office
22746,Viewtown,Rappahannock County,VA,Alexandria Office
22740,Sperryville,Rappahannock County,VA,Alexandria Office
22640,Huntly,Rappahannock County,VA,Alexandria Office
22627,Flint Hill,Rappahannock County,VA,Alexandria Office
22623,Chester Gap,Rappahannock County,VA,Alexandria Office
22716,Castleton,Rappahannock County,VA,Alexandria Office
24141,Radford,Radford city,VA,Richmond Office
24142,Radford,Radford city,VA,Richmond Office
24143,Radford,Radford City,VA,Richmond Office
24301,Pulaski,Pulaski County,VA,Richmond Office
24132,Parrott,Pulaski County,VA,Richmond Office
24126,Newbern,Pulaski County,VA,Richmond Office
24129,New River,Pulaski County,VA,Richmond Office
24111,Mc Coy,Pulaski County,VA,Richmond Office
24347,Hiwassee,Pulaski County,VA,Richmond Office
24084,Dublin,Pulaski County,VA,Richmond Office
24324,Draper,Pulaski County,VA,Richmond Office
24058,Belspring,Pulaski County,VA,Richmond Office
22191,Woodbridge,Prince William County,VA,Alexandria Office
22192,Woodbridge,Prince William County,VA,Alexandria Office
22193,Woodbridge,Prince William County,VA,Alexandria Office
22194,Woodbridge,Prince William County,VA,Alexandria Office
22195,Woodbridge,Prince William County,VA,Alexandria Office
22172,Triangle,Prince William County,VA,Alexandria Office
22134,Quantico,Prince William County,VA,Alexandria Office
22135,Quantico,Prince William County,VA,Alexandria Office
22125,Occoquan,Prince William County,VA,Alexandria Office
20181,Nokesville,Prince William County,VA,Alexandria Office
20182,Nokesville,Prince William County,VA,Alexandria Office
20109,Manassas,Prince William County,VA,Alexandria Office
20111,Manassas,Prince William County,VA,Alexandria Office
20112,Manassas,Prince William County,VA,Alexandria Office
20168,Haymarket,Prince William County,VA,Alexandria Office
20169,Haymarket,Prince William County,VA,Alexandria Office
20155,Gainesville,Prince William County,VA,Alexandria Office
20156,Gainesville,Prince William County,VA,Alexandria Office
22025,Dumfries,Prince William County,VA,Alexandria Office
22026,Dumfries,Prince William County,VA,Alexandria Office
20143,Catharpin,Prince William County,VA,Alexandria Office
20136,Bristow,Prince William County,VA,Alexandria Office
23875,Prince George,Prince George County,VA,Richmond Office
23801,Fort Lee,Prince George County,VA,Richmond Office
23842,Disputanta,Prince George County,VA,Richmond Office
23830,Carson,Prince George County,VA,Richmond Office
23966,Rice,Prince Edward County,VA,Richmond Office
23960,Prospect,Prince Edward County,VA,Richmond Office
23954,Meherrin,Prince Edward County,VA,Richmond Office
23943,Hampden Sydney,Prince Edward County,VA,Richmond Office
23942,Green Bay,Prince Edward County,VA,Richmond Office
23901,Farmville,Prince Edward County,VA,Richmond Office
23909,Farmville,Prince Edward County,VA,Richmond Office
23160,State Farm,Powhatan County,VA,Richmond Office
23139,Powhatan,Powhatan County,VA,Richmond Office
23101,Macon,Powhatan County,VA,Richmond Office
23014,Beaumont,Powhatan County,VA,Richmond Office
23701,Portsmouth,Portsmouth city,VA,Richmond Office
23702,Portsmouth,Portsmouth city,VA,Richmond Office
23703,Portsmouth,Portsmouth city,VA,Richmond Office
23704,Portsmouth,Portsmouth city,VA,Richmond Office
23705,Portsmouth,Portsmouth City,VA,Richmond Office
23707,Portsmouth,Portsmouth city,VA,Richmond Office
23708,Portsmouth,Portsmouth city,VA,Richmond Office
23709,Portsmouth,Portsmouth city,VA,Richmond Office
23662,Poquoson,Poquoson city,VA,Richmond Office
24594,Sutherlin,Pittsylvania County,VA,Richmond Office
24161,Sandy Level,Pittsylvania County,VA,Richmond Office
24586,Ringgold,Pittsylvania County,VA,Richmond Office
24139,Pittsville,Pittsylvania County,VA,Richmond Office
24569,Long Island,Pittsylvania County,VA,Richmond Office
24566,Keeling,Pittsylvania County,VA,Richmond Office
24565,Java,Pittsylvania County,VA,Richmond Office
24563,Hurt,Pittsylvania County,VA,Richmond Office
24557,Gretna,Pittsylvania County,VA,Richmond Office
24549,Dry Fork,Pittsylvania County,VA,Richmond Office
24531,Chatham,Pittsylvania County,VA,Richmond Office
24069,Cascade,Pittsylvania County,VA,Richmond Office
24530,Callands,Pittsylvania County,VA,Richmond Office
24527,Blairs,Pittsylvania County,VA,Richmond Office
23803,Petersburg,Petersburg city,VA,Richmond Office
23804,Petersburg,Petersburg City,VA,Richmond Office
23805,Petersburg,Petersburg city,VA,Richmond Office
24185,Woolwine,Patrick County,VA,Richmond Office
24177,Vesta,Patrick County,VA,Richmond Office
24171,Stuart,Patrick County,VA,Richmond Office
24133,Patrick Springs,Patrick County,VA,Richmond Office
24120,Meadows Of Dan,Patrick County,VA,Richmond Office
24082,Critz,Patrick County,VA,Richmond Office
24076,Claudville,Patrick County,VA,Richmond Office
24053,Ararat,Patrick County,VA,Richmond Office
22851,Stanley,Page County,VA,Alexandria Office
22849,Shenandoah,Page County,VA,Alexandria Office
22650,Rileyville,Page County,VA,Alexandria Office
22835,Luray,Page County,VA,Alexandria Office
22567,Unionville,Orange County,VA,Alexandria Office
22972,Somerset,Orange County,VA,Alexandria Office
22542,Rhoadesville,Orange County,VA,Alexandria Office
22960,Orange,Orange County,VA,Alexandria Office
22957,Montpelier Station,Orange County,VA,Alexandria Office
22508,Locust Grove,Orange County,VA,Alexandria Office
22433,Burr Hill,Orange County,VA,Alexandria Office
23955,Nottoway,Nottoway County,VA,Richmond Office
23930,Crewe,Nottoway County,VA,Richmond Office
23922,Burkeville,Nottoway County,VA,Richmond Office
23824,Blackstone,Nottoway County,VA,Richmond Office
23825,Blackstone,Nottoway County,VA,Richmond Office
24273,Norton,Norton city,VA,Richmond Office
22579,Wicomico Church,Northumberland County,VA,Richmond Office
22539,Reedville,Northumberland County,VA,Richmond Office
22530,Ophelia,Northumberland County,VA,Richmond Office
22511,Lottsburg,Northumberland County,VA,Richmond Office
22473,Heathsville,Northumberland County,VA,Richmond Office
22456,Edwardsville,Northumberland County,VA,Richmond Office
22435,Callao,Northumberland County,VA,Richmond Office
22432,Burgess,Northumberland County,VA,Richmond Office
23486,Willis Wharf,Northampton County,VA,Richmond Office
23482,Wardtown,Northampton County,VA,Richmond Office
23443,Townsend,Northampton County,VA,Richmond Office
23429,Seaview,Northampton County,VA,Richmond Office
23419,Oyster,Northampton County,VA,Richmond Office
23413,Nassawadox,Northampton County,VA,Richmond Office
23408,Marionville,Northampton County,VA,Richmond Office
23405,Machipongo,Northampton County,VA,Richmond Office
23398,Jamesville,Northampton County,VA,Richmond Office
23354,Franktown,Northampton County,VA,Richmond Office
23350,Exmore,Northampton County,VA,Richmond Office
23347,Eastville,Northampton County,VA,Richmond Office
23316,Cheriton,Northampton County,VA,Richmond Office
23313,Capeville,Northampton County,VA,Richmond Office
23310,Cape Charles,Northampton County,VA,Richmond Office
23307,Birdsnest,Northampton County,VA,Richmond Office
23501,Norfolk,Norfolk City,VA,Richmond Office
23502,Norfolk,Norfolk city,VA,Richmond Office
23503,Norfolk,Norfolk city,VA,Richmond Office
23504,Norfolk,Norfolk city,VA,Richmond Office
23505,Norfolk,Norfolk city,VA,Richmond Office
23506,Norfolk,Norfolk City,VA,Richmond Office
23507,Norfolk,Norfolk city,VA,Richmond Office
23508,Norfolk,Norfolk city,VA,Richmond Office
23509,Norfolk,Norfolk city,VA,Richmond Office
23510,Norfolk,Norfolk city,VA,Richmond Office
23511,Norfolk,Norfolk city,VA,Richmond Office
23512,Norfolk,Norfolk City,VA,Richmond Office
23513,Norfolk,Norfolk city,VA,Richmond Office
23514,Norfolk,Norfolk City,VA,Richmond Office
23515,Norfolk,Norfolk City,VA,Richmond Office
23517,Norfolk,Norfolk city,VA,Richmond Office
23518,Norfolk,Norfolk city,VA,Richmond Office
23519,Norfolk,Norfolk City,VA,Richmond Office
23520,Norfolk,Norfolk City,VA,Richmond Office
23523,Norfolk,Norfolk city,VA,Richmond Office
23529,Norfolk,Norfolk City,VA,Richmond Office
23541,Norfolk,Norfolk City,VA,Richmond Office
23551,Norfolk,Norfolk city,VA,Richmond Office
23601,Newport News,Newport News city,VA,Richmond Office
23602,Newport News,Newport News city,VA,Richmond Office
23603,Newport News,Newport News city,VA,Richmond Office
23605,Newport News,Newport News city,VA,Richmond Office
23606,Newport News,Newport News city,VA,Richmond Office
23607,Newport News,Newport News city,VA,Richmond Office
23608,Newport News,Newport News city,VA,Richmond Office
23609,Newport News,Newport News City,VA,Richmond Office
23612,Newport News,Newport News City,VA,Richmond Office
23628,Newport News,Newport News City,VA,Richmond Office
23604,Fort Eustis,Newport News city,VA,Richmond Office
23141,Quinton,New Kent County,VA,Richmond Office
23140,Providence Forge,New Kent County,VA,Richmond Office
23124,New Kent,New Kent County,VA,Richmond Office
23089,Lanexa,New Kent County,VA,Richmond Office
23011,Barhamsville,New Kent County,VA,Richmond Office
22976,Tyro,Nelson County,VA,Richmond Office
22971,Shipman,Nelson County,VA,Richmond Office
22969,Schuyler,Nelson County,VA,Richmond Office
22967,Roseland,Nelson County,VA,Richmond Office
22964,Piney River,Nelson County,VA,Richmond Office
24581,Norwood,Nelson County,VA,Richmond Office
22958,Nellysford,Nelson County,VA,Richmond Office
24464,Montebello,Nelson County,VA,Richmond Office
22949,Lovingston,Nelson County,VA,Richmond Office
24553,Gladstone,Nelson County,VA,Richmond Office
22938,Faber,Nelson County,VA,Richmond Office
22922,Arrington,Nelson County,VA,Richmond Office
22920,Afton,Nelson County,VA,Richmond Office
24162,Shawsville,Montgomery County,VA,Richmond Office
24149,Riner,Montgomery County,VA,Richmond Office
24138,Pilot,Montgomery County,VA,Richmond Office
24087,Elliston,Montgomery County,VA,Richmond Office
24068,Christiansburg,Montgomery County,VA,Richmond Office
24073,Christiansburg,Montgomery County,VA,Richmond Office
24060,Blacksburg,Montgomery County,VA,Richmond Office
24061,Blacksburg,Montgomery County,VA,Richmond Office
24062,Blacksburg,Montgomery County,VA,Richmond Office
24063,Blacksburg,Montgomery County,VA,Richmond Office
23180,Water View,Middlesex County,VA,Richmond Office
23176,Wake,Middlesex County,VA,Richmond Office
23175,Urbanna,Middlesex County,VA,Richmond Office
23169,Topping,Middlesex County,VA,Richmond Office
23149,Saluda,Middlesex County,VA,Richmond Office
23092,Locust Hill,Middlesex County,VA,Richmond Office
23079,Jamaica,Middlesex County,VA,Richmond Office
23071,Hartfield,Middlesex County,VA,Richmond Office
23070,Hardyville,Middlesex County,VA,Richmond Office
23043,Deltaville,Middlesex County,VA,Richmond Office
23032,Church View,Middlesex County,VA,Richmond Office
23031,Christchurch,Middlesex County,VA,Richmond Office
23970,South Hill,Mecklenburg County,VA,Richmond Office
23968,Skipwith,Mecklenburg County,VA,Richmond Office
24580,Nelson,Mecklenburg County,VA,Richmond Office
23950,La Crosse,Mecklenburg County,VA,Richmond Office
23927,Clarksville,Mecklenburg County,VA,Richmond Office
23924,Chase City,Mecklenburg County,VA,Richmond Office
24529,Buffalo Junction,Mecklenburg County,VA,Richmond Office
23919,Bracey,Mecklenburg County,VA,Richmond Office
23917,Boydton,Mecklenburg County,VA,Richmond Office
23915,Baskerville,Mecklenburg County,VA,Richmond Office
24619,Horsepen,McDowell County,VA,Richmond Office
23163,Susan,Mathews County,VA,Richmond Office
23138,Port Haywood,Mathews County,VA,Richmond Office
23130,Onemo,Mathews County,VA,Richmond Office
23128,North,Mathews County,VA,Richmond Office
23125,New Point,Mathews County,VA,Richmond Office
23119,Moon,Mathews County,VA,Richmond Office
23109,Mathews,Mathews County,VA,Richmond Office
23076,Hudgins,Mathews County,VA,Richmond Office
23068,Hallieford,Mathews County,VA,Richmond Office
23066,Gwynn,Mathews County,VA,Richmond Office
23064,Grimstead,Mathews County,VA,Richmond Office
23056,Foster,Mathews County,VA,Richmond Office
23050,Dutton,Mathews County,VA,Richmond Office
23045,Diggs,Mathews County,VA,Richmond Office
23035,Cobbs Creek,Mathews County,VA,Richmond Office
23025,Cardinal,Mathews County,VA,Richmond Office
23021,Bohannon,Mathews County,VA,Richmond Office
24113,Martinsville,Martinsville City,VA,Richmond Office
24114,Martinsville,Martinsville City,VA,Richmond Office
24115,Martinsville,Martinsville City,VA,Richmond Office
20108,Manassas,Manassas City,VA,Alexandria Office
20110,Manassas,Manassas city,VA,Alexandria Office
20113,Manassas,Manassas City,VA,Alexandria Office
22989,Woodberry Forest,Madison County,VA,Alexandria Office
22748,Wolftown,Madison County,VA,Alexandria Office
22743,Syria,Madison County,VA,Alexandria Office
22738,Rochelle,Madison County,VA,Alexandria Office
22732,Radiant,Madison County,VA,Alexandria Office
22731,Pratts,Madison County,VA,Alexandria Office
22730,Oakpark,Madison County,VA,Alexandria Office
22727,Madison,Madison County,VA,Alexandria Office
22948,Locust Dale,Madison County,VA,Alexandria Office
22725,Leon,Madison County,VA,Alexandria Office
22723,Hood,Madison County,VA,Alexandria Office
22722,Haywood,Madison County,VA,Alexandria Office
22721,Graves Mill,Madison County,VA,Alexandria Office
22719,Etlan,Madison County,VA,Alexandria Office
22715,Brightwood,Madison County,VA,Alexandria Office
22711,Banco,Madison County,VA,Alexandria Office
22709,Aroda,Madison County,VA,Alexandria Office
24501,Lynchburg,Lynchburg city,VA,Richmond Office
24502,Lynchburg,Lynchburg city,VA,Richmond Office
24503,Lynchburg,Lynchburg city,VA,Richmond Office
24504,Lynchburg,Lynchburg city,VA,Richmond Office
24505,Lynchburg,Lynchburg City,VA,Richmond Office
24506,Lynchburg,Lynchburg City,VA,Richmond Office
24512,Lynchburg,Lynchburg City,VA,Richmond Office
24513,Lynchburg,Lynchburg City,VA,Richmond Office
24514,Lynchburg,Lynchburg City,VA,Richmond Office
24515,Lynchburg,Lynchburg City,VA,Richmond Office
23974,Victoria,Lunenburg County,VA,Richmond Office
23952,Lunenburg,Lunenburg County,VA,Richmond Office
23944,Kenbridge,Lunenburg County,VA,Richmond Office
23941,Fort Mitchell,Lunenburg County,VA,Richmond Office
23170,Trevilians,Louisa County,VA,Richmond Office
23117,Mineral,Louisa County,VA,Richmond Office
23093,Louisa,Louisa County,VA,Richmond Office
22942,Gordonsville,Louisa County,VA,Richmond Office
23024,Bumpass,Louisa County,VA,Richmond Office
20197,Waterford,Loudoun County,VA,Alexandria Office
20163,Sterling,Loudoun County,VA,Alexandria Office
20164,Sterling,Loudoun County,VA,Alexandria Office
20165,Sterling,Loudoun County,VA,Alexandria Office
20166,Sterling,Loudoun County,VA,Alexandria Office
20167,Sterling,Loudoun County,VA,Alexandria Office
20141,Round Hill,Loudoun County,VA,Alexandria Office
20142,Round Hill,Loudoun County,VA,Alexandria Office
20132,Purcellville,Loudoun County,VA,Alexandria Office
20134,Purcellville,Loudoun County,VA,Alexandria Office
20131,Philomont,Loudoun County,VA,Alexandria Office
20129,Paeonian Springs,Loudoun County,VA,Alexandria Office
20117,Middleburg,Loudoun County,VA,Alexandria Office
20118,Middleburg,Loudoun County,VA,Alexandria Office
20180,Lovettsville,Loudoun County,VA,Alexandria Office
20160,Lincoln,Loudoun County,VA,Alexandria Office
20175,Leesburg,Loudoun County,VA,Alexandria Office
20176,Leesburg,Loudoun County,VA,Alexandria Office
20177,Leesburg,Loudoun County,VA,Alexandria Office
20178,Leesburg,Loudoun County,VA,Alexandria Office
20158,Hamilton,Loudoun County,VA,Alexandria Office
20159,Hamilton,Loudoun County,VA,Alexandria Office
20101,Dulles,Loudoun County,VA,Alexandria Office
20102,Dulles,Loudoun County,VA,Alexandria Office
20103,Dulles,Loudoun County,VA,Alexandria Office
20104,Dulles,Loudoun County,VA,Alexandria Office
20189,Dulles,Loudoun County,VA,Alexandria Office
20199,Dulles,Loudoun County,VA,Alexandria Office
20152,Chantilly,Loudoun County,VA,Alexandria Office
20146,Ashburn,Loudoun County,VA,Alexandria Office
20147,Ashburn,Loudoun County,VA,Alexandria Office
20148,Ashburn,Loudoun County,VA,Alexandria Office
20149,Ashburn,Loudoun County,VA,Alexandria Office
22093,Ashburn,Loudoun County,VA,Alexandria Office
20107,Arcola,Loudoun County,VA,Alexandria Office
20105,Aldie,Loudoun County,VA,Alexandria Office
24282,Saint Charles,Lee County,VA,Richmond Office
24281,Rose Hill,Lee County,VA,Richmond Office
24277,Pennington Gap,Lee County,VA,Richmond Office
24265,Keokee,Lee County,VA,Richmond Office
24263,Jonesville,Lee County,VA,Richmond Office
24248,Ewing,Lee County,VA,Richmond Office
24243,Dryden,Lee County,VA,Richmond Office
24221,Blackwater,Lee County,VA,Richmond Office
24218,Ben Hur,Lee County,VA,Richmond Office
22578,White Stone,Lancaster County,VA,Richmond Office
22576,Weems,Lancaster County,VA,Richmond Office
22528,Nuttsville,Lancaster County,VA,Richmond Office
22523,Morattico,Lancaster County,VA,Richmond Office
22517,Mollusk,Lancaster County,VA,Richmond Office
22513,Merry Point,Lancaster County,VA,Richmond Office
22507,Lively,Lancaster County,VA,Richmond Office
22503,Lancaster,Lancaster County,VA,Richmond Office
22482,Kilmarnock,Lancaster County,VA,Richmond Office
22480,Irvington,Lancaster County,VA,Richmond Office
23181,West Point,King William County,VA,Richmond Office
23106,Manquin,King William County,VA,Richmond Office
23086,King William,King William County,VA,Richmond Office
23009,Aylett,King William County,VA,Richmond Office
22547,Sealston,King George County,VA,Richmond Office
22544,Rollins Fork,King George County,VA,Richmond Office
22526,Ninde,King George County,VA,Richmond Office
22485,King George,King George County,VA,Richmond Office
22481,Jersey,King George County,VA,Richmond Office
22451,Dogue,King George County,VA,Richmond Office
22448,Dahlgren,King George County,VA,Richmond Office
23177,Walkerton,King and Queen County,VA,Richmond Office
23161,Stevensville,King and Queen County,VA,Richmond Office
23156,Shacklefords,King and Queen County,VA,Richmond Office
23148,Saint Stephens Church,King and Queen County,VA,Richmond Office
23126,Newtown,King and Queen County,VA,Richmond Office
23110,Mattaponi,King and Queen County,VA,Richmond Office
23108,Mascot,King and Queen County,VA,Richmond Office
23091,Little Plymouth,King and Queen County,VA,Richmond Office
23085,King And Queen Court House,King and Queen County,VA,Richmond Office
23023,Bruington,King and Queen County,VA,Richmond Office
23185,Williamsburg,James City County,VA,Richmond Office
23188,Williamsburg,James City County,VA,Richmond Office
23168,Toano,James City County,VA,Richmond Office
23127,Norge,James City County,VA,Richmond Office
23081,Jamestown,James City County,VA,Richmond Office
23090,Lightfoot,James City,VA,Richmond Office
23898,Zuni,Isle of Wight County,VA,Richmond Office
23487,Windsor,Isle of Wight County,VA,Richmond Office
23430,Smithfield,Isle of Wight County,VA,Richmond Office
23431,Smithfield,Isle of Wight County,VA,Richmond Office
23424,Rescue,Isle of Wight County,VA,Richmond Office
23397,Isle Of Wight,Isle of Wight County,VA,Richmond Office
23315,Carrsville,Isle of Wight County,VA,Richmond Office
23314,Carrollton,Isle of Wight County,VA,Richmond Office
23304,Battery Park,Isle of Wight County,VA,Richmond Office
23860,Hopewell,Hopewell city,VA,Richmond Office
24468,Mustoe,Highland County,VA,Richmond Office
24465,Monterey,Highland County,VA,Richmond Office
24458,Mc Dowell,Highland County,VA,Richmond Office
24442,Head Waters,Highland County,VA,Richmond Office
24433,Doe Hill,Highland County,VA,Richmond Office
24413,Blue Grass,Highland County,VA,Richmond Office
24168,Stanleytown,Henry County,VA,Richmond Office
24165,Spencer,Henry County,VA,Richmond Office
24148,Ridgeway,Henry County,VA,Richmond Office
24112,Martinsville,Henry County,VA,Richmond Office
24089,Fieldale,Henry County,VA,Richmond Office
24078,Collinsville,Henry County,VA,Richmond Office
24055,Bassett,Henry County,VA,Richmond Office
24054,Axton,Henry County,VA,Richmond Office
23150,Sandston,Henrico County,VA,Richmond Office
23223,Richmond,Henrico County,VA,Richmond Office
23227,Richmond,Henrico County,VA,Richmond Office
23230,Richmond,Henrico County,VA,Richmond Office
23250,Richmond,Henrico County,VA,Richmond Office
23075,Henrico,Henrico County,VA,Richmond Office
23228,Henrico,Henrico County,VA,Richmond Office
23229,Henrico,Henrico County,VA,Richmond Office
23231,Henrico,Henrico County,VA,Richmond Office
23233,Henrico,Henrico County,VA,Richmond Office
23238,Henrico,Henrico County,VA,Richmond Office
23242,Henrico,Henrico County,VA,Richmond Office
23255,Henrico,Henrico County,VA,Richmond Office
23273,Henrico,Henrico County,VA,Richmond Office
23288,Henrico,Henrico County,VA,Richmond Office
23294,Henrico,Henrico County,VA,Richmond Office
23058,Glen Allen,Henrico County,VA,Richmond Office
23059,Glen Allen,Henrico County,VA,Richmond Office
23060,Glen Allen,Henrico County,VA,Richmond Office
22801,Harrisonburg,Harrisonburg city,VA,Richmond Office
22802,Harrisonburg,Harrisonburg city,VA,Richmond Office
22803,Harrisonburg,Harrisonburg City,VA,Richmond Office
22807,Harrisonburg,Harrisonburg city,VA,Richmond Office
23162,Studley,Hanover County,VA,Richmond Office
23146,Rockville,Hanover County,VA,Richmond Office
23192,Montpelier,Hanover County,VA,Richmond Office
23111,Mechanicsville,Hanover County,VA,Richmond Office
23116,Mechanicsville,Hanover County,VA,Richmond Office
23069,Hanover,Hanover County,VA,Richmond Office
23047,Doswell,Hanover County,VA,Richmond Office
23015,Beaverdam,Hanover County,VA,Richmond Office
23005,Ashland,Hanover County,VA,Richmond Office
23630,Hampton,Hampton City,VA,Richmond Office
23661,Hampton,Hampton city,VA,Richmond Office
23663,Hampton,Hampton city,VA,Richmond Office
23664,Hampton,Hampton city,VA,Richmond Office
23666,Hampton,Hampton city,VA,Richmond Office
23667,Hampton,Hampton City,VA,Richmond Office
23668,Hampton,Hampton City,VA,Richmond Office
23669,Hampton,Hampton city,VA,Richmond Office
23670,Hampton,Hampton City,VA,Richmond Office
23681,Hampton,Hampton City,VA,Richmond Office
23651,Fort Monroe,Hampton city,VA,Richmond Office
24598,Virgilina,Halifax County,VA,Richmond Office
24597,Vernon Hill,Halifax County,VA,Richmond Office
24592,South Boston,Halifax County,VA,Richmond Office
24589,Scottsburg,Halifax County,VA,Richmond Office
24577,Nathalie,Halifax County,VA,Richmond Office
24558,Halifax,Halifax County,VA,Richmond Office
24539,Crystal Hill,Halifax County,VA,Richmond Office
24535,Cluster Springs,Halifax County,VA,Richmond Office
24534,Clover,Halifax County,VA,Richmond Office
24520,Alton,Halifax County,VA,Richmond Office
23879,Skippers,Greensville County,VA,Richmond Office
23867,Jarratt,Greensville County,VA,Richmond Office
23847,Emporia,Greensville County,VA,Richmond Office
22973,Stanardsville,Greene County,VA,Richmond Office
22968,Ruckersville,Greene County,VA,Richmond Office
22965,Quinque,Greene County,VA,Richmond Office
22935,Dyke,Greene County,VA,Richmond Office
22923,Barboursville,Greene County,VA,Richmond Office
24292,Whitetop,Grayson County,VA,Richmond Office
24378,Troutdale,Grayson County,VA,Richmond Office
24363,Mouth Of Wilson,Grayson County,VA,Richmond Office
24348,Independence,Grayson County,VA,Richmond Office
24330,Fries,Grayson County,VA,Richmond Office
24326,Elk Creek,Grayson County,VA,Richmond Office
23153,Sandy Hook,Goochland County,VA,Richmond Office
23129,Oilville,Goochland County,VA,Richmond Office
23103,Manakin Sabot,Goochland County,VA,Richmond Office
23102,Maidens,Goochland County,VA,Richmond Office
23067,Hadensville,Goochland County,VA,Richmond Office
23065,Gum Spring,Goochland County,VA,Richmond Office
23063,Goochland,Goochland County,VA,Richmond Office
23039,Crozier,Goochland County,VA,Richmond Office
23038,Columbia,Goochland County,VA,Richmond Office
23190,Woods Cross Roads,Gloucester County,VA,Richmond Office
23184,Wicomico,Gloucester County,VA,Richmond Office
23183,White Marsh,Gloucester County,VA,Richmond Office
23178,Ware Neck,Gloucester County,VA,Richmond Office
23155,Severn,Gloucester County,VA,Richmond Office
23154,Schley,Gloucester County,VA,Richmond Office
23131,Ordinary,Gloucester County,VA,Richmond Office
23107,Maryus,Gloucester County,VA,Richmond Office
23072,Hayes,Gloucester County,VA,Richmond Office
23062,Gloucester Point,Gloucester County,VA,Richmond Office
23061,Gloucester,Gloucester County,VA,Richmond Office
23018,Bena,Gloucester County,VA,Richmond Office
23003,Ark,Gloucester County,VA,Richmond Office
23001,Achilles,Gloucester County,VA,Richmond Office
24167,Staffordsville,Giles County,VA,Richmond Office
24150,Ripplemead,Giles County,VA,Richmond Office
24147,Rich Creek,Giles County,VA,Richmond Office
24136,Pembroke,Giles County,VA,Richmond Office
24134,Pearisburg,Giles County,VA,Richmond Office
24128,Newport,Giles County,VA,Richmond Office
24124,Narrows,Giles County,VA,Richmond Office
24093,Glen Lyn,Giles County,VA,Richmond Office
24086,Eggleston,Giles County,VA,Richmond Office
24333,Galax,Galax city,VA,Richmond Office
22401,Fredericksburg,Fredericksburg city,VA,Alexandria Office
22402,Fredericksburg,Fredericksburg City,VA,Alexandria Office
22403,Fredericksburg,Fredericksburg City,VA,Alexandria Office
22404,Fredericksburg,Fredericksburg City,VA,Alexandria Office
22412,Fredericksburg,Fredericksburg City,VA,Alexandria Office
22602,Winchester,Frederick County,VA,Alexandria Office
22603,Winchester,Frederick County,VA,Alexandria Office
22663,White Post,Frederick County,VA,Alexandria Office
22656,Stephenson,Frederick County,VA,Alexandria Office
22655,Stephens City,Frederick County,VA,Alexandria Office
22654,Star Tannery,Frederick County,VA,Alexandria Office
22645,Middletown,Frederick County,VA,Alexandria Office
22649,Middletown,Frederick County,VA,Alexandria Office
22637,Gore,Frederick County,VA,Alexandria Office
22625,Cross Junction,Frederick County,VA,Alexandria Office
22624,Clear Brook,Frederick County,VA,Alexandria Office
22622,Brucetown,Frederick County,VA,Alexandria Office
24184,Wirtz,Franklin County,VA,Richmond Office
24176,Union Hall,Franklin County,VA,Richmond Office
24151,Rocky Mount,Franklin County,VA,Richmond Office
24146,Redwood,Franklin County,VA,Richmond Office
24137,Penhook,Franklin County,VA,Richmond Office
24102,Henry,Franklin County,VA,Richmond Office
24101,Hardy,Franklin County,VA,Richmond Office
24092,Glade Hill,Franklin County,VA,Richmond Office
24088,Ferrum,Franklin County,VA,Richmond Office
24067,Callaway,Franklin County,VA,Richmond Office
24065,Boones Mill,Franklin County,VA,Richmond Office
23851,Franklin,Franklin city,VA,Richmond Office
22974,Troy,Fluvanna County,VA,Richmond Office
22963,Palmyra,Fluvanna County,VA,Richmond Office
23084,Kents Store,Fluvanna County,VA,Richmond Office
23055,Fork Union,Fluvanna County,VA,Richmond Office
23022,Bremo Bluff,Fluvanna County,VA,Richmond Office
24380,Willis,Floyd County,VA,Richmond Office
24105,Indian Valley,Floyd County,VA,Richmond Office
24091,Floyd,Floyd County,VA,Richmond Office
24079,Copper Hill,Floyd County,VA,Richmond Office
24072,Check,Floyd County,VA,Richmond Office
20186,Warrenton,Fauquier County,VA,Alexandria Office
20187,Warrenton,Fauquier County,VA,Alexandria Office
20188,Warrenton,Fauquier County,VA,Alexandria Office
20184,Upperville,Fauquier County,VA,Alexandria Office
20185,Upperville,Fauquier County,VA,Alexandria Office
20198,The Plains,Fauquier County,VA,Alexandria Office
22742,Sumerduck,Fauquier County,VA,Alexandria Office
22739,Somerville,Fauquier County,VA,Alexandria Office
22734,Remington,Fauquier County,VA,Alexandria Office
20140,Rectortown,Fauquier County,VA,Alexandria Office
20128,Orlean,Fauquier County,VA,Alexandria Office
22728,Midland,Fauquier County,VA,Alexandria Office
20115,Marshall,Fauquier County,VA,Alexandria Office
20116,Marshall,Fauquier County,VA,Alexandria Office
22643,Markham,Fauquier County,VA,Alexandria Office
22639,Hume,Fauquier County,VA,Alexandria Office
22720,Goldvein,Fauquier County,VA,Alexandria Office
20144,Delaplane,Fauquier County,VA,Alexandria Office
20119,Catlett,Fauquier County,VA,Alexandria Office
20139,Casanova,Fauquier County,VA,Alexandria Office
20138,Calverton,Fauquier County,VA,Alexandria Office
20137,Broad Run,Fauquier County,VA,Alexandria Office
22712,Bealeton,Fauquier County,VA,Alexandria Office
22040,Falls Church,Falls Church City,VA,Alexandria Office
22046,Falls Church,Falls Church city,VA,Alexandria Office
22047,Falls Church,Falls Church City,VA,Alexandria Office
22103,West Mclean,Fairfax County,VA,Alexandria Office
22180,Vienna,Fairfax County,VA,Alexandria Office
22181,Vienna,Fairfax County,VA,Alexandria Office
22182,Vienna,Fairfax County,VA,Alexandria Office
22183,Vienna,Fairfax County,VA,Alexandria Office
22184,Vienna,Fairfax County,VA,Alexandria Office
22185,Vienna,Fairfax County,VA,Alexandria Office
22150,Springfield,Fairfax County,VA,Alexandria Office
22151,Springfield,Fairfax County,VA,Alexandria Office
22152,Springfield,Fairfax County,VA,Alexandria Office
22153,Springfield,Fairfax County,VA,Alexandria Office
22156,Springfield,Fairfax County,VA,Alexandria Office
22158,Springfield,Fairfax County,VA,Alexandria Office
22159,Springfield,Fairfax County,VA,Alexandria Office
22160,Springfield,Fairfax County,VA,Alexandria Office
22161,Springfield,Fairfax County,VA,Alexandria Office
20190,Reston,Fairfax County,VA,Alexandria Office
20191,Reston,Fairfax County,VA,Alexandria Office
20193,Reston,Fairfax County,VA,Alexandria Office
20194,Reston,Fairfax County,VA,Alexandria Office
20195,Reston,Fairfax County,VA,Alexandria Office
20196,Reston,Fairfax County,VA,Alexandria Office
22096,Reston,Fairfax County,VA,Alexandria Office
22124,Oakton,Fairfax County,VA,Alexandria Office
22122,Newington,Fairfax County,VA,Alexandria Office
22121,Mount Vernon,Fairfax County,VA,Alexandria Office
22081,Merrifield,Fairfax County,VA,Alexandria Office
22082,Merrifield,Fairfax County,VA,Alexandria Office
22116,Merrifield,Fairfax County,VA,Alexandria Office
22118,Merrifield,Fairfax County,VA,Alexandria Office
22119,Merrifield,Fairfax County,VA,Alexandria Office
22120,Merrifield,Fairfax County,VA,Alexandria Office
22101,Mc Lean,Fairfax County,VA,Alexandria Office
22102,Mc Lean,Fairfax County,VA,Alexandria Office
22106,Mc Lean,Fairfax County,VA,Alexandria Office
22107,Mc Lean,Fairfax County,VA,Alexandria Office
22108,Mc Lean,Fairfax County,VA,Alexandria Office
22109,Mc Lean,Fairfax County,VA,Alexandria Office
22079,Lorton,Fairfax County,VA,Alexandria Office
22199,Lorton,Fairfax County,VA,Alexandria Office
20170,Herndon,Fairfax County,VA,Alexandria Office
20171,Herndon,Fairfax County,VA,Alexandria Office
20172,Herndon,Fairfax County,VA,Alexandria Office
20192,Herndon,Fairfax County,VA,Alexandria Office
22092,Herndon,Fairfax County,VA,Alexandria Office
22095,Herndon,Fairfax County,VA,Alexandria Office
22067,Greenway,Fairfax County,VA,Alexandria Office
22066,Great Falls,Fairfax County,VA,Alexandria Office
22060,Fort Belvoir,Fairfax County,VA,Alexandria Office
22041,Falls Church,Fairfax County,VA,Alexandria Office
22042,Falls Church,Fairfax County,VA,Alexandria Office
22043,Falls Church,Fairfax County,VA,Alexandria Office
22044,Falls Church,Fairfax County,VA,Alexandria Office
22039,Fairfax Station,Fairfax County,VA,Alexandria Office
22030,Fairfax,Fairfax County,VA,Alexandria Office
22031,Fairfax,Fairfax County,VA,Alexandria Office
22032,Fairfax,Fairfax County,VA,Alexandria Office
22033,Fairfax,Fairfax County,VA,Alexandria Office
22035,Fairfax,Fairfax County,VA,Alexandria Office
22027,Dunn Loring,Fairfax County,VA,Alexandria Office
20598,Dhs,Fairfax County,VA,Alexandria Office
20124,Clifton,Fairfax County,VA,Alexandria Office
20151,Chantilly,Fairfax County,VA,Alexandria Office
20153,Chantilly,Fairfax County,VA,Alexandria Office
20120,Centreville,Fairfax County,VA,Alexandria Office
20121,Centreville,Fairfax County,VA,Alexandria Office
20122,Centreville,Fairfax County,VA,Alexandria Office
22009,Burke,Fairfax County,VA,Alexandria Office
22015,Burke,Fairfax County,VA,Alexandria Office
22003,Annandale,Fairfax County,VA,Alexandria Office
22303,Alexandria,Fairfax County,VA,Alexandria Office
22306,Alexandria,Fairfax County,VA,Alexandria Office
22307,Alexandria,Fairfax County,VA,Alexandria Office
22308,Alexandria,Fairfax County,VA,Alexandria Office
22309,Alexandria,Fairfax County,VA,Alexandria Office
22310,Alexandria,Fairfax County,VA,Alexandria Office
22312,Alexandria,Fairfax County,VA,Alexandria Office
22315,Alexandria,Fairfax County,VA,Alexandria Office
22034,Fairfax,Fairfax City,VA,Alexandria Office
22036,Fairfax,Fairfax City,VA,Alexandria Office
22037,Fairfax,Fairfax City,VA,Alexandria Office
22038,Fairfax,Fairfax City,VA,Alexandria Office
22560,Tappahannock,Essex County,VA,Richmond Office
23115,Millers Tavern,Essex County,VA,Richmond Office
22509,Loretto,Essex County,VA,Richmond Office
22504,Laneview,Essex County,VA,Richmond Office
22476,Hustle,Essex County,VA,Richmond Office
22454,Dunnsville,Essex County,VA,Richmond Office
22438,Champlain,Essex County,VA,Richmond Office
22437,Center Cross,Essex County,VA,Richmond Office
22436,Caret,Essex County,VA,Richmond Office
23894,Wilsons,Dinwiddie County,VA,Richmond Office
23885,Sutherland,Dinwiddie County,VA,Richmond Office
23872,Mc Kenney,Dinwiddie County,VA,Richmond Office
23850,Ford,Dinwiddie County,VA,Richmond Office
23841,Dinwiddie,Dinwiddie County,VA,Richmond Office
23840,Dewitt,Dinwiddie County,VA,Richmond Office
23833,Church Road,Dinwiddie County,VA,Richmond Office
24272,Nora,Dickenson County,VA,Richmond Office
24269,Mc Clure,Dickenson County,VA,Richmond Office
24256,Haysi,Dickenson County,VA,Richmond Office
24237,Dante,Dickenson County,VA,Richmond Office
24228,Clintwood,Dickenson County,VA,Richmond Office
24226,Clinchco,Dickenson County,VA,Richmond Office
24220,Birchleaf,Dickenson County,VA,Richmond Office
24217,Bee,Dickenson County,VA,Richmond Office
24540,Danville,Danville city,VA,Richmond Office
24541,Danville,Danville city,VA,Richmond Office
24543,Danville,Danville City,VA,Richmond Office
24544,Danville,Danville City,VA,Richmond Office
23040,Cumberland,Cumberland County,VA,Richmond Office
23027,Cartersville,Cumberland County,VA,Richmond Office
22741,Stevensburg,Culpeper County,VA,Alexandria Office
22737,Rixeyville,Culpeper County,VA,Alexandria Office
22736,Richardsville,Culpeper County,VA,Alexandria Office
22735,Reva,Culpeper County,VA,Alexandria Office
22733,Rapidan,Culpeper County,VA,Alexandria Office
22729,Mitchells,Culpeper County,VA,Alexandria Office
22726,Lignum,Culpeper County,VA,Alexandria Office
22724,Jeffersonton,Culpeper County,VA,Alexandria Office
22718,Elkwood,Culpeper County,VA,Alexandria Office
22701,Culpeper,Culpeper County,VA,Alexandria Office
22714,Brandy Station,Culpeper County,VA,Alexandria Office
22713,Boston,Culpeper County,VA,Alexandria Office
20106,Amissville,Culpeper County,VA,Alexandria Office
24131,Paint Bank,Craig County,VA,Richmond Office
24127,New Castle,Craig County,VA,Richmond Office
23834,Colonial Heights,Colonial Heights city,VA,Richmond Office
20130,Paris,Clarke County,VA,Alexandria Office
22646,Millwood,Clarke County,VA,Alexandria Office
22620,Boyce,Clarke County,VA,Alexandria Office
20135,Bluemont,Clarke County,VA,Alexandria Office
22611,Berryville,Clarke County,VA,Alexandria Office
23806,Virginia State University,Chesterfield County,VA,Richmond Office
23234,Richmond,Chesterfield County,VA,Richmond Office
23235,Richmond,Chesterfield County,VA,Richmond Office
23236,Richmond,Chesterfield County,VA,Richmond Office
23237,Richmond,Chesterfield County,VA,Richmond Office
23120,Moseley,Chesterfield County,VA,Richmond Office
23112,Midlothian,Chesterfield County,VA,Richmond Office
23113,Midlothian,Chesterfield County,VA,Richmond Office
23114,Midlothian,Chesterfield County,VA,Richmond Office
23832,Chesterfield,Chesterfield County,VA,Richmond Office
23838,Chesterfield,Chesterfield County,VA,Richmond Office
23831,Chester,Chesterfield County,VA,Richmond Office
23836,Chester,Chesterfield County,VA,Richmond Office
23320,Chesapeake,Chesapeake city,VA,Richmond Office
23321,Chesapeake,Chesapeake city,VA,Richmond Office
23322,Chesapeake,Chesapeake city,VA,Richmond Office
23323,Chesapeake,Chesapeake city,VA,Richmond Office
23324,Chesapeake,Chesapeake city,VA,Richmond Office
23325,Chesapeake,Chesapeake city,VA,Richmond Office
23326,Chesapeake,Chesapeake City,VA,Richmond Office
23327,Chesapeake,Chesapeake City,VA,Richmond Office
23328,Chesapeake,Chesapeake City,VA,Richmond Office
22902,Charlottesville,Charlottesville city,VA,Richmond Office
22903,Charlottesville,Charlottesville city,VA,Richmond Office
22905,Charlottesville,Charlottesville City,VA,Richmond Office
22906,Charlottesville,Charlottesville City,VA,Richmond Office
22907,Charlottesville,Charlottesville City,VA,Richmond Office
22908,Charlottesville,Charlottesville City,VA,Richmond Office
22909,Charlottesville,Charlottesville City,VA,Richmond Office
22910,Charlottesville,Charlottesville City,VA,Richmond Office
23976,Wylliesburg,Charlotte County,VA,Richmond Office
23967,Saxe,Charlotte County,VA,Richmond Office
23964,Red Oak,Charlotte County,VA,Richmond Office
23963,Red House,Charlotte County,VA,Richmond Office
23962,Randolph,Charlotte County,VA,Richmond Office
23959,Phenix,Charlotte County,VA,Richmond Office
23947,Keysville,Charlotte County,VA,Richmond Office
23937,Drakes Branch,Charlotte County,VA,Richmond Office
23934,Cullen,Charlotte County,VA,Richmond Office
23923,Charlotte Court House,Charlotte County,VA,Richmond Office
23030,Charles City,Charles City County,VA,Richmond Office
23147,Ruthville,Charles City,VA,Richmond Office
24381,Woodlawn,Carroll County,VA,Richmond Office
24352,Laurel Fork,Carroll County,VA,Richmond Office
24351,Lambsburg,Carroll County,VA,Richmond Office
24343,Hillsville,Carroll County,VA,Richmond Office
24328,Fancy Gap,Carroll County,VA,Richmond Office
24325,Dugspur,Carroll County,VA,Richmond Office
24317,Cana,Carroll County,VA,Richmond Office
24312,Austinville,Carroll County,VA,Richmond Office
22580,Woodford,Caroline County,VA,Richmond Office
22552,Sparta,Caroline County,VA,Richmond Office
22546,Ruther Glen,Caroline County,VA,Richmond Office
22538,Rappahannock Academy,Caroline County,VA,Richmond Office
22535,Port Royal,Caroline County,VA,Richmond Office
22514,Milford,Caroline County,VA,Richmond Office
22501,Ladysmith,Caroline County,VA,Richmond Office
22446,Corbin,Caroline County,VA,Richmond Office
22427,Bowling Green,Caroline County,VA,Richmond Office
22428,Bowling Green,Caroline County,VA,Richmond Office
24588,Rustburg,Campbell County,VA,Richmond Office
24576,Naruna,Campbell County,VA,Richmond Office
24571,Lynch Station,Campbell County,VA,Richmond Office
24554,Gladys,Campbell County,VA,Richmond Office
24550,Evington,Campbell County,VA,Richmond Office
24538,Concord,Campbell County,VA,Richmond Office
24528,Brookneal,Campbell County,VA,Richmond Office
24517,Altavista,Campbell County,VA,Richmond Office
24416,Buena Vista,Buena Vista city,VA,Richmond Office
24599,Wingina,Buckingham County,VA,Richmond Office
23123,New Canton,Buckingham County,VA,Richmond Office
24562,Howardsville,Buckingham County,VA,Richmond Office
23936,Dillwyn,Buckingham County,VA,Richmond Office
23921,Buckingham,Buckingham County,VA,Richmond Office
23004,Arvonia,Buckingham County,VA,Richmond Office
24658,Wolford,Buchanan County,VA,Richmond Office
24657,Whitewood,Buchanan County,VA,Richmond Office
24656,Vansant,Buchanan County,VA,Richmond Office
24647,Shortt Gap,Buchanan County,VA,Richmond Office
24646,Rowe,Buchanan County,VA,Richmond Office
24634,Pilgrims Knob,Buchanan County,VA,Richmond Office
24631,Oakwood,Buchanan County,VA,Richmond Office
24628,Maxie,Buchanan County,VA,Richmond Office
24627,Mavisdale,Buchanan County,VA,Richmond Office
24624,Keen Mountain,Buchanan County,VA,Richmond Office
24622,Jewell Ridge,Buchanan County,VA,Richmond Office
24620,Hurley,Buchanan County,VA,Richmond Office
24614,Grundy,Buchanan County,VA,Richmond Office
24239,Davenport,Buchanan County,VA,Richmond Office
24607,Breaks,Buchanan County,VA,Richmond Office
24603,Big Rock,Buchanan County,VA,Richmond Office
23893,White Plains,Brunswick County,VA,Richmond Office
23889,Warfield,Brunswick County,VA,Richmond Office
23887,Valentines,Brunswick County,VA,Richmond Office
23876,Rawlings,Brunswick County,VA,Richmond Office
23873,Meredithville,Brunswick County,VA,Richmond Office
23868,Lawrenceville,Brunswick County,VA,Richmond Office
23857,Gasburg,Brunswick County,VA,Richmond Office
23856,Freeman,Brunswick County,VA,Richmond Office
23845,Ebony,Brunswick County,VA,Richmond Office
23938,Dundas,Brunswick County,VA,Richmond Office
23843,Dolphin,Brunswick County,VA,Richmond Office
23920,Brodnax,Brunswick County,VA,Richmond Office
23821,Alberta,Brunswick County,VA,Richmond Office
24201,Bristol,Bristol city,VA,Richmond Office
24203,Bristol,Bristol City,VA,Richmond Office
24205,Bristol,Bristol City,VA,Richmond Office
24209,Bristol,Bristol City,VA,Richmond Office
24175,Troutville,Botetourt County,VA,Richmond Office
24130,Oriskany,Botetourt County,VA,Richmond Office
24438,Glen Wilton,Botetourt County,VA,Richmond Office
24090,Fincastle,Botetourt County,VA,Richmond Office
24085,Eagle Rock,Botetourt County,VA,Richmond Office
24083,Daleville,Botetourt County,VA,Richmond Office
24077,Cloverdale,Botetourt County,VA,Richmond Office
24066,Buchanan,Botetourt County,VA,Richmond Office
24064,Blue Ridge,Botetourt County,VA,Richmond Office
24366,Rocky Gap,Bland County,VA,Richmond Office
24318,Ceres,Bland County,VA,Richmond Office
24315,Bland,Bland County,VA,Richmond Office
24314,Bastian,Bland County,VA,Richmond Office
24178,Villamont,Bedford County,VA,Richmond Office
24174,Thaxton,Bedford County,VA,Richmond Office
24122,Montvale,Bedford County,VA,Richmond Office
24121,Moneta,Bedford County,VA,Richmond Office
24570,Lowry,Bedford County,VA,Richmond Office
24104,Huddleston,Bedford County,VA,Richmond Office
24095,Goodview,Bedford County,VA,Richmond Office
24556,Goode,Bedford County,VA,Richmond Office
24551,Forest,Bedford County,VA,Richmond Office
24536,Coleman Falls,Bedford County,VA,Richmond Office
24526,Big Island,Bedford County,VA,Richmond Office
24523,Bedford,Bedford County,VA,Richmond Office
24487,Williamsville,Bath County,VA,Richmond Office
24484,Warm Springs,Bath County,VA,Richmond Office
24460,Millboro,Bath County,VA,Richmond Office
24445,Hot Springs,Bath County,VA,Richmond Office
24412,Bacova,Bath County,VA,Richmond Office
24486,Weyers Cave,Augusta County,VA,Richmond Office
24485,West Augusta,Augusta County,VA,Richmond Office
24482,Verona,Augusta County,VA,Richmond Office
24479,Swoope,Augusta County,VA,Richmond Office
24477,Stuarts Draft,Augusta County,VA,Richmond Office
24476,Steeles Tavern,Augusta County,VA,Richmond Office
24469,New Hope,Augusta County,VA,Richmond Office
22843,Mount Solon,Augusta County,VA,Richmond Office
24467,Mount Sidney,Augusta County,VA,Richmond Office
24463,Mint Spring,Augusta County,VA,Richmond Office
24459,Middlebrook,Augusta County,VA,Richmond Office
22952,Lyndhurst,Augusta County,VA,Richmond Office
24440,Greenville,Augusta County,VA,Richmond Office
24437,Fort Defiance,Augusta County,VA,Richmond Office
22939,Fishersville,Augusta County,VA,Richmond Office
24432,Deerfield,Augusta County,VA,Richmond Office
24431,Crimora,Augusta County,VA,Richmond Office
24430,Craigsville,Augusta County,VA,Richmond Office
24421,Churchville,Augusta County,VA,Richmond Office
24411,Augusta Springs,Augusta County,VA,Richmond Office
22211,Fort Myer,Arlington County,VA,Alexandria Office
22201,Arlington,Arlington County,VA,Alexandria Office
22202,Arlington,Arlington County,VA,Alexandria Office
22203,Arlington,Arlington County,VA,Alexandria Office
22204,Arlington,Arlington County,VA,Alexandria Office
22205,Arlington,Arlington County,VA,Alexandria Office
22206,Arlington,Arlington County,VA,Alexandria Office
22207,Arlington,Arlington County,VA,Alexandria Office
22209,Arlington,Arlington County,VA,Alexandria Office
22210,Arlington,Arlington County,VA,Alexandria Office
22212,Arlington,Arlington County,VA,Alexandria Office
22213,Arlington,Arlington County,VA,Alexandria Office
22214,Arlington,Arlington County,VA,Alexandria Office
22215,Arlington,Arlington County,VA,Alexandria Office
22216,Arlington,Arlington County,VA,Alexandria Office
22217,Arlington,Arlington County,VA,Alexandria Office
22218,Arlington,Arlington County,VA,Alexandria Office
22219,Arlington,Arlington County,VA,Alexandria Office
22222,Arlington,Arlington County,VA,Alexandria Office
22223,Arlington,Arlington County,VA,Alexandria Office
22225,Arlington,Arlington County,VA,Alexandria Office
22226,Arlington,Arlington County,VA,Alexandria Office
22227,Arlington,Arlington County,VA,Alexandria Office
22229,Arlington,Arlington County,VA,Alexandria Office
22230,Arlington,Arlington County,VA,Alexandria Office
22234,Arlington,Arlington County,VA,Alexandria Office
22240,Arlington,Arlington County,VA,Alexandria Office
22241,Arlington,Arlington County,VA,Alexandria Office
22242,Arlington,Arlington County,VA,Alexandria Office
22243,Arlington,Arlington County,VA,Alexandria Office
22244,Arlington,Arlington County,VA,Alexandria Office
22245,Arlington,Arlington County,VA,Alexandria Office
22246,Arlington,Arlington County,VA,Alexandria Office
24593,Spout Spring,Appomattox County,VA,Richmond Office
23958,Pamplin,Appomattox County,VA,Richmond Office
23939,Evergreen,Appomattox County,VA,Richmond Office
24522,Appomattox,Appomattox County,VA,Richmond Office
24595,Sweet Briar,Amherst County,VA,Richmond Office
24574,Monroe,Amherst County,VA,Richmond Office
24572,Madison Heights,Amherst County,VA,Richmond Office
24533,Clifford,Amherst County,VA,Richmond Office
24521,Amherst,Amherst County,VA,Richmond Office
23105,Mannboro,Amelia County,VA,Richmond Office
23083,Jetersville,Amelia County,VA,Richmond Office
23822,Ammon,Amelia County,VA,Richmond Office
23002,Amelia Court House,Amelia County,VA,Richmond Office
24474,Selma,Alleghany County,VA,Richmond Office
24457,Low Moor,Alleghany County,VA,Richmond Office
24448,Iron Gate,Alleghany County,VA,Richmond Office
24426,Covington,Alleghany County,VA,Richmond Office
24422,Clifton Forge,Alleghany County,VA,Richmond Office
22301,Alexandria,Alexandria city,VA,Alexandria Office
22302,Alexandria,Alexandria city,VA,Alexandria Office
22304,Alexandria,Alexandria city,VA,Alexandria Office
22305,Alexandria,Alexandria city,VA,Alexandria Office
22311,Alexandria,Alexandria city,VA,Alexandria Office
22313,Alexandria,Alexandria City,VA,Alexandria Office
22314,Alexandria,Alexandria city,VA,Alexandria Office
22320,Alexandria,Alexandria City,VA,Alexandria Office
22321,Alexandria,Alexandria City,VA,Alexandria Office
22331,Alexandria,Alexandria City,VA,Alexandria Office
22332,Alexandria,Alexandria City,VA,Alexandria Office
22333,Alexandria,Alexandria City,VA,Alexandria Office
22334,Alexandria,Alexandria City,VA,Alexandria Office
22336,Alexandria,Alexandria City,VA,Alexandria Office
22987,White Hall,Albemarle County,VA,Richmond Office
24590,Scottsville,Albemarle County,VA,Richmond Office
22959,North Garden,Albemarle County,VA,Richmond Office
22947,Keswick,Albemarle County,VA,Richmond Office
22946,Keene,Albemarle County,VA,Richmond Office
22945,Ivy,Albemarle County,VA,Richmond Office
22943,Greenwood,Albemarle County,VA,Richmond Office
22940,Free Union,Albemarle County,VA,Richmond Office
22937,Esmont,Albemarle County,VA,Richmond Office
22936,Earlysville,Albemarle County,VA,Richmond Office
22932,Crozet,Albemarle County,VA,Richmond Office
22931,Covesville,Albemarle County,VA,Richmond Office
22901,Charlottesville,Albemarle County,VA,Richmond Office
22904,Charlottesville,Albemarle County,VA,Richmond Office
22911,Charlottesville,Albemarle County,VA,Richmond Office
22924,Batesville,Albemarle County,VA,Richmond Office
23488,Withams,Accomack County,VA,Richmond Office
23483,Wattsville,Accomack County,VA,Richmond Office
23337,Wallops Island,Accomack County,VA,Richmond Office
23480,Wachapreague,Accomack County,VA,Richmond Office
23442,Temperanceville,Accomack County,VA,Richmond Office
23441,Tasley,Accomack County,VA,Richmond Office
23440,Tangier,Accomack County,VA,Richmond Office
23427,Saxis,Accomack County,VA,Richmond Office
23426,Sanford,Accomack County,VA,Richmond Office
23423,Quinby,Accomack County,VA,Richmond Office
23422,Pungoteague,Accomack County,VA,Richmond Office
23421,Parksley,Accomack County,VA,Richmond Office
23420,Painter,Accomack County,VA,Richmond Office
23418,Onley,Accomack County,VA,Richmond Office
23417,Onancock,Accomack County,VA,Richmond Office
23396,Oak Hall,Accomack County,VA,Richmond Office
23416,Oak Hall,Accomack County,VA,Richmond Office
23415,New Church,Accomack County,VA,Richmond Office
23414,Nelsonia,Accomack County,VA,Richmond Office
23412,Modest Town,Accomack County,VA,Richmond Office
23410,Melfa,Accomack County,VA,Richmond Office
23409,Mears,Accomack County,VA,Richmond Office
23407,Mappsville,Accomack County,VA,Richmond Office
23404,Locustville,Accomack County,VA,Richmond Office
23401,Keller,Accomack County,VA,Richmond Office
23399,Jenkins Bridge,Accomack County,VA,Richmond Office
23395,Horntown,Accomack County,VA,Richmond Office
23389,Harborton,Accomack County,VA,Richmond Office
23359,Hallwood,Accomack County,VA,Richmond Office
23358,Hacksneck,Accomack County,VA,Richmond Office
23357,Greenbush,Accomack County,VA,Richmond Office
23356,Greenbackville,Accomack County,VA,Richmond Office
23345,Davis Wharf,Accomack County,VA,Richmond Office
23341,Craddockville,Accomack County,VA,Richmond Office
23336,Chincoteague Island,Accomack County,VA,Richmond Office
23308,Bloxom,Accomack County,VA,Richmond Office
23306,Belle Haven,Accomack County,VA,Richmond Office
23303,Atlantic,Accomack County,VA,Richmond Office
23302,Assawoman,Accomack County,VA,Richmond Office
23301,Accomac,Accomack County,VA,Richmond Office
22350,Alexandria,,VA,Alexandria Office
64720,Adrian,,MO,St. Louis Office
63730,Advance,Adair County,MO,St. Louis Office
64401,Agency,Adair County,MO,St. Louis Office
64830,Alba,Adair County,MO,St. Louis Office
64402,Albany,Adair County,MO,St. Louis Office
65601,Aldrich,Adair County,MO,St. Louis Office
63430,Alexandria,Andrew County,MO,Kansas City Office
64420,Allendale,Andrew County,MO,Kansas City Office
63001,Allenton,Andrew County,MO,Kansas City Office
64001,Alma,Andrew County,MO,Kansas City Office
64620,Altamont,Andrew County,MO,Kansas City Office
63732,Altenburg,Andrew County,MO,Kansas City Office
65606,Alton,Andrew County,MO,Kansas City Office
64421,Amazonia,Andrew County,MO,Kansas City Office
64422,Amity,Atchison County,MO,Kansas City Office
64722,Amoret,Atchison County,MO,Kansas City Office
64723,Amsterdam,Atchison County,MO,Kansas City Office
63431,Anabel,Atchison County,MO,Kansas City Office
64831,Anderson,Atchison County,MO,Kansas City Office
63330,Annada,Audrain County,MO,St. Louis Office
63620,Annapolis,Audrain County,MO,St. Louis Office
63820,Anniston,Audrain County,MO,St. Louis Office
64724,Appleton City,Audrain County,MO,St. Louis Office
63432,Arbela,Audrain County,MO,St. Louis Office
63821,Arbyrd,Audrain County,MO,St. Louis Office
63621,Arcadia,Audrain County,MO,St. Louis Office
64725,Archie,Audrain County,MO,St. Louis Office
65603,Arcola,Barry County,MO,Kansas City Office
65001,Argyle,Barry County,MO,Kansas City Office
65230,Armstrong,Barry County,MO,Kansas City Office
63010,Arnold,Barry County,MO,Kansas City Office
65320,Arrow Rock,Barry County,MO,Kansas City Office
64832,Asbury,Barry County,MO,Kansas City Office
65604,Ash Grove,Barry County,MO,Kansas City Office
63433,Ashburn,Barry County,MO,Kansas City Office
65010,Ashland,Barry County,MO,Kansas City Office
63530,Atlanta,Barry County,MO,Kansas City Office
63332,Augusta,Barry County,MO,Kansas City Office
65605,Aurora,Barton County,MO,Kansas City Office
65231,Auxvasse,Barton County,MO,Kansas City Office
65608,Ava,Barton County,MO,Kansas City Office
64833,Avilla,Barton County,MO,Kansas City Office
65609,Bakersfield,Barton County,MO,Kansas City Office
63021,Ballwin,Bates County,MO,Kansas City Office
63022,Ballwin,Bates County,MO,Kansas City Office
63024,Ballwin,Bates County,MO,Kansas City Office
63011,Ballwin,Bates County,MO,Kansas City Office
63531,Baring,Bates County,MO,Kansas City Office
64423,Barnard,Bates County,MO,Kansas City Office
65011,Barnett,Bates County,MO,Kansas City Office
63012,Barnhart,Bates County,MO,Kansas City Office
64011,Bates City,Benton County,MO,St. Louis Office
63013,Beaufort,Benton County,MO,St. Louis Office
63622,Belgrade,Benton County,MO,St. Louis Office
63735,Bell City,Benton County,MO,St. Louis Office
65013,Belle,Benton County,MO,St. Louis Office
63623,Belleview,Bollinger County,MO,St. Louis Office
63333,Bellflower,Bollinger County,MO,St. Louis Office
64012,Belton,Bollinger County,MO,St. Louis Office
63736,Benton,Bollinger County,MO,St. Louis Office
65232,Benton City,Bollinger County,MO,St. Louis Office
63014,Berger,Bollinger County,MO,St. Louis Office
63822,Bernie,Bollinger County,MO,St. Louis Office
63823,Bertrand,Bollinger County,MO,St. Louis Office
64424,Bethany,Boone County,MO,St. Louis Office
63434,Bethel,Boone County,MO,St. Louis Office
65436,Beulah,Boone County,MO,St. Louis Office
63532,Bevier,Boone County,MO,St. Louis Office
65610,Billings,Boone County,MO,St. Louis Office
65438,Birch Tree,Boone County,MO,St. Louis Office
63624,Bismarck,Boone County,MO,St. Louis Office
65439,Bixby,Boone County,MO,St. Louis Office
63625,Black,Boone County,MO,St. Louis Office
65321,Blackburn,Boone County,MO,St. Louis Office
65322,Blackwater,Boone County,MO,St. Louis Office
63626,Blackwell,Boone County,MO,St. Louis Office
64726,Blairstown,Boone County,MO,St. Louis Office
65014,Bland,Boone County,MO,St. Louis Office
63824,Blodgett,Boone County,MO,St. Louis Office
63825,Bloomfield,Boone County,MO,St. Louis Office
63627,Bloomsdale,Boone County,MO,St. Louis Office
65611,Blue Eye,Boone County,MO,St. Louis Office
64013,Blue Springs,Buchanan County,MO,Kansas City Office
64014,Blue Springs,Buchanan County,MO,Kansas City Office
64015,Blue Springs,Buchanan County,MO,Kansas City Office
64426,Blythedale,Buchanan County,MO,Kansas City Office
64622,Bogard,Buchanan County,MO,Kansas City Office
65612,Bois D Arc,Buchanan County,MO,Kansas City Office
64427,Bolckow,Buchanan County,MO,Kansas City Office
65613,Bolivar,Buchanan County,MO,Kansas City Office
63628,Bonne Terre,Buchanan County,MO,Kansas City Office
65016,Bonnots Mill,Buchanan County,MO,Kansas City Office
65233,Boonville,Buchanan County,MO,Kansas City Office
65440,Boss,Buchanan County,MO,Kansas City Office
64623,Bosworth,Buchanan County,MO,Kansas City Office
65441,Bourbon,Butler County,MO,St. Louis Office
63334,Bowling Green,Butler County,MO,St. Louis Office
65614,Bradleyville,Butler County,MO,St. Louis Office
63827,Bragg City,Butler County,MO,St. Louis Office
63826,Braggadocio,Butler County,MO,St. Louis Office
65688,Brandsville,Butler County,MO,St. Louis Office
65615,Branson,Butler County,MO,St. Louis Office
65616,Branson,Butler County,MO,St. Louis Office
63533,Brashear,Butler County,MO,St. Louis Office
64624,Braymer,Caldwell County,MO,Kansas City Office
63737,Brazeau,Caldwell County,MO,Kansas City Office
64625,Breckenridge,Caldwell County,MO,Kansas City Office
63931,Briar,Caldwell County,MO,Kansas City Office
63044,Bridgeton,Caldwell County,MO,Kansas City Office
65617,Brighton,Caldwell County,MO,Kansas City Office
65443,Brinktown,Caldwell County,MO,Kansas City Office
65618,Brixey,Callaway County,MO,St. Louis Office
64728,Bronaugh,Callaway County,MO,St. Louis Office
64628,Brookfield,Callaway County,MO,St. Louis Office
65619,Brookline,Callaway County,MO,St. Louis Office
63932,Broseley,Callaway County,MO,St. Louis Office
64630,Browning,Callaway County,MO,St. Louis Office
63738,Brownwood,Callaway County,MO,St. Louis Office
65017,Brumley,Callaway County,MO,St. Louis Office
65620,Bruner,Callaway County,MO,St. Louis Office
65236,Brunswick,Callaway County,MO,St. Louis Office
64631,Bucklin,Camden County,MO,St. Louis Office
64016,Buckner,Camden County,MO,St. Louis Office
65444,Bucyrus,Camden County,MO,St. Louis Office
65622,Buffalo,Camden County,MO,St. Louis Office
65237,Bunceton,Camden County,MO,St. Louis Office
63629,Bunker,Camden County,MO,St. Louis Office
63739,Burfordville,Camden County,MO,St. Louis Office
64428,Burlington Junction,Camden County,MO,St. Louis Office
64730,Butler,Camden County,MO,St. Louis Office
65623,Butterfield,Camden County,MO,St. Louis Office
65689,Cabool,Cape Girardeau County,MO,St. Louis Office
63630,Cadet,Cape Girardeau County,MO,St. Louis Office
64632,Cainsville,Cape Girardeau County,MO,St. Louis Office
65239,Cairo,Cape Girardeau County,MO,St. Louis Office
63631,Caledonia,Cape Girardeau County,MO,St. Louis Office
65323,Calhoun,Cape Girardeau County,MO,St. Louis Office
65018,California,Cape Girardeau County,MO,St. Louis Office
63534,Callao,Cape Girardeau County,MO,St. Louis Office
64017,Camden,Cape Girardeau County,MO,St. Louis Office
64018,Camden Point,Cape Girardeau County,MO,St. Louis Office
65020,Camdenton,Cape Girardeau County,MO,St. Louis Office
64429,Cameron,Cape Girardeau County,MO,St. Louis Office
63933,Campbell,Cape Girardeau County,MO,St. Louis Office
63828,Canalou,Cape Girardeau County,MO,St. Louis Office
63435,Canton,Cape Girardeau County,MO,St. Louis Office
65624,Cape Fair,Carroll County,MO,St. Louis Office
63701,Cape Girardeau,Carroll County,MO,St. Louis Office
63702,Cape Girardeau,Carroll County,MO,St. Louis Office
63703,Cape Girardeau,Carroll County,MO,St. Louis Office
65607,Caplinger Mills,Carroll County,MO,St. Louis Office
63829,Cardwell,Carroll County,MO,St. Louis Office
64834,Carl Junction,Carroll County,MO,St. Louis Office
64633,Carrollton,Carroll County,MO,St. Louis Office
64835,Carterville,Carter County,MO,St. Louis Office
64836,Carthage,Carter County,MO,St. Louis Office
63830,Caruthersville,Carter County,MO,St. Louis Office
63632,Cascade,Carter County,MO,St. Louis Office
65625,Cassville,Cass County,MO,Kansas City Office
63015,Catawissa,Cass County,MO,Kansas City Office
63833,Catron,Cass County,MO,Kansas City Office
65626,Caulfield,Cass County,MO,Kansas City Office
63016,Cedar Hill,Cass County,MO,Kansas City Office
65627,Cedarcreek,Cass County,MO,Kansas City Office
63436,Center,Cass County,MO,Kansas City Office
65023,Centertown,Cass County,MO,Kansas City Office
64019,Centerview,Cass County,MO,Kansas City Office
63633,Centerville,Cass County,MO,Kansas City Office
65240,Centralia,Cass County,MO,Kansas City Office
65629,Chadwick,Cass County,MO,Kansas City Office
63740,Chaffee,Cass County,MO,Kansas City Office
65024,Chamois,Cedar County,MO,Kansas City Office
63834,Charleston,Cedar County,MO,Kansas City Office
65446,Cherryville,Cedar County,MO,Kansas City Office
63017,Chesterfield,Cedar County,MO,Kansas City Office
63005,Chesterfield,Chariton County,MO,St. Louis Office
63006,Chesterfield,Chariton County,MO,St. Louis Office
65630,Chestnutridge,Chariton County,MO,St. Louis Office
64733,Chilhowee,Chariton County,MO,St. Louis Office
64601,Chillicothe,Chariton County,MO,St. Louis Office
64635,Chula,Chariton County,MO,St. Louis Office
63437,Clarence,Chariton County,MO,St. Louis Office
65243,Clark,Chariton County,MO,St. Louis Office
65025,Clarksburg,Christian County,MO,Kansas City Office
64430,Clarksdale,Christian County,MO,Kansas City Office
63336,Clarksville,Christian County,MO,Kansas City Office
63837,Clarkton,Christian County,MO,Kansas City Office
64431,Clearmont,Christian County,MO,Kansas City Office
64734,Cleveland,Christian County,MO,Kansas City Office
65631,Clever,Christian County,MO,Kansas City Office
65244,Clifton Hill,Christian County,MO,Kansas City Office
65324,Climax Springs,Christian County,MO,Kansas City Office
64735,Clinton,Christian County,MO,Kansas City Office
63934,Clubb,Christian County,MO,Kansas City Office
64432,Clyde,Christian County,MO,Kansas City Office
63535,Coatsville,Clark County,MO,St. Louis Office
64636,Coffey,Clark County,MO,St. Louis Office
65325,Cole Camp,Clark County,MO,St. Louis Office
64738,Collins,Clark County,MO,St. Louis Office
65205,Columbia,Clark County,MO,St. Louis Office
65211,Columbia,Clark County,MO,St. Louis Office
65212,Columbia,Clark County,MO,St. Louis Office
65215,Columbia,Clay County,MO,Kansas City Office
65216,Columbia,Clay County,MO,Kansas City Office
65217,Columbia,Clay County,MO,Kansas City Office
65218,Columbia,Clay County,MO,Kansas City Office
65201,Columbia,Clay County,MO,Kansas City Office
65202,Columbia,Clay County,MO,Kansas City Office
65203,Columbia,Clay County,MO,Kansas City Office
65299,Columbia,Clay County,MO,Kansas City Office
63742,Commerce,Clay County,MO,Kansas City Office
64433,Conception,Clay County,MO,Kansas City Office
64434,Conception Junction,Clay County,MO,Kansas City Office
64020,Concordia,Clay County,MO,Kansas City Office
65632,Conway,Clay County,MO,Kansas City Office
65449,Cook Sta,Clay County,MO,Kansas City Office
63839,Cooter,Clay County,MO,Kansas City Office
64021,Corder,Clay County,MO,Kansas City Office
64436,Cosby,Clay County,MO,Kansas City Office
63338,Cottleville,Clay County,MO,Kansas City Office
65690,Couch,Clay County,MO,Kansas City Office
64637,Cowgill,Clay County,MO,Kansas City Office
64437,Craig,Clinton County,MO,Kansas City Office
65633,Crane,Clinton County,MO,Kansas City Office
64739,Creighton,Clinton County,MO,Kansas City Office
65452,Crocker,Clinton County,MO,Kansas City Office
65634,Cross Timbers,Clinton County,MO,Kansas City Office
63019,Crystal City,Clinton County,MO,Kansas City Office
65453,Cuba,Cole County,MO,St. Louis Office
63339,Curryville,Cole County,MO,St. Louis Office
65635,Dadeville,Cole County,MO,St. Louis Office
63743,Daisy,Cole County,MO,St. Louis Office
65246,Dalton,Cole County,MO,St. Louis Office
64438,Darlington,Cole County,MO,St. Louis Office
65456,Davisville,Cole County,MO,St. Louis Office
64638,Dawn,Cole County,MO,St. Louis Office
64440,De Kalb,Cole County,MO,St. Louis Office
63020,De Soto,Cole County,MO,St. Louis Office
64639,De Witt,Cole County,MO,St. Louis Office
64439,Dearborn,Cole County,MO,St. Louis Office
64740,Deepwater,Cole County,MO,St. Louis Office
64741,Deerfield,Cole County,MO,St. Louis Office
63840,Deering,Cole County,MO,St. Louis Office
63341,Defiance,Cole County,MO,St. Louis Office
63744,Delta,Cooper County,MO,St. Louis Office
64441,Denver,Cooper County,MO,St. Louis Office
63636,Des Arc,Cooper County,MO,St. Louis Office
65457,Devils Elbow,Cooper County,MO,St. Louis Office
63841,Dexter,Cooper County,MO,St. Louis Office
64840,Diamond,Cooper County,MO,St. Louis Office
65636,Diggins,Cooper County,MO,St. Louis Office
63023,Dittmer,Crawford County,MO,St. Louis Office
65459,Dixon,Crawford County,MO,St. Louis Office
63637,Doe Run,Crawford County,MO,St. Louis Office
63935,Doniphan,Crawford County,MO,St. Louis Office
65637,Dora,Crawford County,MO,St. Louis Office
64022,Dover,Crawford County,MO,St. Louis Office
63536,Downing,Crawford County,MO,St. Louis Office
64742,Drexel,Crawford County,MO,St. Louis Office
65638,Drury,Dade County,MO,Kansas City Office
63936,Dudley,Dade County,MO,Kansas City Office
64841,Duenweg,Dade County,MO,Kansas City Office
65461,Duke,Dade County,MO,Kansas City Office
65640,Dunnegan,Dade County,MO,Kansas City Office
63438,Durham,Dade County,MO,Kansas City Office
63745,Dutchtown,Dallas County,MO,Kansas City Office
63342,Dutzow,Dallas County,MO,Kansas City Office
65641,Eagle Rock,Dallas County,MO,Kansas City Office
64442,Eagleville,Dallas County,MO,Kansas City Office
63045,Earth City,Dallas County,MO,Kansas City Office
64743,East Lynne,Dallas County,MO,Kansas City Office
63845,East Prairie,Dallas County,MO,Kansas City Office
64443,Easton,Daviess County,MO,Kansas City Office
65462,Edgar Springs,Daviess County,MO,Kansas City Office
64444,Edgerton,Daviess County,MO,Kansas City Office
63537,Edina,Daviess County,MO,Kansas City Office
65326,Edwards,Daviess County,MO,Kansas City Office
64744,El Dorado Springs,Daviess County,MO,Kansas City Office
65026,Eldon,Daviess County,MO,Kansas City Office
65463,Eldridge,Daviess County,MO,Kansas City Office
65464,Elk Creek,DeKalb County,MO,Kansas City Office
65644,Elkland,DeKalb County,MO,Kansas City Office
63638,Ellington,Dekalb County,MO,Kansas City Office
63937,Ellsinore,DeKalb County,MO,Kansas City Office
63538,Elmer,DeKalb County,MO,Kansas City Office
64445,Elmo,DeKalb County,MO,Kansas City Office
63343,Elsberry,DeKalb County,MO,Kansas City Office
63439,Emden,DeKalb County,MO,Kansas City Office
65466,Eminence,Dent County,MO,St. Louis Office
65327,Emma,Dent County,MO,St. Louis Office
63344,Eolia,Dent County,MO,St. Louis Office
63846,Essex,Dent County,MO,St. Louis Office
63539,Ethel,Dent County,MO,St. Louis Office
65032,Eugene,Douglas County,MO,Kansas City Office
65468,Eunice,Douglas County,MO,Kansas City Office
63025,Eureka,Douglas County,MO,Kansas City Office
65646,Everton,Douglas County,MO,Kansas City Office
63440,Ewing,Dunklin County,MO,St. Louis Office
65247,Excello,Dunklin County,MO,St. Louis Office
64024,Excelsior Springs,Dunklin County,MO,St. Louis Office
65647,Exeter,Dunklin County,MO,St. Louis Office
63938,Fagus,Dunklin County,MO,St. Louis Office
65648,Fair Grove,Dunklin County,MO,St. Louis Office
65649,Fair Play,Dunklin County,MO,St. Louis Office
63939,Fairdealing,Dunklin County,MO,St. Louis Office
64446,Fairfax,Dunklin County,MO,St. Louis Office
64842,Fairview,Dunklin County,MO,St. Louis Office
65470,Falcon,Dunklin County,MO,St. Louis Office
63345,Farber,Dunklin County,MO,St. Louis Office
64028,Farley,Dunklin County,MO,St. Louis Office
63640,Farmington,Franklin County,MO,St. Louis Office
63746,Farrar,Franklin County,MO,St. Louis Office
64448,Faucett,Franklin County,MO,St. Louis Office
65248,Fayette,Franklin County,MO,St. Louis Office
63026,Fenton,Franklin County,MO,St. Louis Office
63099,Fenton,Franklin County,MO,St. Louis Office
63028,Festus,Franklin County,MO,St. Louis Office
64449,Fillmore,Franklin County,MO,St. Louis Office
63940,Fisk,Franklin County,MO,St. Louis Office
65650,Flemington,Franklin County,MO,St. Louis Office
63030,Fletcher,Franklin County,MO,St. Louis Office
63346,Flinthill,Franklin County,MO,St. Louis Office
65329,Florence,Franklin County,MO,St. Louis Office
63031,Florissant,Franklin County,MO,St. Louis Office
63032,Florissant,Franklin County,MO,St. Louis Office
63033,Florissant,Franklin County,MO,St. Louis Office
63034,Florissant,Franklin County,MO,St. Louis Office
63347,Foley,Franklin County,MO,St. Louis Office
65652,Fordland,Franklin County,MO,St. Louis Office
64451,Forest City,Franklin County,MO,St. Louis Office
63348,Foristell,Gasconade County,MO,St. Louis Office
65653,Forsyth,Gasconade County,MO,St. Louis Office
65473,Fort Leonard Wood,Gasconade County,MO,St. Louis Office
65034,Fortuna,Gasconade County,MO,St. Louis Office
64745,Foster,Gasconade County,MO,St. Louis Office
63441,Frankford,Gasconade County,MO,St. Louis Office
65250,Franklin,Gasconade County,MO,St. Louis Office
63645,Fredericktown,Gentry County,MO,Kansas City Office
65035,Freeburg,Gentry County,MO,Kansas City Office
64746,Freeman,Gentry County,MO,Kansas City Office
65654,Freistatt,Gentry County,MO,Kansas City Office
63941,Fremont,Gentry County,MO,Kansas City Office
63036,French Village,Gentry County,MO,Kansas City Office
63747,Friedheim,Greene County,MO,Kansas City Office
63748,Frohna,Greene County,MO,Kansas City Office
65251,Fulton,Greene County,MO,Kansas City Office
65655,Gainesville,Greene County,MO,Kansas City Office
65656,Galena,Greene County,MO,Kansas City Office
64640,Gallatin,Greene County,MO,Kansas City Office
64641,Galt,Greene County,MO,Kansas City Office
64747,Garden City,Greene County,MO,Kansas City Office
65657,Garrison,Greene County,MO,Kansas City Office
65036,Gasconade,Greene County,MO,Kansas City Office
63942,Gatewood,Greene County,MO,Kansas City Office
64453,Gentry,Greene County,MO,Kansas City Office
63037,Gerald,Greene County,MO,Kansas City Office
63540,Gibbs,Greene County,MO,Kansas City Office
63847,Gibson,Greene County,MO,Kansas City Office
63848,Gideon,Greene County,MO,Kansas City Office
65330,Gilliam,Greene County,MO,Kansas City Office
64642,Gilman City,Greene County,MO,Kansas City Office
63750,Gipsy,Greene County,MO,Kansas City Office
65254,Glasgow,Greene County,MO,Kansas City Office
63751,Glenallen,Greene County,MO,Kansas City Office
63541,Glenwood,Greene County,MO,Kansas City Office
63849,Gobler,Greene County,MO,Kansas City Office
65658,Golden,Greene County,MO,Kansas City Office
64748,Golden City,Greene County,MO,Kansas City Office
64843,Goodman,Grundy County,MO,St. Louis Office
63752,Gordonville,Grundy County,MO,St. Louis Office
63543,Gorin,Grundy County,MO,St. Louis Office
64454,Gower,Grundy County,MO,St. Louis Office
65660,Graff,Harrison County,MO,Kansas City Office
64455,Graham,Harrison County,MO,Kansas City Office
64029,Grain Valley,Harrison County,MO,Kansas City Office
64844,Granby,Harrison County,MO,Kansas City Office
63943,Grandin,Harrison County,MO,Kansas City Office
64030,Grandview,Harrison County,MO,Kansas City Office
63442,Granger,Harrison County,MO,Kansas City Office
64456,Grant City,Harrison County,MO,Kansas City Office
65037,Gravois Mills,Harrison County,MO,Kansas City Office
63039,Gray Summit,Henry County,MO,Kansas City Office
63850,Grayridge,Henry County,MO,Kansas City Office
63544,Green Castle,Henry County,MO,Kansas City Office
63545,Green City,Henry County,MO,Kansas City Office
65332,Green Ridge,Henry County,MO,Kansas City Office
65661,Greenfield,Henry County,MO,Kansas City Office
63546,Greentop,Henry County,MO,Kansas City Office
63944,Greenville,Hickory County,MO,Kansas City Office
64034,Greenwood,Hickory County,MO,Kansas City Office
65662,Grovespring,Hickory County,MO,Kansas City Office
63041,Grubville,Hickory County,MO,Kansas City Office
64457,Guilford,Hickory County,MO,Kansas City Office
64643,Hale,Hickory County,MO,Kansas City Office
65663,Half Way,Hickory County,MO,Kansas City Office
65255,Hallsville,Hickory County,MO,Kansas City Office
65664,Halltown,Holt County,MO,Kansas City Office
64644,Hamilton,Holt County,MO,Kansas City Office
63401,Hannibal,Holt County,MO,Kansas City Office
65666,Hardenville,Holt County,MO,Kansas City Office
64035,Hardin,Holt County,MO,Kansas City Office
64645,Harris,Howard County,MO,St. Louis Office
65256,Harrisburg,Howard County,MO,St. Louis Office
64701,Harrisonville,Howard County,MO,St. Louis Office
65039,Hartsburg,Howard County,MO,St. Louis Office
65479,Hartshorn,Howard County,MO,St. Louis Office
65667,Hartville,Howell County,MO,St. Louis Office
63945,Harviell,Howell County,MO,St. Louis Office
64750,Harwood,Howell County,MO,St. Louis Office
64458,Hatfield,Howell County,MO,St. Louis Office
63349,Hawk Point,Howell County,MO,St. Louis Office
63851,Hayti,Howell County,MO,St. Louis Office
63042,Hazelwood,Howell County,MO,St. Louis Office
64459,Helena,Howell County,MO,St. Louis Office
63047,Hematite,Howell County,MO,St. Louis Office
65040,Henley,Iron County,MO,St. Louis Office
64036,Henrietta,Iron County,MO,St. Louis Office
63048,Herculaneum,Iron County,MO,St. Louis Office
65041,Hermann,Iron County,MO,St. Louis Office
65668,Hermitage,Iron County,MO,St. Louis Office
65257,Higbee,Iron County,MO,St. Louis Office
64037,Higginsville,Iron County,MO,St. Louis Office
63350,High Hill,Iron County,MO,St. Louis Office
65042,High Point,Iron County,MO,St. Louis Office
63049,High Ridge,Iron County,MO,St. Louis Office
65669,Highlandville,Jackson County,MO,Kansas City Office
63050,Hillsboro,Jackson County,MO,Kansas City Office
63852,Holcomb,Jackson County,MO,Kansas City Office
64040,Holden,Jackson County,MO,Kansas City Office
63853,Holland,Jackson County,MO,Kansas City Office
65258,Holliday,Jackson County,MO,Kansas City Office
65672,Hollister,Jackson County,MO,Kansas City Office
65673,Hollister,Jackson County,MO,Kansas City Office
64048,Holt,Jackson County,MO,Kansas City Office
65043,Holts Summit,Jackson County,MO,Kansas City Office
64461,Hopkins,Jackson County,MO,Kansas City Office
63855,Hornersville,Jackson County,MO,Kansas City Office
63051,House Springs,Jackson County,MO,Kansas City Office
65483,Houston,Jackson County,MO,Kansas City Office
65333,Houstonia,Jackson County,MO,Kansas City Office
65484,Huggins,Jackson County,MO,Kansas City Office
65334,Hughesville,Jackson County,MO,Kansas City Office
65674,Humansville,Jackson County,MO,Kansas City Office
64752,Hume,Jackson County,MO,Kansas City Office
64646,Humphreys,Jackson County,MO,Kansas City Office
63443,Hunnewell,Jackson County,MO,Kansas City Office
65259,Huntsville,Jackson County,MO,Kansas City Office
63547,Hurdland,Jackson County,MO,Kansas City Office
65675,Hurley,Jackson County,MO,Kansas City Office
65486,Iberia,Jackson County,MO,Kansas City Office
63052,Imperial,Jackson County,MO,Kansas City Office
64050,Independence,Jackson County,MO,Kansas City Office
64051,Independence,Jackson County,MO,Kansas City Office
64052,Independence,Jackson County,MO,Kansas City Office
64053,Independence,Jackson County,MO,Kansas City Office
64054,Independence,Jackson County,MO,Kansas City Office
64055,Independence,Jackson County,MO,Kansas City Office
64056,Independence,Jackson County,MO,Kansas City Office
64057,Independence,Jackson County,MO,Kansas City Office
64058,Independence,Jackson County,MO,Kansas City Office
65335,Ionia,Jackson County,MO,Kansas City Office
63648,Irondale,Jackson County,MO,Kansas City Office
63650,Ironton,Jackson County,MO,Kansas City Office
65676,Isabella,Jackson County,MO,Kansas City Office
63755,Jackson,Jackson County,MO,Kansas City Office
65260,Jacksonville,Jackson County,MO,Kansas City Office
65501,Jadwin,Jackson County,MO,Kansas City Office
64647,Jameson,Jackson County,MO,Kansas City Office
64648,Jamesport,Jackson County,MO,Kansas City Office
65046,Jamestown,Jackson County,MO,Kansas City Office
64755,Jasper,Jackson County,MO,Kansas City Office
65101,Jefferson City,Jackson County,MO,Kansas City Office
65102,Jefferson City,Jackson County,MO,Kansas City Office
65103,Jefferson City,Jackson County,MO,Kansas City Office
65104,Jefferson City,Jackson County,MO,Kansas City Office
65105,Jefferson City,Jackson County,MO,Kansas City Office
65106,Jefferson City,Jackson County,MO,Kansas City Office
65107,Jefferson City,Jackson County,MO,Kansas City Office
65108,Jefferson City,Jackson County,MO,Kansas City Office
65109,Jefferson City,Jackson County,MO,Kansas City Office
65110,Jefferson City,Jackson County,MO,Kansas City Office
65111,Jefferson City,Jackson County,MO,Kansas City Office
64756,Jerico Springs,Jackson County,MO,Kansas City Office
65529,Jerome,Jackson County,MO,Kansas City Office
63351,Jonesburg,Jackson County,MO,Kansas City Office
64801,Joplin,Jackson County,MO,Kansas City Office
64802,Joplin,Jackson County,MO,Kansas City Office
64803,Joplin,Jackson County,MO,Kansas City Office
64804,Joplin,Jackson County,MO,Kansas City Office
63445,Kahoka,Jackson County,MO,Kansas City Office
65047,Kaiser,Jackson County,MO,Kansas City Office
64101,Kansas City,Jackson County,MO,Kansas City Office
64102,Kansas City,Jackson County,MO,Kansas City Office
64105,Kansas City,Jackson County,MO,Kansas City Office
64106,Kansas City,Jackson County,MO,Kansas City Office
64108,Kansas City,Jackson County,MO,Kansas City Office
64109,Kansas City,Jackson County,MO,Kansas City Office
64110,Kansas City,Jackson County,MO,Kansas City Office
64111,Kansas City,Jackson County,MO,Kansas City Office
64112,Kansas City,Jackson County,MO,Kansas City Office
64113,Kansas City,Jackson County,MO,Kansas City Office
64114,Kansas City,Jackson County,MO,Kansas City Office
64116,Kansas City,Jackson County,MO,Kansas City Office
64117,Kansas City,Jackson County,MO,Kansas City Office
64118,Kansas City,Jackson County,MO,Kansas City Office
64119,Kansas City,Jackson County,MO,Kansas City Office
64120,Kansas City,Jackson County,MO,Kansas City Office
64121,Kansas City,Jackson County,MO,Kansas City Office
64123,Kansas City,Jackson County,MO,Kansas City Office
64124,Kansas City,Jackson County,MO,Kansas City Office
64125,Kansas City,Jackson County,MO,Kansas City Office
64126,Kansas City,Jasper County,MO,Kansas City Office
64127,Kansas City,Jasper County,MO,Kansas City Office
64128,Kansas City,Jasper County,MO,Kansas City Office
64129,Kansas City,Jasper County,MO,Kansas City Office
64130,Kansas City,Jasper County,MO,Kansas City Office
64131,Kansas City,Jasper County,MO,Kansas City Office
64132,Kansas City,Jasper County,MO,Kansas City Office
64133,Kansas City,Jasper County,MO,Kansas City Office
64134,Kansas City,Jasper County,MO,Kansas City Office
64136,Kansas City,Jasper County,MO,Kansas City Office
64137,Kansas City,Jasper County,MO,Kansas City Office
64138,Kansas City,Jasper County,MO,Kansas City Office
64139,Kansas City,Jasper County,MO,Kansas City Office
64141,Kansas City,Jasper County,MO,Kansas City Office
64144,Kansas City,Jasper County,MO,Kansas City Office
64145,Kansas City,Jasper County,MO,Kansas City Office
64146,Kansas City,Jasper County,MO,Kansas City Office
64147,Kansas City,Jasper County,MO,Kansas City Office
64148,Kansas City,Jasper County,MO,Kansas City Office
64149,Kansas City,Jefferson County,MO,St. Louis Office
64171,Kansas City,Jefferson County,MO,St. Louis Office
64172,Kansas City,Jefferson County,MO,St. Louis Office
64179,Kansas City,Jefferson County,MO,St. Louis Office
64180,Kansas City,Jefferson County,MO,St. Louis Office
64183,Kansas City,Jefferson County,MO,St. Louis Office
64184,Kansas City,Jefferson County,MO,St. Louis Office
64185,Kansas City,Jefferson County,MO,St. Louis Office
64187,Kansas City,Jefferson County,MO,St. Louis Office
64196,Kansas City,Jefferson County,MO,St. Louis Office
64197,Kansas City,Jefferson County,MO,St. Louis Office
64198,Kansas City,Jefferson County,MO,St. Louis Office
64199,Kansas City,Jefferson County,MO,St. Louis Office
64151,Kansas City,Jefferson County,MO,St. Louis Office
64152,Kansas City,Jefferson County,MO,St. Louis Office
64153,Kansas City,Jefferson County,MO,St. Louis Office
64154,Kansas City,Jefferson County,MO,St. Louis Office
64155,Kansas City,Jefferson County,MO,St. Louis Office
64156,Kansas City,Johnson County,MO,Kansas City Office
64157,Kansas City,Johnson County,MO,Kansas City Office
64158,Kansas City,Johnson County,MO,Kansas City Office
64161,Kansas City,Johnson County,MO,Kansas City Office
64162,Kansas City,Johnson County,MO,Kansas City Office
64163,Kansas City,Johnson County,MO,Kansas City Office
64164,Kansas City,Johnson County,MO,Kansas City Office
64165,Kansas City,Johnson County,MO,Kansas City Office
64166,Kansas City,Knox County,MO,St. Louis Office
64167,Kansas City,Knox County,MO,St. Louis Office
64168,Kansas City,Knox County,MO,St. Louis Office
64170,Kansas City,Knox County,MO,St. Louis Office
64188,Kansas City,Knox County,MO,St. Louis Office
64190,Kansas City,Knox County,MO,St. Louis Office
64191,Kansas City,Knox County,MO,St. Louis Office
64192,Kansas City,Laclede County,MO,Kansas City Office
64193,Kansas City,Laclede County,MO,Kansas City Office
64194,Kansas City,Laclede County,MO,Kansas City Office
64195,Kansas City,Laclede County,MO,Kansas City Office
64944,Kansas City,Laclede County,MO,Kansas City Office
64999,Kansas City,Laclede County,MO,Kansas City Office
64060,Kearney,Lafayette County,MO,Kansas City Office
63758,Kelso,Lafayette County,MO,Kansas City Office
63857,Kennett,Lafayette County,MO,Kansas City Office
63860,Kewanee,Lafayette County,MO,Kansas City Office
65261,Keytesville,Lafayette County,MO,Kansas City Office
64649,Kidder,Lafayette County,MO,Kansas City Office
65686,Kimberling City,Lafayette County,MO,Kansas City Office
63053,Kimmswick,Lafayette County,MO,Kansas City Office
64463,King City,Lafayette County,MO,Kansas City Office
65262,Kingdom City,Lafayette County,MO,Kansas City Office
64650,Kingston,Lafayette County,MO,Kansas City Office
64061,Kingsville,Lafayette County,MO,Kansas City Office
65679,Kirbyville,Lawrence County,MO,Kansas City Office
63501,Kirksville,Lawrence County,MO,Kansas City Office
65680,Kissee Mills,Lawrence County,MO,Kansas City Office
63651,Knob Lick,Lawrence County,MO,Kansas City Office
65336,Knob Noster,Lawrence County,MO,Kansas City Office
63446,Knox City,Lawrence County,MO,Kansas City Office
65048,Koeltztown,Lawrence County,MO,Kansas City Office
65692,Koshkonong,Lawrence County,MO,Kansas City Office
63447,La Belle,Lawrence County,MO,Kansas City Office
63448,La Grange,Lawrence County,MO,Kansas City Office
65337,La Monte,Lawrence County,MO,Kansas City Office
63549,La Plata,Lewis County,MO,St. Louis Office
64848,La Russell,Lewis County,MO,St. Louis Office
63055,Labadie,Lewis County,MO,St. Louis Office
64651,Laclede,Lewis County,MO,St. Louis Office
63352,Laddonia,Lewis County,MO,St. Louis Office
65049,Lake Ozark,Lewis County,MO,St. Louis Office
63367,Lake Saint Louis,Lewis County,MO,St. Louis Office
65532,Lake Spring,Lewis County,MO,St. Louis Office
64759,Lamar,Lincoln County,MO,St. Louis Office
65681,Lampe,Lincoln County,MO,St. Louis Office
64847,Lanagan,Lincoln County,MO,St. Louis Office
63548,Lancaster,Lincoln County,MO,St. Louis Office
65534,Laquey,Lincoln County,MO,St. Louis Office
64652,Laredo,Lincoln County,MO,St. Louis Office
65050,Latham,Lincoln County,MO,St. Louis Office
64465,Lathrop,Lincoln County,MO,St. Louis Office
65038,Laurie,Lincoln County,MO,St. Louis Office
64062,Lawson,Lincoln County,MO,St. Louis Office
72643,Lead Hill,Linn County,MO,St. Louis Office
63653,Leadwood,Linn County,MO,St. Louis Office
65535,Leasburg,Linn County,MO,St. Louis Office
65536,Lebanon,Linn County,MO,St. Louis Office
64063,Lees Summit,Linn County,MO,St. Louis Office
64064,Lees Summit,Linn County,MO,St. Louis Office
64065,Lees Summit,Linn County,MO,St. Louis Office
64081,Lees Summit,Linn County,MO,St. Louis Office
64082,Lees Summit,Linn County,MO,St. Louis Office
64086,Lees Summit,Livingston County,MO,St. Louis Office
64002,Lees Summit,Livingston County,MO,St. Louis Office
64761,Leeton,Livingston County,MO,St. Louis Office
65541,Lenox,Livingston County,MO,St. Louis Office
63450,Lentner,Livingston County,MO,St. Louis Office
63451,Leonard,Livingston County,MO,St. Louis Office
63760,Leopold,Livingston County,MO,St. Louis Office
63056,Leslie,Macon County,MO,St. Louis Office
63654,Lesterville,Macon County,MO,St. Louis Office
64066,Levasy,Macon County,MO,St. Louis Office
63452,Lewistown,Macon County,MO,St. Louis Office
64067,Lexington,Macon County,MO,St. Louis Office
64762,Liberal,Macon County,MO,St. Louis Office
64068,Liberty,Macon County,MO,St. Louis Office
64069,Liberty,Macon County,MO,St. Louis Office
65542,Licking,Macon County,MO,St. Louis Office
63057,Liguori,Macon County,MO,St. Louis Office
63862,Lilbourn,Madison County,MO,St. Louis Office
65338,Lincoln,Madison County,MO,St. Louis Office
65051,Linn,Maries County,MO,St. Louis Office
65052,Linn Creek,Maries County,MO,St. Louis Office
64653,Linneus,Maries County,MO,St. Louis Office
63551,Livonia,Maries County,MO,St. Louis Office
64654,Lock Springs,Maries County,MO,St. Louis Office
65682,Lockwood,Marion County,MO,St. Louis Office
63950,Lodi,Marion County,MO,St. Louis Office
65053,Lohman,Marion County,MO,St. Louis Office
64070,Lone Jack,Marion County,MO,St. Louis Office
63060,Lonedell,Marion County,MO,St. Louis Office
65590,Long Lane,McDonald County,MO,Kansas City Office
65054,Loose Creek,McDonald County,MO,Kansas City Office
65685,Louisburg,McDonald County,MO,Kansas City Office
63353,Louisiana,McDonald County,MO,Kansas City Office
63951,Lowndes,McDonald County,MO,Kansas City Office
64763,Lowry City,McDonald County,MO,Kansas City Office
64655,Lucerne,McDonald County,MO,Kansas City Office
64656,Ludlow,McDonald County,MO,Kansas City Office
63061,Luebbering,McDonald County,MO,Kansas City Office
63453,Luray,McDonald County,MO,Kansas City Office
65543,Lynchburg,Mercer County,MO,St. Louis Office
65786,Macks Creek,Mercer County,MO,St. Louis Office
65702,Macomb,Miller County,MO,St. Louis Office
63552,Macon,Miller County,MO,St. Louis Office
65263,Madison,Miller County,MO,St. Louis Office
64466,Maitland,Miller County,MO,St. Louis Office
63863,Malden,Miller County,MO,St. Louis Office
65339,Malta Bend,Miller County,MO,St. Louis Office
65704,Mansfield,Miller County,MO,St. Louis Office
63065,Mapaville,Miller County,MO,St. Louis Office
63764,Marble Hill,Miller County,MO,St. Louis Office
64658,Marceline,Mississippi County,MO,St. Louis Office
65705,Marionville,Mississippi County,MO,St. Louis Office
63655,Marquand,Mississippi County,MO,St. Louis Office
65340,Marshall,Mississippi County,MO,St. Louis Office
65706,Marshfield,Mississippi County,MO,St. Louis Office
63866,Marston,Mississippi County,MO,St. Louis Office
63357,Marthasville,Moniteau County,MO,St. Louis Office
65264,Martinsburg,Moniteau County,MO,St. Louis Office
64467,Martinsville,Moniteau County,MO,St. Louis Office
63043,Maryland Heights,Moniteau County,MO,St. Louis Office
64468,Maryville,Moniteau County,MO,St. Louis Office
63867,Matthews,Moniteau County,MO,St. Louis Office
64447,Maysville,Moniteau County,MO,St. Louis Office
64469,Maysville,Monroe County,MO,St. Louis Office
64071,Mayview,Monroe County,MO,St. Louis Office
63454,Maywood,Monroe County,MO,St. Louis Office
63776,Mc Bride,Monroe County,MO,St. Louis Office
65701,Mc Clurg,Monroe County,MO,St. Louis Office
64657,Mc Fall,Monroe County,MO,St. Louis Office
63763,Mc Gee,Montgomery County,MO,St. Louis Office
65055,Mc Girk,Montgomery County,MO,St. Louis Office
64659,Meadville,Montgomery County,MO,St. Louis Office
63555,Memphis,Montgomery County,MO,St. Louis Office
64660,Mendon,Montgomery County,MO,St. Louis Office
64661,Mercer,Montgomery County,MO,St. Louis Office
65058,Meta,Montgomery County,MO,St. Louis Office
64765,Metz,Montgomery County,MO,St. Louis Office
65265,Mexico,Morgan County,MO,St. Louis Office
65344,Miami,Morgan County,MO,St. Louis Office
63656,Middle Brook,Morgan County,MO,St. Louis Office
63359,Middletown,Morgan County,MO,St. Louis Office
63556,Milan,Morgan County,MO,St. Louis Office
64766,Milford,Morgan County,MO,St. Louis Office
63952,Mill Spring,Morgan County,MO,St. Louis Office
65707,Miller,Morgan County,MO,St. Louis Office
63766,Millersville,Morgan County,MO,St. Louis Office
64767,Milo,New Madrid County,MO,St. Louis Office
64769,Mindenmines,New Madrid County,MO,St. Louis Office
63660,Mineral Point,New Madrid County,MO,St. Louis Office
64072,Missouri City,New Madrid County,MO,St. Louis Office
65270,Moberly,New Madrid County,MO,St. Louis Office
65059,Mokane,New Madrid County,MO,St. Louis Office
65708,Monett,New Madrid County,MO,St. Louis Office
63456,Monroe City,New Madrid County,MO,St. Louis Office
63361,Montgomery City,New Madrid County,MO,St. Louis Office
63457,Monticello,New Madrid County,MO,St. Louis Office
65546,Montier,New Madrid County,MO,St. Louis Office
65591,Montreal,New Madrid County,MO,St. Louis Office
64770,Montrose,New Madrid County,MO,St. Louis Office
65777,Moody,Newton County,MO,Kansas City Office
64664,Mooresville,Newton County,MO,Kansas City Office
65345,Mora,Newton County,MO,Kansas City Office
63868,Morehouse,Newton County,MO,Kansas City Office
63767,Morley,Newton County,MO,Kansas City Office
65061,Morrison,Newton County,MO,Kansas City Office
65710,Morrisville,Newton County,MO,Kansas City Office
65645,Morrisville,Newton County,MO,Kansas City Office
63066,Morse Mill,Newton County,MO,Kansas City Office
64073,Mosby,Nodaway County,MO,Kansas City Office
63362,Moscow Mills,Nodaway County,MO,Kansas City Office
64470,Mound City,Nodaway County,MO,Kansas City Office
64771,Moundville,Nodaway County,MO,Kansas City Office
65062,Mount Sterling,Nodaway County,MO,Kansas City Office
65712,Mount Vernon,Nodaway County,MO,Kansas City Office
65711,Mountain Grove,Nodaway County,MO,Kansas City Office
65548,Mountain View,Nodaway County,MO,Kansas City Office
65778,Myrtle,Nodaway County,MO,Kansas City Office
64074,Napoleon,Nodaway County,MO,Kansas City Office
63953,Naylor,Nodaway County,MO,Kansas City Office
64849,Neck City,Nodaway County,MO,Kansas City Office
63954,Neelyville,Nodaway County,MO,Kansas City Office
65347,Nelson,Nodaway County,MO,Kansas City Office
64850,Neosho,Nodaway County,MO,Kansas City Office
64772,Nevada,Oregon County,MO,St. Louis Office
65063,New Bloomfield,Oregon County,MO,St. Louis Office
63557,New Boston,Oregon County,MO,St. Louis Office
63558,New Cambria,Oregon County,MO,St. Louis Office
63363,New Florence,Oregon County,MO,St. Louis Office
65274,New Franklin,Osage County,MO,St. Louis Office
64471,New Hampton,Osage County,MO,St. Louis Office
63068,New Haven,Osage County,MO,St. Louis Office
63459,New London,Osage County,MO,St. Louis Office
63869,New Madrid,Osage County,MO,St. Louis Office
63365,New Melle,Osage County,MO,St. Louis Office
63458,Newark,Osage County,MO,St. Louis Office
65550,Newburg,Osage County,MO,St. Louis Office
64853,Newtonia,Ozark County,MO,Kansas City Office
64667,Newtown,Ozark County,MO,Kansas City Office
65713,Niangua,Ozark County,MO,Kansas City Office
65714,Nixa,Ozark County,MO,Kansas City Office
65715,Noble,Ozark County,MO,Kansas City Office
64854,Noel,Ozark County,MO,Kansas City Office
64668,Norborne,Ozark County,MO,Kansas City Office
65717,Norwood,Ozark County,MO,Kansas City Office
63460,Novelty,Ozark County,MO,Kansas City Office
63559,Novinger,Ozark County,MO,Kansas City Office
63366,O Fallon,Ozark County,MO,Kansas City Office
63368,O Fallon,Ozark County,MO,Kansas City Office
64075,Oak Grove,Ozark County,MO,Kansas City Office
63769,Oak Ridge,Ozark County,MO,Kansas City Office
64076,Odessa,Ozark County,MO,Kansas City Office
63770,Old Appleton,Ozark County,MO,Kansas City Office
63369,Old Monroe,Pemiscot County,MO,St. Louis Office
65720,Oldfield,Pemiscot County,MO,St. Louis Office
65064,Olean,Pemiscot County,MO,St. Louis Office
63370,Olney,Pemiscot County,MO,St. Louis Office
63771,Oran,Pemiscot County,MO,St. Louis Office
64473,Oregon,Pemiscot County,MO,St. Louis Office
64855,Oronogo,Pemiscot County,MO,St. Louis Office
64077,Orrick,Pemiscot County,MO,St. Louis Office
65065,Osage Beach,Pemiscot County,MO,St. Louis Office
64474,Osborn,Perry County,MO,St. Louis Office
64776,Osceola,Perry County,MO,St. Louis Office
64789,Osceola,Perry County,MO,St. Louis Office
65348,Otterville,Perry County,MO,St. Louis Office
65066,Owensville,Perry County,MO,St. Louis Office
63955,Oxly,Perry County,MO,St. Louis Office
65721,Ozark,Perry County,MO,St. Louis Office
63069,Pacific,Pettis County,MO,St. Louis Office
63461,Palmyra,Pettis County,MO,St. Louis Office
65275,Paris,Pettis County,MO,St. Louis Office
63601,Park Hills,Pettis County,MO,St. Louis Office
63870,Parma,Pettis County,MO,St. Louis Office
64475,Parnell,Pettis County,MO,St. Louis Office
63956,Patterson,Pettis County,MO,St. Louis Office
63662,Patton,Pettis County,MO,St. Louis Office
64670,Pattonsburg,Phelps County,MO,St. Louis Office
65788,Peace Valley,Phelps County,MO,St. Louis Office
64078,Peculiar,Phelps County,MO,St. Louis Office
63774,Perkins,Phelps County,MO,St. Louis Office
63462,Perry,Phelps County,MO,St. Louis Office
63775,Perryville,Phelps County,MO,St. Louis Office
63070,Pevely,Phelps County,MO,St. Louis Office
63463,Philadelphia,Phelps County,MO,St. Louis Office
65722,Phillipsburg,Phelps County,MO,St. Louis Office
64476,Pickering,Pike County,MO,St. Louis Office
63957,Piedmont,Pike County,MO,St. Louis Office
65723,Pierce City,Pike County,MO,St. Louis Office
65276,Pilot Grove,Pike County,MO,St. Louis Office
63663,Pilot Knob,Pike County,MO,St. Louis Office
64856,Pineville,Pike County,MO,St. Louis Office
65724,Pittsburg,Pike County,MO,St. Louis Office
65552,Plato,Pike County,MO,St. Louis Office
64079,Platte City,Platte County,MO,Kansas City Office
64477,Plattsburg,Platte County,MO,Kansas City Office
64080,Pleasant Hill,Platte County,MO,Kansas City Office
65725,Pleasant Hope,Platte County,MO,Kansas City Office
63464,Plevna,Platte County,MO,Kansas City Office
63779,Pocahontas,Platte County,MO,Kansas City Office
65726,Point Lookout,Platte County,MO,Kansas City Office
65727,Polk,Platte County,MO,Kansas City Office
63560,Pollock,Platte County,MO,Kansas City Office
64671,Polo,Platte County,MO,Kansas City Office
65789,Pomona,Platte County,MO,Kansas City Office
65728,Ponce De Leon,Platte County,MO,Kansas City Office
65729,Pontiac,Platte County,MO,Kansas City Office
63901,Poplar Bluff,Platte County,MO,Kansas City Office
63902,Poplar Bluff,Polk County,MO,Kansas City Office
63373,Portage Des Sioux,Polk County,MO,Kansas City Office
63873,Portageville,Polk County,MO,Kansas City Office
65067,Portland,Polk County,MO,Kansas City Office
63664,Potosi,Polk County,MO,Kansas City Office
65790,Pottersville,Polk County,MO,Kansas City Office
65730,Powell,Polk County,MO,Kansas City Office
65731,Powersite,Polk County,MO,Kansas City Office
64672,Powersville,Polk County,MO,Kansas City Office
65068,Prairie Home,Polk County,MO,Kansas City Office
65732,Preston,Polk County,MO,Kansas City Office
64673,Princeton,Pulaski County,MO,St. Louis Office
65733,Protem,Pulaski County,MO,St. Louis Office
64857,Purcell,Pulaski County,MO,St. Louis Office
64674,Purdin,Pulaski County,MO,St. Louis Office
65734,Purdy,Pulaski County,MO,St. Louis Office
63960,Puxico,Pulaski County,MO,St. Louis Office
63561,Queen City,Pulaski County,MO,St. Louis Office
65735,Quincy,Pulaski County,MO,St. Louis Office
63961,Qulin,Putnam County,MO,St. Louis Office
64858,Racine,Putnam County,MO,St. Louis Office
64479,Ravenwood,Putnam County,MO,St. Louis Office
65555,Raymondville,Putnam County,MO,St. Louis Office
64083,Raymore,Putnam County,MO,St. Louis Office
64084,Rayville,Ralls County,MO,St. Louis Office
64480,Rea,Ralls County,MO,St. Louis Office
63665,Redford,Ralls County,MO,St. Louis Office
64859,Reeds,Ralls County,MO,St. Louis Office
65737,Reeds Spring,Randolph County,MO,St. Louis Office
65278,Renick,Randolph County,MO,St. Louis Office
65738,Republic,Randolph County,MO,St. Louis Office
63465,Revere,Randolph County,MO,St. Louis Office
63666,Reynolds,Randolph County,MO,St. Louis Office
65069,Rhineland,Randolph County,MO,St. Louis Office
64779,Rich Hill,Randolph County,MO,St. Louis Office
64778,Richards,Randolph County,MO,St. Louis Office
65556,Richland,Ray County,MO,Kansas City Office
64085,Richmond,Ray County,MO,Kansas City Office
63071,Richwoods,Ray County,MO,Kansas City Office
65739,Ridgedale,Ray County,MO,Kansas City Office
64481,Ridgeway,Ray County,MO,Kansas City Office
63874,Risco,Ray County,MO,Kansas City Office
64150,Riverside,Ray County,MO,Kansas City Office
63875,Rives,Reynolds County,MO,St. Louis Office
65787,Roach,Reynolds County,MO,St. Louis Office
63072,Robertsville,Reynolds County,MO,St. Louis Office
65557,Roby,Reynolds County,MO,St. Louis Office
65279,Rocheport,Reynolds County,MO,St. Louis Office
64482,Rock Port,Reynolds County,MO,St. Louis Office
65740,Rockaway Beach,Reynolds County,MO,St. Louis Office
65741,Rockbridge,Ripley County,MO,St. Louis Office
64780,Rockville,Ripley County,MO,St. Louis Office
64861,Rocky Comfort,Ripley County,MO,St. Louis Office
65072,Rocky Mount,Ripley County,MO,St. Louis Office
65742,Rogersville,Ripley County,MO,St. Louis Office
65402,Rolla,Ripley County,MO,St. Louis Office
65409,Rolla,Saline County,MO,St. Louis Office
65401,Rolla,Saline County,MO,St. Louis Office
63962,Rombauer,Saline County,MO,St. Louis Office
64781,Roscoe,Saline County,MO,St. Louis Office
63091,Rosebud,Saline County,MO,St. Louis Office
64483,Rosendale,Saline County,MO,St. Louis Office
64676,Rothville,Saline County,MO,St. Louis Office
65744,Rueter,Saline County,MO,St. Louis Office
65280,Rush Hill,Saline County,MO,St. Louis Office
64484,Rushville,Saline County,MO,St. Louis Office
65074,Russellville,Schuyler County,MO,St. Louis Office
63563,Rutledge,Schuyler County,MO,St. Louis Office
64864,Saginaw,Schuyler County,MO,St. Louis Office
63073,Saint Albans,Schuyler County,MO,St. Louis Office
63074,Saint Ann,Schuyler County,MO,St. Louis Office
63301,Saint Charles,Scotland County,MO,St. Louis Office
63302,Saint Charles,Scotland County,MO,St. Louis Office
63303,Saint Charles,Scotland County,MO,St. Louis Office
63304,Saint Charles,Scotland County,MO,St. Louis Office
63077,Saint Clair,Scotland County,MO,St. Louis Office
65075,Saint Elizabeth,Scott County,MO,St. Louis Office
65559,Saint James,Scott County,MO,St. Louis Office
64501,Saint Joseph,Scott County,MO,St. Louis Office
64502,Saint Joseph,Scott County,MO,St. Louis Office
64503,Saint Joseph,Scott County,MO,St. Louis Office
64504,Saint Joseph,Scott County,MO,St. Louis Office
64505,Saint Joseph,Scott County,MO,St. Louis Office
64506,Saint Joseph,Scott County,MO,St. Louis Office
64507,Saint Joseph,Scott County,MO,St. Louis Office
64508,Saint Joseph,Scott County,MO,St. Louis Office
63117,Saint Louis,Scott County,MO,St. Louis Office
63118,Saint Louis,Shannon County,MO,St. Louis Office
63119,Saint Louis,Shannon County,MO,St. Louis Office
63120,Saint Louis,Shannon County,MO,St. Louis Office
63121,Saint Louis,Shannon County,MO,St. Louis Office
63122,Saint Louis,Shelby County,MO,St. Louis Office
63123,Saint Louis,Shelby County,MO,St. Louis Office
63124,Saint Louis,Shelby County,MO,St. Louis Office
63125,Saint Louis,Shelby County,MO,St. Louis Office
63126,Saint Louis,Shelby County,MO,St. Louis Office
63127,Saint Louis,Shelby County,MO,St. Louis Office
63128,Saint Louis,Shelby County,MO,St. Louis Office
63129,Saint Louis,Shelby County,MO,St. Louis Office
63139,Saint Louis,St Francois County,MO,St. Louis Office
63140,Saint Louis,St Louis County,MO,St. Louis Office
63141,Saint Louis,St. Charles County,MO,St. Louis Office
63143,Saint Louis,St. Charles County,MO,St. Louis Office
63144,Saint Louis,St. Charles County,MO,St. Louis Office
63145,Saint Louis,St. Charles County,MO,St. Louis Office
63146,Saint Louis,St. Charles County,MO,St. Louis Office
63101,Saint Louis,St. Charles County,MO,St. Louis Office
63102,Saint Louis,St. Charles County,MO,St. Louis Office
63103,Saint Louis,St. Charles County,MO,St. Louis Office
63104,Saint Louis,St. Charles County,MO,St. Louis Office
63105,Saint Louis,St. Charles County,MO,St. Louis Office
63106,Saint Louis,St. Charles County,MO,St. Louis Office
63107,Saint Louis,St. Charles County,MO,St. Louis Office
63108,Saint Louis,St. Charles County,MO,St. Louis Office
63109,Saint Louis,St. Charles County,MO,St. Louis Office
63110,Saint Louis,St. Charles County,MO,St. Louis Office
63111,Saint Louis,St. Charles County,MO,St. Louis Office
63112,Saint Louis,St. Charles County,MO,St. Louis Office
63113,Saint Louis,St. Clair County,MO,Kansas City Office
63114,Saint Louis,St. Clair County,MO,Kansas City Office
63115,Saint Louis,St. Clair County,MO,Kansas City Office
63116,Saint Louis,St. Clair County,MO,Kansas City Office
63130,Saint Louis,St. Clair County,MO,Kansas City Office
63131,Saint Louis,St. Clair County,MO,Kansas City Office
63132,Saint Louis,St. Francois County,MO,St. Louis Office
63133,Saint Louis,St. Francois County,MO,St. Louis Office
63134,Saint Louis,St. Francois County,MO,St. Louis Office
63135,Saint Louis,St. Francois County,MO,St. Louis Office
63136,Saint Louis,St. Francois County,MO,St. Louis Office
63137,Saint Louis,St. Francois County,MO,St. Louis Office
63138,Saint Louis,St. Francois County,MO,St. Louis Office
63147,Saint Louis,St. Francois County,MO,St. Louis Office
63150,Saint Louis,St. Louis City,MO,St. Louis Office
63151,Saint Louis,St. Louis city,MO,St. Louis Office
63155,Saint Louis,St. Louis City,MO,St. Louis Office
63156,Saint Louis,St. Louis City,MO,St. Louis Office
63157,Saint Louis,St. Louis City,MO,St. Louis Office
63158,Saint Louis,St. Louis City,MO,St. Louis Office
63160,Saint Louis,St. Louis city,MO,St. Louis Office
63163,Saint Louis,St. Louis City,MO,St. Louis Office
63164,Saint Louis,St. Louis City,MO,St. Louis Office
63166,Saint Louis,St. Louis City,MO,St. Louis Office
63167,Saint Louis,St. Louis City,MO,St. Louis Office
63169,Saint Louis,St. Louis City,MO,St. Louis Office
63171,Saint Louis,St. Louis City,MO,St. Louis Office
63177, ,St. Louis City,MO,St. Louis Office
63178,Saint Louis,St. Louis City,MO,St. Louis Office
63179,Saint Louis,St. Louis City,MO,St. Louis Office
63180,Saint Louis,St. Louis City,MO,St. Louis Office
63182,Saint Louis,St. Louis City,MO,St. Louis Office
63188,Saint Louis,St. Louis City,MO,St. Louis Office
63190,Saint Louis,St. Louis City,MO,St. Louis Office
63195,Saint Louis,St. Louis city,MO,St. Louis Office
63196,Saint Louis,St. Louis City,MO,St. Louis Office
63197,Saint Louis,St. Louis city,MO,St. Louis Office
63198,Saint Louis,St. Louis City,MO,St. Louis Office
63199,Saint Louis,St. Louis City,MO,St. Louis Office
63673,Saint Mary,St. Louis city,MO,St. Louis Office
63466,Saint Patrick,St. Louis City,MO,St. Louis Office
63376,Saint Peters,St. Louis city,MO,St. Louis Office
65584,Saint Robert,St. Louis city,MO,St. Louis Office
65076,Saint Thomas,St. Louis city,MO,St. Louis Office
63670,Sainte Genevieve,St. Louis city,MO,St. Louis Office
65560,Salem,St. Louis city,MO,St. Louis Office
65281,Salisbury,St. Louis city,MO,St. Louis Office
65282,Santa Fe,St. Louis city,MO,St. Louis Office
64862,Sarcoxie,St. Louis city,MO,St. Louis Office
64485,Savannah,St. Louis city,MO,St. Louis Office
63467,Saverton,St. Louis City,MO,St. Louis Office
64783,Schell City,St. Louis city,MO,St. Louis Office
63780,Scott City,St. Louis city,MO,St. Louis Office
65301,Sedalia,St. Louis city,MO,St. Louis Office
65302,Sedalia,St. Louis city,MO,St. Louis Office
63781,Sedgewickville,St. Louis City,MO,St. Louis Office
65745,Seligman,St. Louis city,MO,St. Louis Office
63876,Senath,St. Louis County,MO,St. Louis Office
64865,Seneca,St. Louis County,MO,St. Louis Office
65746,Seymour,St. Louis County,MO,St. Louis Office
63468,Shelbina,St. Louis County,MO,St. Louis Office
63469,Shelbyville,St. Louis County,MO,St. Louis Office
64784,Sheldon,St. Louis County,MO,St. Louis Office
65747,Shell Knob,St. Louis County,MO,St. Louis Office
64486,Sheridan,St. Louis County,MO,St. Louis Office
63963,Shook,St. Louis County,MO,St. Louis Office
64088,Sibley,St. Louis County,MO,St. Louis Office
63801,Sikeston,St. Louis County,MO,St. Louis Office
63377,Silex,St. Louis County,MO,St. Louis Office
63964,Silva,St. Louis County,MO,St. Louis Office
64487,Skidmore,St. Louis County,MO,St. Louis Office
65349,Slater,St. Louis County,MO,St. Louis Office
65350,Smithton,St. Louis County,MO,St. Louis Office
64089,Smithville,St. Louis County,MO,St. Louis Office
65564,Solo,St. Louis County,MO,St. Louis Office
65776,South Fork,St. Louis County,MO,St. Louis Office
65752,South Greenfield,St. Louis County,MO,St. Louis Office
64863,South West City,St. Louis County,MO,St. Louis Office
65753,Sparta,St. Louis County,MO,St. Louis Office
64679,Spickard,St. Louis County,MO,St. Louis Office
65754,Spokane,St. Louis County,MO,St. Louis Office
65801,Springfield,St. Louis County,MO,St. Louis Office
65802,Springfield,St. Louis County,MO,St. Louis Office
65803,Springfield,St. Louis County,MO,St. Louis Office
65804,Springfield,St. Louis County,MO,St. Louis Office
65805,Springfield,St. Louis County,MO,St. Louis Office
65806,Springfield,St. Louis County,MO,St. Louis Office
65807,Springfield,St. Louis County,MO,St. Louis Office
65808,Springfield,St. Louis County,MO,St. Louis Office
65809,Springfield,St. Louis County,MO,St. Louis Office
65810,Springfield,St. Louis County,MO,St. Louis Office
65814,Springfield,St. Louis County,MO,St. Louis Office
65817,Springfield,St. Louis County,MO,St. Louis Office
65890,Springfield,St. Louis County,MO,St. Louis Office
65897,Springfield,St. Louis County,MO,St. Louis Office
65898,Springfield,St. Louis County,MO,St. Louis Office
65899,Springfield,St. Louis County,MO,St. Louis Office
65755,Squires,St. Louis County,MO,St. Louis Office
64489,Stanberry,St. Louis County,MO,St. Louis Office
63079,Stanton,St. Louis County,MO,St. Louis Office
64866,Stark City,St. Louis County,MO,St. Louis Office
65077,Steedman,St. Louis County,MO,St. Louis Office
63877,Steele,St. Louis County,MO,St. Louis Office
65565,Steelville,St. Louis County,MO,St. Louis Office
64867,Stella,St. Louis County,MO,St. Louis Office
64680,Stet,St. Louis County,MO,St. Louis Office
64490,Stewartsville,St. Louis County,MO,St. Louis Office
65785,Stockton,Ste. Genevieve County,MO,St. Louis Office
65756,Stotts City,Ste. Genevieve County,MO,St. Louis Office
65567,Stoutland,Ste. Genevieve County,MO,St. Louis Office
65283,Stoutsville,Stoddard County,MO,St. Louis Office
65078,Stover,Stoddard County,MO,St. Louis Office
65757,Strafford,Stoddard County,MO,St. Louis Office
64090,Strasburg,Stoddard County,MO,St. Louis Office
63782,Sturdivant,Stoddard County,MO,St. Louis Office
65284,Sturgeon,Stoddard County,MO,St. Louis Office
65570,Success,Stoddard County,MO,St. Louis Office
63080,Sullivan,Stoddard County,MO,St. Louis Office
65571,Summersville,Stoddard County,MO,St. Louis Office
64681,Sumner,Stoddard County,MO,St. Louis Office
65079,Sunrise Beach,Stone County,MO,Kansas City Office
65351,Sweet Springs,Stone County,MO,Kansas City Office
65354,Syracuse,Stone County,MO,Kansas City Office
63878,Tallapoosa,Stone County,MO,Kansas City Office
65759,Taneyville,Stone County,MO,Kansas City Office
64491,Tarkio,Stone County,MO,Kansas City Office
63471,Taylor,Stone County,MO,Kansas City Office
65080,Tebbetts,Stone County,MO,Kansas City Office
65760,Tecumseh,Stone County,MO,Kansas City Office
65791,Thayer,Sullivan County,MO,St. Louis Office
65761,Theodosia,Sullivan County,MO,St. Louis Office
65285,Thompson,Sullivan County,MO,St. Louis Office
65762,Thornfield,Sullivan County,MO,St. Louis Office
63674,Tiff,Sullivan County,MO,St. Louis Office
64868,Tiff City,Sullivan County,MO,St. Louis Office
64682,Tina,Sullivan County,MO,St. Louis Office
65081,Tipton,Sullivan County,MO,St. Louis Office
63378,Treloar,Taney County,MO,Kansas City Office
64683,Trenton,Taney County,MO,Kansas City Office
64492,Trimble,Taney County,MO,Kansas City Office
65286,Triplett,Taney County,MO,Kansas City Office
63379,Troy,Taney County,MO,Kansas City Office
63380,Truesdale,Taney County,MO,Kansas City Office
63381,Truxton,Taney County,MO,Kansas City Office
65764,Tunas,Taney County,MO,Kansas City Office
65765,Turners,Taney County,MO,Kansas City Office
64493,Turney,Taney County,MO,Kansas City Office
65082,Tuscumbia,Taney County,MO,Kansas City Office
65766,Udall,Taney County,MO,Kansas City Office
65083,Ulman,Taney County,MO,Kansas City Office
63084,Union,Taney County,MO,Kansas City Office
64494,Union Star,Taney County,MO,Kansas City Office
63783,Uniontown,Taney County,MO,Kansas City Office
63565,Unionville,Taney County,MO,Kansas City Office
65767,Urbana,Taney County,MO,Kansas City Office
64788,Urich,Texas County,MO,St. Louis Office
64686,Utica,Texas County,MO,St. Louis Office
63087,Valles Mines,Texas County,MO,St. Louis Office
63088,Valley Park,Texas County,MO,St. Louis Office
63965,Van Buren,Texas County,MO,St. Louis Office
63382,Vandalia,Texas County,MO,St. Louis Office
63784,Vanduser,Texas County,MO,St. Louis Office
65768,Vanzant,Texas County,MO,St. Louis Office
65769,Verona,Texas County,MO,St. Louis Office
65084,Versailles,Texas County,MO,St. Louis Office
65566,Viburnum,Texas County,MO,St. Louis Office
65580,Vichy,Texas County,MO,St. Louis Office
65582,Vienna,Texas County,MO,St. Louis Office
63089,Villa Ridge,Texas County,MO,St. Louis Office
63675,Vulcan,Texas County,MO,St. Louis Office
64869,Waco,Vernon County,MO,Kansas City Office
64092,Waldron,Vernon County,MO,Kansas City Office
64790,Walker,Vernon County,MO,Kansas City Office
65770,Walnut Grove,Vernon County,MO,Kansas City Office
65771,Walnut Shade,Vernon County,MO,Kansas City Office
63966,Wappapello,Vernon County,MO,Kansas City Office
63879,Wardell,Vernon County,MO,Kansas City Office
64093,Warrensburg,Vernon County,MO,Kansas City Office
63383,Warrenton,Vernon County,MO,Kansas City Office
65355,Warsaw,Vernon County,MO,Kansas City Office
65772,Washburn,Vernon County,MO,Kansas City Office
63090,Washington,Warren County,MO,St. Louis Office
65773,Wasola,Warren County,MO,St. Louis Office
64496,Watson,Warren County,MO,St. Louis Office
64096,Waverly,Warren County,MO,St. Louis Office
63472,Wayland,Warren County,MO,St. Louis Office
65583,Waynesville,Warren County,MO,St. Louis Office
64497,Weatherby,Warren County,MO,St. Louis Office
65774,Weaubleau,Washington County,MO,St. Louis Office
64870,Webb City,Washington County,MO,St. Louis Office
64097,Wellington,Washington County,MO,St. Louis Office
63384,Wellsville,Washington County,MO,St. Louis Office
64873,Wentworth,Washington County,MO,St. Louis Office
63385,Wentzville,Washington County,MO,St. Louis Office
65586,Wesco,Washington County,MO,St. Louis Office
63386,West Alton,Washington County,MO,St. Louis Office
65775,West Plains,Washington County,MO,St. Louis Office
64498,Westboro,Washington County,MO,St. Louis Office
64098,Weston,Wayne County,MO,St. Louis Office
65085,Westphalia,Wayne County,MO,St. Louis Office
65779,Wheatland,Wayne County,MO,St. Louis Office
64874,Wheaton,Wayne County,MO,St. Louis Office
64688,Wheeling,Wayne County,MO,St. Louis Office
65305,Whiteman Air Force Base,Wayne County,MO,St. Louis Office
63880,Whiteoak,Wayne County,MO,St. Louis Office
63387,Whiteside,Wayne County,MO,St. Louis Office
63785,Whitewater,Wayne County,MO,St. Louis Office
63038,Wildwood,Wayne County,MO,St. Louis Office
63040,Wildwood,Wayne County,MO,St. Louis Office
65781,Willard,Wayne County,MO,St. Louis Office
63388,Williamsburg,Wayne County,MO,St. Louis Office
63473,Williamstown,Webster County,MO,Kansas City Office
63967,Williamsville,Webster County,MO,Kansas City Office
65793,Willow Springs,Webster County,MO,Kansas City Office
65360,Windsor,Webster County,MO,Kansas City Office
65783,Windyville,Webster County,MO,Kansas City Office
63389,Winfield,Webster County,MO,Kansas City Office
63566,Winigan,Webster County,MO,Kansas City Office
65588,Winona,Worth County,MO,Kansas City Office
64689,Winston,Worth County,MO,Kansas City Office
63881,Wolf Island,Worth County,MO,Kansas City Office
65287,Wooldridge,Worth County,MO,Kansas City Office
64499,Worth,Worth County,MO,Kansas City Office
63567,Worthington,Wright County,MO,Kansas City Office
63390,Wright City,Wright County,MO,Kansas City Office
63474,Wyaconda,Wright County,MO,Kansas City Office
63882,Wyatt,Wright County,MO,Kansas City Office
65589,Yukon,Wright County,MO,Kansas City Office
63787,Zalma,Wright County,MO,Kansas City Office
65784,Zanoni,Wright County,MO,Kansas City Office
,The Woodlands,,TX,Houston Office
,Jersey Village,,TX,Houston Office
,Murphy,,TX,Dallas Office
,Szn Jose,,CA,Bay Area Office
,Trophy Club,,TX,Dallas Office
,North Chesterfield,,VA,Richmond Office
,Foster City,,CA,Bay Area Office
,Flowermound,,TX,Dallas Office
,Farmers Branch,,TX,Dallas Office
,Davie,,FL,Miami Office
,Raytown,,MO,Kansas City Office
,Northlake,,TX,Dallas Office
,Plumas Lake,,CA,Sacramento Office
,Miami Springs,,FL,Miami Office
,Parker,,TX,Dallas Office
,Mountain House,,CA,Sacramento Office
,Sunrise,,FL,Miami Office
,Miramar,,FL,Miami Office
